id,domain,source,page_title,status,blacklisted,blacklist_reason,discovered_at,screenshot_at
9458,"gaswize.com","DigiCert Wyvern2026h2","",pending,0,"",2026-07-18 15:47:45,
9457,"www.emmanuelle-jude.com","DigiCert Wyvern2026h2","",pending,0,"",2026-07-18 15:47:45,
9456,"ohmnamohnarayan.org","DigiCert Wyvern2026h2","",pending,0,"",2026-07-18 15:47:45,
9455,"centraldigitaldirection.com","DigiCert Wyvern2026h2","",pending,0,"",2026-07-18 15:47:45,
9454,"mondocument.ddns.net","DigiCert Wyvern2026h2","",pending,0,"",2026-07-18 15:47:45,
9453,"happinessintelligence.com","DigiCert Wyvern2026h2","",pending,0,"",2026-07-18 15:47:45,
9452,"adcnas83.direct.quickconnect.to","DigiCert Wyvern2026h2","",pending,0,"",2026-07-18 15:47:45,
9451,"www.curtismitchell.dev","DigiCert Wyvern2026h2","",pending,0,"",2026-07-18 15:47:45,
9450,"host.optikl.ink","DigiCert Wyvern2026h2","",pending,0,"",2026-07-18 15:47:45,
9449,"alarms.dentelin.it","DigiCert Wyvern2026h2","",pending,0,"",2026-07-18 15:47:45,
9448,"kamilawolar.com","DigiCert Wyvern2026h2","",pending,0,"",2026-07-18 15:47:45,
9447,"oik.li","DigiCert Wyvern2026h2","",pending,0,"",2026-07-18 15:47:45,
9446,"getyourcab.com","DigiCert Wyvern2026h2","",pending,0,"",2026-07-18 15:47:45,
9445,"bransonbowen.com","DigiCert Wyvern2026h2","",pending,0,"",2026-07-18 15:47:45,
9444,"deadline-bpi.com.ph","DigiCert Wyvern2026h2","",pending,0,"",2026-07-18 15:47:45,
9443,"www.loceeer.tkamol.sa","DigiCert Wyvern2026h2","",pending,0,"",2026-07-18 15:47:45,
9442,"supcou.net","DigiCert Wyvern2026h2","",pending,0,"",2026-07-18 15:47:45,
9441,"ctkimball.com","DigiCert Wyvern2026h2","",pending,0,"",2026-07-18 15:47:45,
9440,"82w1.com.ph","DigiCert Wyvern2026h2","",pending,0,"",2026-07-18 15:47:45,
9439,"smn24.ir","DigiCert Wyvern2026h2","",pending,0,"",2026-07-18 15:47:45,
9438,"pop3.sautechmonitoring.co.za","DigiCert Wyvern2026h2","",pending,0,"",2026-07-18 15:47:45,
9437,"brittneyjbright.com","DigiCert Wyvern2026h2","",pending,0,"",2026-07-18 15:47:45,
9436,"blog.camillusads.com","DigiCert Wyvern2026h2","",pending,0,"",2026-07-18 15:47:45,
9435,"centralhaninge.org","DigiCert Wyvern2026h2","",pending,0,"",2026-07-18 15:47:45,
9434,"flow-fusion-bindings.pages.dev","DigiCert Wyvern2026h2","",pending,0,"",2026-07-18 15:47:45,
9433,"webmail.jcruffier.com","DigiCert Wyvern2026h2","",pending,0,"",2026-07-18 15:47:45,
9432,"webdisk.jcruffier.com","DigiCert Wyvern2026h2","",pending,0,"",2026-07-18 15:47:45,
9431,"mail.jcruffier.com","DigiCert Wyvern2026h2","",pending,0,"",2026-07-18 15:47:45,
9430,"jcruffier.com.internationaldelinquent.com","DigiCert Wyvern2026h2","",pending,0,"",2026-07-18 15:47:45,
9429,"jcruffier.com","DigiCert Wyvern2026h2","",pending,0,"",2026-07-18 15:47:45,
9428,"cpcontacts.jcruffier.com","DigiCert Wyvern2026h2","",pending,0,"",2026-07-18 15:47:45,
9427,"cpcalendars.jcruffier.com","DigiCert Wyvern2026h2","",pending,0,"",2026-07-18 15:47:45,
9426,"cpanel.jcruffier.com","DigiCert Wyvern2026h2","",pending,0,"",2026-07-18 15:47:45,
9425,"www.smtconsult.com","DigiCert Wyvern2026h2","",pending,0,"",2026-07-18 15:47:45,
9424,"angelique-tassistro.com","DigiCert Wyvern2026h2","",pending,0,"",2026-07-18 15:47:45,
9423,"investorgalnik.com","DigiCert Wyvern2026h2","",pending,0,"",2026-07-18 15:47:45,
9422,"www.yorkshirecarkeys.co.uk","DigiCert Wyvern2026h2","",pending,0,"",2026-07-18 15:47:45,
9421,"mail.yorkshirecarkeys.co.uk","DigiCert Wyvern2026h2","",pending,0,"",2026-07-18 15:47:45,
9420,"cpanel.yorkshirecarkeys.co.uk","DigiCert Wyvern2026h2","",pending,0,"",2026-07-18 15:47:45,
9419,"www.bolton.llc","DigiCert Wyvern2026h2","",pending,0,"",2026-07-18 15:47:45,
9418,"kipoai.com","DigiCert Wyvern2026h2","",pending,0,"",2026-07-18 15:47:45,
9417,"www.foxstreetbakingco.com","DigiCert Wyvern2026h2","",pending,0,"",2026-07-18 15:47:45,
9416,"open-webui.nickpmcmahon.com","DigiCert Wyvern2026h2","",pending,0,"",2026-07-18 15:47:45,
9415,"www.angslontonfine.com.ph","DigiCert Wyvern2026h2","",pending,0,"",2026-07-18 15:47:45,
9414,"anewtreat.com","DigiCert Wyvern2026h2","",pending,0,"",2026-07-18 15:47:45,
9413,"www.centralinoautomatico.it","DigiCert Wyvern2026h2","",pending,0,"",2026-07-18 15:47:45,
9412,"newsercar.seracargo.com","DigiCert Wyvern2026h2","",pending,0,"",2026-07-18 15:47:45,
9411,"googlle001.com","DigiCert Wyvern2026h2","",pending,0,"",2026-07-18 15:47:45,
9410,"doglonega.com","DigiCert Wyvern2026h2","",pending,0,"",2026-07-18 15:47:45,
9409,"ideal-bauen.de","DigiCert Wyvern2026h2","",pending,0,"",2026-07-18 15:47:45,
9408,"apinsight.ibhldr.com","DigiCert Wyvern2026h2","",pending,0,"",2026-07-18 15:47:45,
9407,"www.splotchfitness.com","DigiCert Wyvern2026h2","",pending,0,"",2026-07-18 15:47:45,
9406,"griffingoing.com","DigiCert Wyvern2026h2","",pending,0,"",2026-07-18 15:47:45,
9405,"www.greencastlellc.com","DigiCert Wyvern2026h2","",pending,0,"",2026-07-18 15:47:45,
9404,"www.scoop-wise.com","DigiCert Wyvern2026h2","",pending,0,"",2026-07-18 15:47:45,
9403,"maddy-raven.com","DigiCert Wyvern2026h2","",pending,0,"",2026-07-18 15:47:45,
9402,"www.jkbootsoutdoors.com","DigiCert Wyvern2026h2","",pending,0,"",2026-07-18 15:47:45,
9401,"www.houstonpearce.com","DigiCert Wyvern2026h2","",pending,0,"",2026-07-18 15:47:45,
9400,"eyantang.com","DigiCert Wyvern2026h2","",pending,0,"",2026-07-18 15:47:45,
9399,"5kge0-jk60j-ke40-gk654.yinydnkhjrpqbdt.com","DigiCert Wyvern2026h2","",pending,0,"",2026-07-18 15:47:45,
9398,"www.dc4eu.trustfabric.hexaa.eu","DigiCert Wyvern2026h2","",pending,0,"",2026-07-18 15:47:45,
9397,"dm.funnymoment.net","DigiCert Wyvern2026h2","",pending,0,"",2026-07-18 15:47:45,
9396,"barischeese.com","DigiCert Wyvern2026h2","",pending,0,"",2026-07-18 15:47:45,
9395,"tapatiomexicangrill2mo.com","DigiCert Wyvern2026h2","",pending,0,"",2026-07-18 15:47:45,
9394,"goislandstream.com","DigiCert Wyvern2026h2","",pending,0,"",2026-07-18 15:47:45,
9393,"aneolia.enwo.dev","DigiCert Wyvern2026h2","",pending,0,"",2026-07-18 15:47:45,
9392,"koumafcargo.com","DigiCert Wyvern2026h2","",pending,0,"",2026-07-18 15:47:45,
9391,"status.boogyman.app","DigiCert Wyvern2026h2","",pending,0,"",2026-07-18 15:47:45,
9390,"landing.boogyman.app","DigiCert Wyvern2026h2","",pending,0,"",2026-07-18 15:47:45,
9389,"io-boogyman.boogyman.app","DigiCert Wyvern2026h2","",pending,0,"",2026-07-18 15:47:45,
9388,"dev-boogyman.boogyman.app","DigiCert Wyvern2026h2","",pending,0,"",2026-07-18 15:47:45,
9387,"boogyman.io","DigiCert Wyvern2026h2","",pending,0,"",2026-07-18 15:47:45,
9386,"boogyman.dev","DigiCert Wyvern2026h2","",pending,0,"",2026-07-18 15:47:45,
9385,"onlinetransformarb2b.com","DigiCert Wyvern2026h2","",pending,0,"",2026-07-18 15:47:45,
9384,"wdoms-n-si8vkv5ecr1oheid5m1e.prd.workdaysuvcareers.com","DigiCert Wyvern2026h2","",pending,0,"",2026-07-18 15:47:45,
9383,"aa72ca00c106084683546973.netcraze.io","DigiCert Wyvern2026h2","",pending,0,"",2026-07-18 15:47:45,
9382,"lalira.store","DigiCert Wyvern2026h2","",pending,0,"",2026-07-18 15:47:45,
9381,"happyhourliquor.com","DigiCert Wyvern2026h2","",pending,0,"",2026-07-18 15:47:45,
9380,"estateplanningdirect.co.uk","DigiCert Wyvern2026h2","",pending,0,"",2026-07-18 15:47:45,
9379,"the8figureplaybook.com","DigiCert Wyvern2026h2","",pending,0,"",2026-07-18 15:47:45,
9378,"pos-trials.dev.whoop.com","DigiCert Wyvern2026h2","",pending,0,"",2026-07-18 15:47:45,
9377,"averyplewes.com","DigiCert Wyvern2026h2","",pending,0,"",2026-07-18 15:47:45,
9376,"cosmicsummary.trafficmanager.net","DigiCert Wyvern2026h2","",pending,0,"",2026-07-18 15:47:45,
9375,"pridecentrestore.commercehq.com","DigiCert Wyvern2026h2","",pending,0,"",2026-07-18 15:47:45,
9374,"howtooptout.com","DigiCert Wyvern2026h2","",pending,0,"",2026-07-18 15:47:45,
9373,"ghostwarfare.com","DigiCert Wyvern2026h2","",pending,0,"",2026-07-18 15:47:45,
9372,"www.prolly.vip","DigiCert Wyvern2026h2","",pending,0,"",2026-07-18 15:47:45,
9371,"www.cwt6.ngo.ph","DigiCert Wyvern2026h2","",pending,0,"",2026-07-18 15:47:45,
9370,"www.boulevrd.com","Google Argon2027h1","",pending,0,"",2026-07-18 15:47:42,
9369,"www.garagedoorrepair-woodlake-ca.com","Google Argon2027h1","",pending,0,"",2026-07-18 15:47:42,
9368,"allisonpr.fr","Google Argon2027h1","",pending,0,"",2026-07-18 15:47:42,
9361,"apollo.thestoryshack.co","Google Argon2026h2","apollo.thestoryshack.co",screenshot,0,"",2026-07-18 15:47:42,2026-07-18 15:48:00
9360,"gooficialatendimento.sbs","Google Argon2026h2","",pending,0,"",2026-07-18 15:47:42,
9359,"www.oasisbycrestwoodcommunities.com","Google Argon2026h2","Home | Oasis by CrestWood",screenshot,1,"powered by",2026-07-18 15:47:42,2026-07-18 15:48:01
9358,"rest-park.ru","Google Argon2026h2","",pending,0,"",2026-07-18 15:47:42,
9357,"whm.mvd.t0rpwww.srmhgupdate.gbupdate.vuxwvutwvqlktsnqponmhkfmhcbeponmlkjihgfedcbstatus.mail.ip-173-255-205-159.cloudezapp.io","Google Argon2026h2","whm.mvd.t0rpwww.srmhgupdate.gbupdate.vuxwvutwvqlktsnqponmhkfmhcbeponmlkjihgfedcbstatus.mail.ip-173-255-205-159.cloudezapp.io",screenshot,0,"",2026-07-18 15:47:42,2026-07-18 15:48:00
9356,"webmail.isenbeck.elevel.com.ar","Google Xenon2026h2","",pending,0,"",2026-07-18 15:47:41,
9349,"kingbuy.top","Google Xenon2026h2","TR3000 - ​​Multi-WiFi Router​​",screenshot,0,"",2026-07-18 15:47:41,2026-07-18 15:47:55
9347,"pnwpassageplan.com","Google Xenon2026h2","PNW Passage Planner",screenshot,0,"",2026-07-18 15:47:41,2026-07-18 15:47:54
9346,"8950sw62ct.com","Google Xenon2026h2","Coming Soon",screenshot,0,"",2026-07-18 15:47:41,2026-07-18 15:47:54
9345,"ubwildpaths.com","Google Xenon2026h2","Centered Logo",screenshot,0,"",2026-07-18 15:47:41,2026-07-18 15:47:54
9337,"autodiscover.nrsinvoicetest.uplsv.com.ng","Google Xenon2026h2","",screenshot,0,"",2026-07-18 15:47:41,2026-07-18 15:47:48
9336,"remove1.michelamagnaniphotography.it","Google Xenon2026h2","",screenshot,0,"",2026-07-18 15:47:41,2026-07-18 15:47:48
9334,"qe-credable-app.credable.io","Google Xenon2026h2","502 Bad Gateway",screenshot,1,"nginx",2026-07-18 15:47:41,2026-07-18 15:47:48
9333,"sarahspaperhabit.com","Google Xenon2026h2","Sarah's Paper Habit",screenshot,0,"",2026-07-18 15:47:41,2026-07-18 15:47:48
9323,"www.securitylaunch.com","DigiCert Wyvern2026h2","SecurityLaunch.com - DigiNames - Make a name for yourself in the digital world™",screenshot,0,"",2026-07-18 15:46:43,2026-07-18 15:47:14
9322,"www.parentsforsaferschools.org","DigiCert Wyvern2026h2","Coming Soon",screenshot,0,"",2026-07-18 15:46:43,2026-07-18 15:47:12
9321,"x49sr.top","DigiCert Wyvern2026h2","",screenshot,0,"",2026-07-18 15:46:43,2026-07-18 15:47:14
9320,"hotelrue.com","DigiCert Wyvern2026h2","Hotel Rue - Main Street - Omagh | Bar | Restaurant | Live Music | Entertainment | 4 Star Accommodation | Hotel | Omagh | Northern Ireland",screenshot,0,"",2026-07-18 15:46:43,2026-07-18 15:47:13
9319,"0c61c66b89d90188ff22cb06.netcraze.io","DigiCert Wyvern2026h2","Error ""403 20""",screenshot,0,"",2026-07-18 15:46:43,2026-07-18 15:47:13
9311,"beijingtokyobowlinggreen.com","Google Argon2026h2","403: Forbidden",screenshot,0,"",2026-07-18 15:46:42,2026-07-18 15:47:06
9309,"www.avkk67.xyz","Google Argon2026h2","Redirecting...",screenshot,0,"",2026-07-18 15:46:42,2026-07-18 15:47:06
9308,"twiceology.store","Google Argon2026h2","TWICEOLOGY",screenshot,1,"powered by",2026-07-18 15:46:42,2026-07-18 15:47:10
9307,"www.cabmaster.fr","Google Argon2026h2","Home - Cabmaster",screenshot,1,"login",2026-07-18 15:46:42,2026-07-18 15:47:06
9299,"mail.kikitoto.de.com","Google Xenon2026h2","403 Forbidden",screenshot,0,"",2026-07-18 15:46:41,2026-07-18 15:47:00
9298,"kikitoto.de.com","Google Xenon2026h2","403 Forbidden",screenshot,0,"",2026-07-18 15:46:41,2026-07-18 15:47:00
9296,"blog.gitlab.git.gitlab.git.git.store.interfocos.ca","Google Xenon2026h2","410 Gone",screenshot,0,"",2026-07-18 15:46:41,2026-07-18 15:47:00
9287,"staging.coldyearvodka.ru","Google Xenon2026h2","404 Not Found",screenshot,1,"nginx",2026-07-18 15:46:41,2026-07-18 15:46:54
9286,"backend.coldyearvodka.ru","Google Xenon2026h2","404 Not Found",screenshot,1,"nginx",2026-07-18 15:46:41,2026-07-18 15:46:54
9285,"app.coldyearvodka.ru","Google Xenon2026h2","404 Not Found",screenshot,1,"nginx",2026-07-18 15:46:41,2026-07-18 15:46:54
9284,"admin.coldyearvodka.ru","Google Xenon2026h2","404 Not Found",screenshot,1,"nginx",2026-07-18 15:46:41,2026-07-18 15:46:54
9283,"deliverystatus-bpi.com.ph","DigiCert Wyvern2026h2","Redirecting...",screenshot,0,"",2026-07-18 15:45:47,2026-07-18 15:46:54
9263,"yopass.ita.chalmers.se","DigiCert Wyvern2026h2","Yopass: Share Secrets Securely",screenshot,0,"",2026-07-18 15:45:47,2026-07-18 15:46:42
9262,"www.beyondthecourtcoaching.com","DigiCert Wyvern2026h2","Coming Soon",screenshot,0,"",2026-07-18 15:45:47,2026-07-18 15:46:42
9261,"bussinessinmy.com","DigiCert Wyvern2026h2","马来西亚投资移民一站式服务 | 公司设立·税务·法律·移民·教育·医疗·安居",screenshot,0,"",2026-07-18 15:45:47,2026-07-18 15:46:43
9259,"www.lzanepinnock.com","DigiCert Wyvern2026h2","L. Zane Pinnock - Writing Portfolio",screenshot,0,"",2026-07-18 15:45:47,2026-07-18 15:46:43
9251,"yonkerskidsdental.net","DigiCert Wyvern2026h2","Coming Soon",screenshot,0,"",2026-07-18 15:45:47,2026-07-18 15:46:36
9250,"www.valtellina-navigated.com","DigiCert Wyvern2026h2","Valtellina, navigated",screenshot,0,"",2026-07-18 15:45:47,2026-07-18 15:46:36
9249,"brennanyetter.com","DigiCert Wyvern2026h2","Brennan Yetter",screenshot,0,"",2026-07-18 15:45:47,2026-07-18 15:46:37
9248,"www.sobrietyhouse.club","DigiCert Wyvern2026h2","Coming Soon",screenshot,0,"",2026-07-18 15:45:47,2026-07-18 15:46:36
9247,"lakespeaksprovisionsco.com","DigiCert Wyvern2026h2","Lakes & Peaks Provisions Co. | Explore, Savor, Connect — Shop Now",screenshot,0,"",2026-07-18 15:45:47,2026-07-18 15:46:37
9239,"rmq.bgrup.es","DigiCert Wyvern2026h2","502 Bad Gateway",screenshot,1,"nginx",2026-07-18 15:45:46,2026-07-18 15:46:30
9238,"beta.taftdraper.com","DigiCert Wyvern2026h2","404 Not Found",screenshot,0,"",2026-07-18 15:45:46,2026-07-18 15:46:30
9237,"www.kirkhamcopywriting.com","DigiCert Wyvern2026h2","Kirkham Content and Copywriting | B2B Freelance Support",screenshot,0,"",2026-07-18 15:45:46,2026-07-18 15:46:31
9236,"kearneyskoffee.uk","DigiCert Wyvern2026h2","Squarespace - Website Expired",screenshot,1,"login",2026-07-18 15:45:46,2026-07-18 15:46:30
9235,"www.gntchart.com","DigiCert Wyvern2026h2","Coming Soon",screenshot,0,"",2026-07-18 15:45:46,2026-07-18 15:46:30
9227,"nyxoriadaymirror174.site","DigiCert Wyvern2026h2","",screenshot,0,"",2026-07-18 15:45:46,2026-07-18 15:46:24
9225,"board.naxys.fr","DigiCert Wyvern2026h2","board.naxys.fr",screenshot,0,"",2026-07-18 15:45:46,2026-07-18 15:46:24
9224,"aeschentool.devid.net","DigiCert Wyvern2026h2","Äschentool",screenshot,0,"",2026-07-18 15:45:46,2026-07-18 15:46:24
9223,"aeschensite.devid.net","DigiCert Wyvern2026h2","Äschentool - Äschentool",screenshot,0,"",2026-07-18 15:45:46,2026-07-18 15:46:24
9215,"kypresso.co.uk","DigiCert Wyvern2026h2","403 Forbidden",screenshot,0,"",2026-07-18 15:45:46,2026-07-18 15:46:18
9214,"lagomswedishlife.se","DigiCert Wyvern2026h2","Parked at Loopia",screenshot,1,"login",2026-07-18 15:45:46,2026-07-18 15:46:18
9213,"flatdenshi.co.jp","DigiCert Wyvern2026h2","超精密級の抵抗器・高性能金属皮膜は「株式会社フラット電子」",screenshot,0,"",2026-07-18 15:45:46,2026-07-18 15:46:22
9211,"thinkerspro.com","DigiCert Wyvern2026h2","AI Seller Medical - THINKERS PRO",screenshot,0,"",2026-07-18 15:45:46,2026-07-18 15:46:23
9203,"handypeople.org.uk","DigiCert Wyvern2026h2","Squarespace - Website Expired",screenshot,1,"login",2026-07-18 15:45:46,2026-07-18 15:46:12
9202,"www.biowear.net","DigiCert Wyvern2026h2","Biowear",screenshot,1,"signin",2026-07-18 15:45:46,2026-07-18 15:46:13
9200,"methodfinancialgroup.com","DigiCert Wyvern2026h2","Coming Soon",screenshot,0,"",2026-07-18 15:45:46,2026-07-18 15:46:12
9199,"whm.whm.www.i0gee0ca50318765dev.cloud-banks.srv998402.hstgr.cloud","DigiCert Wyvern2026h2","Twake Workplace",screenshot,0,"",2026-07-18 15:45:46,2026-07-18 15:46:12
9191,"tunelpg.cc","Google Argon2026h2","tunelpg.cc",screenshot,0,"",2026-07-18 15:45:42,2026-07-18 15:46:06
9190,"paypigsites.com","Google Argon2026h2","paypigsites.com",screenshot,0,"",2026-07-18 15:45:42,2026-07-18 15:46:07
9188,"my-gecu.cfd","Google Argon2026h2","my-gecu.cfd",screenshot,0,"",2026-07-18 15:45:42,2026-07-18 15:46:06
9187,"hlbg13.co","Google Argon2026h2","hlbg13.co",screenshot,0,"",2026-07-18 15:45:42,2026-07-18 15:46:07
9178,"industrialroofingbristol.uk","Google Argon2026h2","Industrial Roofing Bristol | Everlast Roofing",screenshot,0,"",2026-07-18 15:45:42,2026-07-18 15:46:01
9177,"www.hanakempa.cz","Google Argon2026h2","Hana Kempa | Výživová poradkyně",screenshot,0,"",2026-07-18 15:45:42,2026-07-18 15:46:00
9175,"joko4dslot.club","Google Argon2026h2","joko4d slot - Online Casino Indonesia, exclusive member event",screenshot,1,"login",2026-07-18 15:45:42,2026-07-18 15:46:00
9167,"www.summitcountydrygoods.com","Google Argon2027h1","",screenshot,0,"",2026-07-18 15:45:42,2026-07-18 15:45:54
9166,"www.algorecovery.com","Google Argon2027h1","Google Algorithm Update Recovery Services | Paul VanHevel",screenshot,0,"",2026-07-18 15:45:42,2026-07-18 15:45:55
9163,"u0squ0sqponilkjihgfupdate.update.3210update.8321update.coolstuff.51-222-141-36.nip.io","Google Xenon2026h2","HypeStudy",screenshot,0,"",2026-07-18 15:45:41,2026-07-18 15:45:55
9155,"aklmama.com","Google Xenon2026h2","أكل ماما",screenshot,0,"",2026-07-18 15:45:41,2026-07-18 15:45:48
9154,"davincigold.pt","Google Xenon2026h2","Davinci Gold Casino - Login | Site Oficial",screenshot,1,"login",2026-07-18 15:45:41,2026-07-18 15:45:49
9153,"erp.jolleeducation.com","Google Xenon2026h2","",screenshot,0,"",2026-07-18 15:45:41,2026-07-18 15:45:49
9152,"www.onthecover.studio","Google Xenon2026h2","Private Site",screenshot,1,"log in",2026-07-18 15:45:41,2026-07-18 15:45:48
9151,"pums.princetonk12.org","Google Xenon2026h2","Princeton Middle School - Princeton Public Schools",screenshot,1,"powered by",2026-07-18 15:45:41,2026-07-18 15:45:49
9143,"beta.rdweb.vavadaeb17.com","DigiCert Wyvern2026h2","Website default.nodomain is ready. The content is to be added",screenshot,0,"",2026-07-18 15:44:43,2026-07-18 15:45:18
9141,"danielum.live","DigiCert Wyvern2026h2","Daniel Um",screenshot,0,"",2026-07-18 15:44:43,2026-07-18 15:45:19
9139,"clubvalentine.com","DigiCert Wyvern2026h2","ClubValentine.com is for sale | HugeDomains",screenshot,0,"",2026-07-18 15:44:43,2026-07-18 15:45:19
9131,"greenenvironment.co.ke","DigiCert Wyvern2026h2","GreenEarth | Environment Conservation",screenshot,0,"",2026-07-18 15:44:43,2026-07-18 15:45:16
9130,"n-dh8vld49onb623hn9cg7e.prd.workdaysuvcareers.com","DigiCert Wyvern2026h2","",screenshot,0,"",2026-07-18 15:44:43,2026-07-18 15:45:12
9127,"zdqc7txy.website.one","Google Argon2026h2","Hosted By One.com | Webhosting made simple",screenshot,0,"",2026-07-18 15:44:42,2026-07-18 15:45:12
9119,"audiyo.app","Google Argon2026h2","Audiyo — Buy, sell and discover music media",screenshot,0,"",2026-07-18 15:44:42,2026-07-18 15:45:06
9117,"bookfeed.robb.dev","Google Argon2026h2","BookFeed: Hardcover",screenshot,0,"",2026-07-18 15:44:42,2026-07-18 15:45:07
9115,"sgsilks.in","Google Argon2026h2","sgsilks.in | 502: Bad gateway",screenshot,0,"",2026-07-18 15:44:42,2026-07-18 15:45:06
9107,"www.oefitparts.net","Google Argon2027h1","",screenshot,0,"",2026-07-18 15:44:42,2026-07-18 15:45:00
9095,"ftp.dfalex.eu","Google Xenon2026h2","",screenshot,0,"",2026-07-18 15:44:41,2026-07-18 15:44:57
9093,"schaffhauser.group","Google Xenon2026h2","Lisa - Symptom-Tracker",screenshot,0,"",2026-07-18 15:44:41,2026-07-18 15:44:54
9092,"baloobet.shop","Google Xenon2026h2","Baloobet Casino",screenshot,0,"",2026-07-18 15:44:41,2026-07-18 15:44:55
9091,"ana-dubrovnik.com","Google Xenon2026h2","DNS points to prohibited IP | ana-dubrovnik.com | Cloudflare",screenshot,1,"login",2026-07-18 15:44:41,2026-07-18 15:44:54
9082,"betonproductenonline.nl","DigiCert Wyvern2026h2","Betonproducten Online | Dé Betonproducten Specialist",screenshot,0,"",2026-07-18 15:43:43,2026-07-18 15:44:50
9080,"classbrass.com","DigiCert Wyvern2026h2","ClassBrass.com is for sale | HugeDomains",screenshot,0,"",2026-07-18 15:43:43,2026-07-18 15:44:50
9071,"www.butterandsmoke.com","DigiCert Wyvern2026h2","Butter + Smoke",screenshot,1,"powered by",2026-07-18 15:43:43,2026-07-18 15:44:42
9070,"control-me.net","DigiCert Wyvern2026h2","Login",screenshot,1,"login",2026-07-18 15:43:43,2026-07-18 15:44:44
9068,"drug.insurance.ajove.com","DigiCert Wyvern2026h2","Discover the Power of drug.insurance.ajove.com",screenshot,1,"powered by",2026-07-18 15:43:43,2026-07-18 15:44:43
9067,"tetraf2.dk","DigiCert Wyvern2026h2","tetraf2.dk is hosted by Simply.com",screenshot,0,"",2026-07-18 15:43:43,2026-07-18 15:44:42
9059,"neon54casino-at.com","DigiCert Wyvern2026h2","Neon54 Casino Online Österreich: Boni, Spiele, Schnelles Login",screenshot,1,"login",2026-07-18 15:43:43,2026-07-18 15:44:37
9058,"beulahrowley.com","DigiCert Wyvern2026h2","Mary Lee Kortes",screenshot,1,"login",2026-07-18 15:43:43,2026-07-18 15:44:37
9057,"graymeadowstore.com","DigiCert Wyvern2026h2","Squarespace - Website Expired",screenshot,1,"login",2026-07-18 15:43:43,2026-07-18 15:44:36
9056,"www.evanospina.net","DigiCert Wyvern2026h2","Coming Soon",screenshot,0,"",2026-07-18 15:43:43,2026-07-18 15:44:36
9055,"competitivebrain.com","DigiCert Wyvern2026h2","CompetitiveBrain.com is for sale | HugeDomains",screenshot,0,"",2026-07-18 15:43:43,2026-07-18 15:44:36
9047,"mail.wireforgepro.com","DigiCert Wyvern2026h2","Wire Forge Pro – Fix Your Home Wires",screenshot,0,"",2026-07-18 15:43:43,2026-07-18 15:44:33
9044,"cpanel.wireforgepro.com","DigiCert Wyvern2026h2","cPanel Login",screenshot,1,"cpanel",2026-07-18 15:43:43,2026-07-18 15:44:31
9043,"autodiscover.wireforgepro.com","DigiCert Wyvern2026h2","",screenshot,0,"",2026-07-18 15:43:43,2026-07-18 15:44:30
9035,"reancargo.com","DigiCert Wyvern2026h2","Próximamente",screenshot,0,"",2026-07-18 15:43:43,2026-07-18 15:44:24
9034,"goldenbagelnapa.com","DigiCert Wyvern2026h2","golden bagel napa | Discover Delicious Bagels — Order Now",screenshot,0,"",2026-07-18 15:43:43,2026-07-18 15:44:25
9033,"minutemenbonds.com","DigiCert Wyvern2026h2","Coming Soon",screenshot,0,"",2026-07-18 15:43:43,2026-07-18 15:44:24
9032,"queensmusicworks.org","DigiCert Wyvern2026h2","Coming Soon",screenshot,0,"",2026-07-18 15:43:43,2026-07-18 15:44:24
9031,"base10vc.org","DigiCert Wyvern2026h2","Coming Soon",screenshot,0,"",2026-07-18 15:43:43,2026-07-18 15:44:24
9023,"m.xu095.com","DigiCert Wyvern2026h2","国产大片免费观看电视剧全集高清,国产高清免费观看电视剧,国产剧在线观看免费全集电视剧,国产大片在线观看免费全集电视剧网,国产高清电影免费观看完整版在线观看熊出没,国产在线观看全集电视剧",screenshot,0,"",2026-07-18 15:43:43,2026-07-18 15:44:20
9022,"inst.sellcorddigital.com","DigiCert Wyvern2026h2","",screenshot,0,"",2026-07-18 15:43:43,2026-07-18 15:44:18
9021,"rafaela-da-silva-nascimento.kpopbrasa.com.br","DigiCert Wyvern2026h2","67.605.701 RAFAELA DA SILVA NASCIMENTO",screenshot,0,"",2026-07-18 15:43:43,2026-07-18 15:44:19
9020,"orange.petians.com","DigiCert Wyvern2026h2","502 Bad Gateway",screenshot,1,"nginx",2026-07-18 15:43:43,2026-07-18 15:44:19
9019,"precor-efx-576i-elliptical-cross-trainer.pages.dev","DigiCert Wyvern2026h2","Why the Precor EFX 576i Elliptical Cross Trainer Still Rules | Precor Efx 576i Elliptical Cross Trainer",screenshot,0,"",2026-07-18 15:43:43,2026-07-18 15:44:18
9011,"www.puro956ins.com","DigiCert Wyvern2026h2","Coming Soon",screenshot,0,"",2026-07-18 15:43:43,2026-07-18 15:44:12
9010,"www.hikingparks.com","DigiCert Wyvern2026h2","Coming Soon",screenshot,0,"",2026-07-18 15:43:43,2026-07-18 15:44:12
9009,"xn----045-3ve3cibpf7aclem.xn--p1ai","DigiCert Wyvern2026h2","Attention Required! | Cloudflare",screenshot,0,"",2026-07-18 15:43:43,2026-07-18 15:44:12
9008,"radicalgovernance.org","DigiCert Wyvern2026h2","Coming Soon",screenshot,0,"",2026-07-18 15:43:43,2026-07-18 15:44:12
9007,"cleanco2.com","DigiCert Wyvern2026h2","CleanCo2.com is for sale | HugeDomains",screenshot,0,"",2026-07-18 15:43:43,2026-07-18 15:44:13
8997,"landing.be-pos.com","DigiCert Wyvern2026h2","Volqan White Landing",screenshot,0,"",2026-07-18 15:43:43,2026-07-18 15:44:06
8996,"centralliving.se","DigiCert Wyvern2026h2","Parked at Loopia",screenshot,1,"login",2026-07-18 15:43:43,2026-07-18 15:44:06
8995,"readheroacademia.com","DigiCert Wyvern2026h2","Redirecting...",screenshot,0,"",2026-07-18 15:43:43,2026-07-18 15:44:06
8987,"sso.tecneo.fr","Google Argon2026h2","ZITADEL • Console",screenshot,0,"",2026-07-18 15:43:42,2026-07-18 15:44:01
8986,"m.officialsturgisrallyinformation.com","Google Argon2026h2","",screenshot,0,"",2026-07-18 15:43:42,2026-07-18 15:44:01
8984,"bidasaya.ph","Google Argon2026h2","Redirecting...",screenshot,0,"",2026-07-18 15:43:42,2026-07-18 15:44:00
8983,"www.kiranmachinetools.in","Google Argon2026h2","Kiran Machine Tools · India's Trusted Manufacturer of Power Press & Workshop Machinery",screenshot,0,"",2026-07-18 15:43:42,2026-07-18 15:44:00
8975,"xskateboards.com","Google Argon2027h1","",screenshot,0,"",2026-07-18 15:43:42,2026-07-18 15:43:54
8974,"caddycall.com","Google Xenon2026h2","CaddyCall — Your Round, Elevated.",screenshot,1,"it works",2026-07-18 15:43:41,2026-07-18 15:43:54
8972,"aqudev.lahijan.iau.ir","Google Xenon2026h2","نشریه توسعه آبزی پروری",screenshot,0,"",2026-07-18 15:43:41,2026-07-18 15:43:55
8971,"inst.enchantedfairiesannarbormi.com","Google Xenon2026h2","",screenshot,0,"",2026-07-18 15:43:41,2026-07-18 15:43:54
8962,"hasanthehouseofphones.co.uk","Google Xenon2026h2","hasanthehouseofphones – hasanthehouseofphones",screenshot,1,"log in",2026-07-18 15:43:41,2026-07-18 15:43:50
8960,"chat.iflytek.com.hyj120309.top","Google Xenon2026h2","",screenshot,1,"powered by",2026-07-18 15:43:41,2026-07-18 15:43:48
8951,"jobs-nearby.gramick.dev","DigiCert Wyvern2026h2","gramick.dev | 502: Bad gateway",screenshot,0,"",2026-07-18 15:42:45,2026-07-18 15:43:13
8950,"spiritualheartcc.com","DigiCert Wyvern2026h2","ConnectYourDomain Error | Wix.com",screenshot,0,"",2026-07-18 15:42:45,2026-07-18 15:43:12
8948,"allprosouthernutah.com","DigiCert Wyvern2026h2","All Pro Construction - Renovation & Remodelling in Southern Utah",screenshot,1,"it works",2026-07-18 15:42:45,2026-07-18 15:43:13
8938,"zxsteel.net","Google Argon2026h2","Attention Required! | Cloudflare",screenshot,0,"",2026-07-18 15:42:42,2026-07-18 15:43:07
8937,"ip-198-12-237-147.mil.ph","Google Argon2026h2","Redirecting...",screenshot,0,"",2026-07-18 15:42:42,2026-07-18 15:43:07
8936,"donaghy.zip","Google Argon2026h2","Sign In - Overseerr",screenshot,1,"sign in",2026-07-18 15:42:42,2026-07-18 15:43:08
8935,"bowling.donaghy.zip","Google Argon2026h2","Bowling League Statistics - Track Your Performance",screenshot,0,"",2026-07-18 15:42:42,2026-07-18 15:43:08
8927,"insidertipsheet.com","Google Argon2027h1","",screenshot,0,"",2026-07-18 15:42:42,2026-07-18 15:43:01
8926,"mansbach.family","Google Argon2027h1","",screenshot,0,"",2026-07-18 15:42:42,2026-07-18 15:43:01
8925,"www.flash-back.com","Google Argon2027h1","",screenshot,0,"",2026-07-18 15:42:42,2026-07-18 15:43:01
8924,"footprintfarms.ca","Google Xenon2026h2","Home - Footprint Farms - Charolais Cattle in Esther Alberta",screenshot,0,"",2026-07-18 15:42:41,2026-07-18 15:43:01
8923,"honorbrogden.com","Google Xenon2026h2","HONOR BROGDEN",screenshot,0,"",2026-07-18 15:42:41,2026-07-18 15:43:01
8915,"axlewire.com","Google Xenon2026h2","Mediaxle | Precision Demand. Predictable Growth.",screenshot,0,"",2026-07-18 15:42:41,2026-07-18 15:42:56
8914,"support.zoom.us.eons.tunneldesu.jp.net","Google Xenon2026h2","404 Not Found",screenshot,1,"nginx",2026-07-18 15:42:41,2026-07-18 15:42:55
8912,"shopalioria.com","Google Xenon2026h2","Home - shopalioria.com",screenshot,0,"",2026-07-18 15:42:41,2026-07-18 15:42:56
8902,"www.hoochhunters.com","DigiCert Wyvern2026h2","Coming Soon",screenshot,0,"",2026-07-18 15:41:46,2026-07-18 15:42:48
8901,"leilasdad.com","DigiCert Wyvern2026h2","Squarespace - Website Expired",screenshot,1,"login",2026-07-18 15:41:45,2026-07-18 15:42:49
8899,"www.oquadro.com","DigiCert Wyvern2026h2","O QUADRO",screenshot,0,"",2026-07-18 15:41:45,2026-07-18 15:42:49
8891,"conspiracyuniversity.com","DigiCert Wyvern2026h2","ConspiracyUniversity.com is for sale | HugeDomains",screenshot,0,"",2026-07-18 15:41:45,2026-07-18 15:42:43
8890,"freysoft.ph","DigiCert Wyvern2026h2","Redirecting...",screenshot,0,"",2026-07-18 15:41:45,2026-07-18 15:42:42
8889,"www.poshanwellness.com","DigiCert Wyvern2026h2","Poshan & Wellness | Mejora tu bienestar hoy, conoce nuestras proteínas",screenshot,0,"",2026-07-18 15:41:45,2026-07-18 15:42:43
8888,"wamphraycroft.co.uk","DigiCert Wyvern2026h2","Back 2 Basics Camping",screenshot,0,"",2026-07-18 15:41:45,2026-07-18 15:42:43
8887,"mkasilkimya.com.tr","DigiCert Wyvern2026h2","403 Forbidden",screenshot,0,"",2026-07-18 15:41:45,2026-07-18 15:42:42
8879,"thesouthfloridasurgeon.com","DigiCert Wyvern2026h2","Coming Soon",screenshot,0,"",2026-07-18 15:41:45,2026-07-18 15:42:36
8878,"daniellefunk.com","DigiCert Wyvern2026h2","Coming Soon",screenshot,0,"",2026-07-18 15:41:45,2026-07-18 15:42:36
8877,"markokaufman.com","DigiCert Wyvern2026h2","Mark Kaufman",screenshot,0,"",2026-07-18 15:41:45,2026-07-18 15:42:37
8876,"optamateai.com","DigiCert Wyvern2026h2","Optamate AI | Never Miss Another Lead",screenshot,1,"it works",2026-07-18 15:41:45,2026-07-18 15:42:37
8875,"scoreliftbeesolutions.co.za","DigiCert Wyvern2026h2","My Blog",screenshot,1,"powered by",2026-07-18 15:41:45,2026-07-18 15:42:37
8867,"eurekamaritime.com","DigiCert Wyvern2026h2","Eureka Maritime Consulting",screenshot,1,"powered by",2026-07-18 15:41:45,2026-07-18 15:42:30
8866,"tahsilat.konmetsan.com","DigiCert Wyvern2026h2","BAYİ GİRİŞİ",screenshot,0,"",2026-07-18 15:41:45,2026-07-18 15:42:31
8865,"mail.konmetsan.com","DigiCert Wyvern2026h2","",screenshot,0,"",2026-07-18 15:41:45,2026-07-18 15:42:33
8864,"konmetsan.com","DigiCert Wyvern2026h2","KONMETSAN ALÜMİNYUM, Alüminyum Profil, Aluminium Profile, Aluminium Extrusion Profiles, Alüminyum Korkuluk Aksesuarları, Alüminyum Küpeşte||ALÜMİNYUM PROFİL,ALÜMİNYUM AKSESUAR,",screenshot,0,"",2026-07-18 15:41:45,2026-07-18 15:42:31
8863,"m.3smedi.co.kr","DigiCert Wyvern2026h2","삼에스주식회사 모바일 홈페이지",screenshot,0,"",2026-07-18 15:41:45,2026-07-18 15:42:32
8855,"r1bj.cc","DigiCert Wyvern2026h2","Redirecting...",screenshot,0,"",2026-07-18 15:41:45,2026-07-18 15:42:24
8854,"housebuildersqld.com","DigiCert Wyvern2026h2","WordPress › Error",screenshot,0,"",2026-07-18 15:41:45,2026-07-18 15:42:25
8853,"brunhildelinsel.sk","DigiCert Wyvern2026h2","Brunhilde Linsel | Domov",screenshot,0,"",2026-07-18 15:41:45,2026-07-18 15:42:26
8852,"a6f79d9429d2aa6ad653f3a6.keenetic.io","DigiCert Wyvern2026h2","403 Forbidden",screenshot,0,"",2026-07-18 15:41:45,2026-07-18 15:42:25
8851,"www.brettbaboorian.com","DigiCert Wyvern2026h2","BrettBaboorian.com",screenshot,0,"",2026-07-18 15:41:45,2026-07-18 15:42:25
8843,"www.datafileanalytics.com","DigiCert Wyvern2026h2","Coming Soon",screenshot,0,"",2026-07-18 15:41:45,2026-07-18 15:42:18
8842,"mktwilio.testweb.makenai.es","DigiCert Wyvern2026h2","Error",screenshot,0,"",2026-07-18 15:41:45,2026-07-18 15:42:18
8841,"royslandscaping.net","DigiCert Wyvern2026h2","Roy's Lawn Care & Landscaping",screenshot,0,"",2026-07-18 15:41:45,2026-07-18 15:42:19
8840,"archives.network1churches.com","DigiCert Wyvern2026h2","",screenshot,0,"",2026-07-18 15:41:45,2026-07-18 15:42:19
8839,"rakodo.hu","DigiCert Wyvern2026h2","rakodo.hu",screenshot,0,"",2026-07-18 15:41:45,2026-07-18 15:42:18
8831,"nepawaste.com","DigiCert Wyvern2026h2","Index of /",screenshot,0,"",2026-07-18 15:41:45,2026-07-18 15:42:12
8830,"porpax.com","DigiCert Wyvern2026h2","Porpax.com is for sale | HugeDomains",screenshot,0,"",2026-07-18 15:41:45,2026-07-18 15:42:13
8829,"pctvbox.com","DigiCert Wyvern2026h2","PcTvBox.com is for sale | HugeDomains",screenshot,0,"",2026-07-18 15:41:45,2026-07-18 15:42:13
8828,"www.icecanaba.com","DigiCert Wyvern2026h2","Coming Soon",screenshot,0,"",2026-07-18 15:41:45,2026-07-18 15:42:12
8827,"save.fritzcloud.eu","DigiCert Wyvern2026h2","502 Bad Gateway",screenshot,0,"",2026-07-18 15:41:45,2026-07-18 15:42:13
8818,"www.gigglycat.com","DigiCert Wyvern2026h2","GigglyCat.com — Premium Domain For Sale | Atom",screenshot,0,"",2026-07-18 15:41:45,2026-07-18 15:42:07
8817,"mombasauniformsltd.co.ke","DigiCert Wyvern2026h2","Mombasa Uniforms",screenshot,0,"",2026-07-18 15:41:45,2026-07-18 15:42:09
8816,"louisedbickmanphdpc.net","DigiCert Wyvern2026h2","Coming Soon",screenshot,0,"",2026-07-18 15:41:45,2026-07-18 15:42:06
8807,"sottoasr.app","Google Argon2026h2","SottoASR — Local, Privacy-First Speech-to-Text for macOS",screenshot,1,"powered by",2026-07-18 15:41:42,2026-07-18 15:42:00
8806,"comfirms.life","Google Argon2026h2","Redirecting...",screenshot,0,"",2026-07-18 15:41:42,2026-07-18 15:42:00
8804,"cloud.valofly.com","Google Argon2026h2","S’identifier – ValoFly GmbH",screenshot,0,"",2026-07-18 15:41:42,2026-07-18 15:42:02
8803,"salam.education","Google Argon2026h2","جامعة سلام المفتوحة | Salam Open University",screenshot,0,"",2026-07-18 15:41:42,2026-07-18 15:42:02
8795,"www.devbybsb.com","Google Argon2027h1","",screenshot,0,"",2026-07-18 15:41:42,2026-07-18 15:41:54
8794,"shopyahaira.net","Google Argon2027h1","",screenshot,0,"",2026-07-18 15:41:42,2026-07-18 15:41:54
8793,"nationalspotlight.com","Google Argon2027h1","",screenshot,0,"",2026-07-18 15:41:42,2026-07-18 15:41:55
8792,"sandbox.agentiq.build","Google Xenon2026h2","",screenshot,0,"",2026-07-18 15:41:41,2026-07-18 15:41:54
8791,"agentiq.build","Google Xenon2026h2","Agentiq.build | Build Real Startups That Run Themselves",screenshot,0,"",2026-07-18 15:41:41,2026-07-18 15:41:54
8781,"nert.pages.dev","Google Xenon2026h2","",screenshot,0,"",2026-07-18 15:41:41,2026-07-18 15:41:48
8780,"tuxerp.com","Google Xenon2026h2","",screenshot,0,"",2026-07-18 15:41:41,2026-07-18 15:41:48
8779,"veldora.ca","Google Xenon2026h2","Veldora | Trusted Supplier of Industrial & Agricultural Chemicals",screenshot,0,"",2026-07-18 15:41:41,2026-07-18 15:41:49
8776,"arlynrullvalenciaga.com","DigiCert Wyvern2026h2","Coming Soon",screenshot,0,"",2026-07-18 15:40:42,2026-07-18 15:41:12
8774,"shtjktwx.com","DigiCert Wyvern2026h2","Attention Required! | Cloudflare",screenshot,0,"",2026-07-18 15:40:42,2026-07-18 15:41:12
8765,"ebelectrical.store","Google Argon2026h2","ebelectrical.store",screenshot,1,"powered by",2026-07-18 15:40:42,2026-07-18 15:41:06
8764,"blablacar.yandex.blablacar.sber.xl8wfyskyexld5p.pruebas.findanir.com","Google Argon2026h2","410 Gone",screenshot,0,"",2026-07-18 15:40:42,2026-07-18 15:41:06
8763,"inst.webvenditespediamopro.org","Google Argon2026h2","",screenshot,0,"",2026-07-18 15:40:42,2026-07-18 15:41:06
8762,"dmrservicecompany.net","Google Argon2026h2","Home | Dmrservices",screenshot,0,"",2026-07-18 15:40:42,2026-07-18 15:41:07
8752,"app.www.shop.mail1.cityclass.com","Google Argon2026h2","",screenshot,0,"",2026-07-18 15:40:42,2026-07-18 15:41:00
8751,"franz.piramid.com.ua","Google Argon2026h2","",screenshot,1,"apache",2026-07-18 15:40:42,2026-07-18 15:41:00
8750,"dnl.bplacet.net","Google Argon2026h2","",screenshot,0,"",2026-07-18 15:40:42,2026-07-18 15:41:02
8749,"www.ozanimodrems.org","Google Argon2027h1","",screenshot,0,"",2026-07-18 15:40:41,2026-07-18 15:41:00
8741,"decifr.hpc.ncsu.edu","Google Xenon2026h2","DeCIFR — Biological Data Informatics Suite & Visualization",screenshot,0,"",2026-07-18 15:40:41,2026-07-18 15:40:56
8740,"decifr.cifr.ncsu.edu","Google Xenon2026h2","DeCIFR — Biological Data Informatics Suite & Visualization",screenshot,0,"",2026-07-18 15:40:41,2026-07-18 15:40:56
8739,"serikov.space","Google Xenon2026h2","Alexander Serikov -",screenshot,0,"",2026-07-18 15:40:41,2026-07-18 15:40:54
8738,"sprachschule-bochum.de","Google Xenon2026h2","EdiFoc – Sprachschule",screenshot,0,"",2026-07-18 15:40:41,2026-07-18 15:40:56
8737,"3210mvl.80643210admin.vpsumstrawbemail6.luca-rent.be","Google Xenon2026h2","404 Page not found :: influencersoft.com",screenshot,0,"",2026-07-18 15:40:41,2026-07-18 15:40:54
8729,"www.silversteelmobile.com","Google Xenon2026h2","Silver and Steel Mobile Mechanic | Professional Auto Repair Services",screenshot,0,"",2026-07-18 15:40:41,2026-07-18 15:40:49
8727,"qqmenye.com","DigiCert Wyvern2026h2","QqMenye.com is for sale | HugeDomains",screenshot,0,"",2026-07-18 15:39:43,2026-07-18 15:40:49
8726,"www.thepaintedpanda.net","DigiCert Wyvern2026h2","Fun & Flair in Greensboro NC- The Painted Panda LLC face painting and yard sign greetings",screenshot,0,"",2026-07-18 15:39:43,2026-07-18 15:40:49
8725,"khibabes.xyz","DigiCert Wyvern2026h2","Index of /",screenshot,0,"",2026-07-18 15:39:43,2026-07-18 15:40:48
8716,"mail.mbo500.com","DigiCert Wyvern2026h2","",screenshot,0,"",2026-07-18 15:39:43,2026-07-18 15:40:43
8715,"getfemistry.com","DigiCert Wyvern2026h2","Coming Soon",screenshot,0,"",2026-07-18 15:39:43,2026-07-18 15:40:42
8714,"boswerk.de","DigiCert Wyvern2026h2","",screenshot,0,"",2026-07-18 15:39:43,2026-07-18 15:40:42
8713,"www.joditeal.com","DigiCert Wyvern2026h2","Jodi Teal",screenshot,0,"",2026-07-18 15:39:43,2026-07-18 15:40:43
8705,"menchiques.com","DigiCert Wyvern2026h2","Apartamentos Casa Menchiques | Apartamentos Casa Menchiques",screenshot,0,"",2026-07-18 15:39:43,2026-07-18 15:40:38
8704,"surjeeta.com","DigiCert Wyvern2026h2","Surjeeta Dhoubhadel - Senior Backend Developer & Software Engineer | PHP, API, CMS Expert",screenshot,0,"",2026-07-18 15:39:43,2026-07-18 15:40:36
8703,"tanktravels.com","DigiCert Wyvern2026h2","Coming Soon",screenshot,0,"",2026-07-18 15:39:43,2026-07-18 15:40:36
8701,"tobagooffroadtours.com","DigiCert Wyvern2026h2","Tobago Off Road Tours",screenshot,1,"powered by",2026-07-18 15:39:43,2026-07-18 15:40:37
8693,"qrloyalty.com","DigiCert Wyvern2026h2","QrLoyalty.com is for sale | HugeDomains",screenshot,0,"",2026-07-18 15:39:43,2026-07-18 15:40:31
8692,"n-bt8vipuj88ek6ai197l08.prd.workdaysuv.com","DigiCert Wyvern2026h2","",screenshot,0,"",2026-07-18 15:39:43,2026-07-18 15:40:30
8681,"flashworld.ideaok.top","DigiCert Wyvern2026h2","LUMINA 2025",screenshot,0,"",2026-07-18 15:39:43,2026-07-18 15:40:24
8680,"maximusitltd.com","DigiCert Wyvern2026h2","Coming Soon",screenshot,0,"",2026-07-18 15:39:43,2026-07-18 15:40:24
8679,"qdiff.com","DigiCert Wyvern2026h2","Coming Soon",screenshot,0,"",2026-07-18 15:39:43,2026-07-18 15:40:24
8677,"www.oceans9d.byhospitable.com","DigiCert Wyvern2026h2","",screenshot,0,"",2026-07-18 15:39:43,2026-07-18 15:40:24
8669,"marfaalrukham.com.ly","DigiCert Wyvern2026h2","اسم الشركة هنا",screenshot,0,"",2026-07-18 15:39:43,2026-07-18 15:40:19
8668,"patientvibes.com","DigiCert Wyvern2026h2","PatientVibes.com is for sale | HugeDomains",screenshot,0,"",2026-07-18 15:39:43,2026-07-18 15:40:20
8667,"www.behumanid.org","DigiCert Wyvern2026h2","Coming Soon",screenshot,0,"",2026-07-18 15:39:43,2026-07-18 15:40:18
8666,"www.avancebypci.com","DigiCert Wyvern2026h2","Esme Creative Wellness",screenshot,1,"login",2026-07-18 15:39:43,2026-07-18 15:40:19
8665,"trollcolors.com","DigiCert Wyvern2026h2","TrollColors.Com TrollCatch",screenshot,1,"powered by",2026-07-18 15:39:43,2026-07-18 15:40:20
8657,"panel.blacksun.fun","DigiCert Wyvern2026h2","Page_76664c8b",screenshot,0,"",2026-07-18 15:39:43,2026-07-18 15:40:12
8656,"www.morsecodecoffee.com","DigiCert Wyvern2026h2","Coming Soon",screenshot,0,"",2026-07-18 15:39:43,2026-07-18 15:40:12
8654,"www.kaiohu.com","DigiCert Wyvern2026h2","Coming Soon",screenshot,0,"",2026-07-18 15:39:43,2026-07-18 15:40:12
8653,"mishaeuceph.com","DigiCert Wyvern2026h2","Misha Euceph",screenshot,0,"",2026-07-18 15:39:43,2026-07-18 15:40:13
8645,"flowcarousel.com","Google Argon2026h2","Carousel Generator",screenshot,1,"sign in",2026-07-18 15:39:42,2026-07-18 15:40:07
8644,"emmagoldtv.com","Google Argon2026h2","Emma Gold TV - Actress, Producer and Media Personality",screenshot,0,"",2026-07-18 15:39:42,2026-07-18 15:40:06
8643,"a.645577.sbs","Google Argon2026h2","",screenshot,0,"",2026-07-18 15:39:42,2026-07-18 15:40:09
8642,"roi.webmenas.lt","Google Argon2026h2","AmeraLabs | 3D Printing Resin Made in Europe Since 2017",screenshot,0,"",2026-07-18 15:39:42,2026-07-18 15:40:09
8641,"am.mathtere.com.br","Google Argon2026h2","+ de 50 fornecedores exclusivos do Brás, Paraguai e EUA",screenshot,0,"",2026-07-18 15:39:42,2026-07-18 15:40:10
8633,"inst.sprzedaz-przez-chata.com","Google Argon2026h2","",screenshot,0,"",2026-07-18 15:39:42,2026-07-18 15:40:00
8632,"dreamfactoryinc.ca","Google Argon2026h2","Dream Factory | Cinematic Wedding Films — Toronto & Worldwide",screenshot,0,"",2026-07-18 15:39:42,2026-07-18 15:40:00
8629,"go.connectpressrelations.info","Google Argon2026h2","",screenshot,0,"",2026-07-18 15:39:42,2026-07-18 15:40:00
8620,"www.dualsportbikes.com","Google Argon2027h1","",screenshot,0,"",2026-07-18 15:39:42,2026-07-18 15:39:54
8619,"www.up468cisce.org","Google Argon2027h1","",screenshot,0,"",2026-07-18 15:39:42,2026-07-18 15:39:54
8618,"getmia.life","Google Argon2027h1","",screenshot,0,"",2026-07-18 15:39:42,2026-07-18 15:39:55
8609,"tesla-auth.bramdedeyn.be","Google Xenon2026h2","",screenshot,0,"",2026-07-18 15:39:41,2026-07-18 15:39:47
8608,"bramdedeyn.be","Google Xenon2026h2","",screenshot,0,"",2026-07-18 15:39:41,2026-07-18 15:39:49
8607,"7a-n.org.ph","Google Xenon2026h2","Redirecting...",screenshot,0,"",2026-07-18 15:39:41,2026-07-18 15:39:48
8606,"visiedge.co","Google Xenon2026h2","Visual Impact Group | Full-Service Marketing Agency",screenshot,0,"",2026-07-18 15:39:41,2026-07-18 15:39:48
8605,"gbengaoyekola.cv","Google Xenon2026h2","GBENGA KUNLE OYEKOLA",screenshot,0,"",2026-07-18 15:39:41,2026-07-18 15:39:48
8602,"billybobsunderthewatertower.com","DigiCert Wyvern2026h2","",screenshot,0,"",2026-07-18 15:38:42,2026-07-18 15:39:19
8601,"ww38.airportslostfoundonline.online","DigiCert Wyvern2026h2","airportslostfoundonline.online",screenshot,0,"",2026-07-18 15:38:42,2026-07-18 15:39:18
8592,"dappermade.com","DigiCert Wyvern2026h2","Squarespace - Website Expired",screenshot,1,"login",2026-07-18 15:38:42,2026-07-18 15:39:12
8590,"inst.hqfarginmgt.com","Google Argon2026h2","",screenshot,0,"",2026-07-18 15:38:42,2026-07-18 15:39:12
8589,"bata46org.pages.dev","Google Argon2026h2","BATA46 ゑ Bangun Kesuksesan Lewat Kemenangan Game Online Premium",screenshot,0,"",2026-07-18 15:38:42,2026-07-18 15:39:12
8581,"www.olack.agency","Google Argon2026h2","Olack | Award-Winning Subscription Design & Development",screenshot,1,"signin",2026-07-18 15:38:42,2026-07-18 15:39:06
8580,"kybe.shop","Google Argon2026h2","",screenshot,0,"",2026-07-18 15:38:42,2026-07-18 15:39:06
8579,"xj05.ngo.ph","Google Argon2026h2","Redirecting...",screenshot,0,"",2026-07-18 15:38:42,2026-07-18 15:39:06
8578,"www.amatureradiohamfest.com","Google Argon2026h2","amatureradiohamfest.com is registered at Namecheap",screenshot,0,"",2026-07-18 15:38:42,2026-07-18 15:39:07
8577,"www.trackreceipt.app","Google Argon2026h2","Coming Soon",screenshot,0,"",2026-07-18 15:38:42,2026-07-18 15:39:06
8569,"megafilmeshd50.cloud","Google Xenon2026h2","Mega Filmes HD - Filmes Online - Series Online - Animes Online",screenshot,0,"",2026-07-18 15:38:41,2026-07-18 15:39:01
8568,"rebelszone.com","Google Xenon2026h2","REBELSZONE.COM",screenshot,0,"",2026-07-18 15:38:41,2026-07-18 15:39:01
8567,"universespigot.com","Google Xenon2026h2","UniverseSpigot - High-Performance Minecraft Server Software",screenshot,0,"",2026-07-18 15:38:41,2026-07-18 15:39:00
8565,"reportsscam.com","Google Xenon2026h2","Reports of Scams | Company complaints, fraud reports, and scam alerts",screenshot,0,"",2026-07-18 15:38:41,2026-07-18 15:39:00
8557,"chessalgo.com","Google Xenon2026h2","ChessAlgo – Free Chess Move Calculator & Algorithm Analysis",screenshot,1,"powered by",2026-07-18 15:38:41,2026-07-18 15:38:54
8556,"marcoxi.nursahkarakasakdik.com","Google Xenon2026h2","Marcoxi – AI Travel Planner",screenshot,0,"",2026-07-18 15:38:41,2026-07-18 15:38:54
8555,"facture.temmahcomivoire.com","Google Xenon2026h2","TEMMAH Facture",screenshot,0,"",2026-07-18 15:38:41,2026-07-18 15:38:54
8554,"gonzacuadra.cl","Google Xenon2026h2","403 — Acceso Denegado",screenshot,0,"",2026-07-18 15:38:41,2026-07-18 15:38:54
8545,"aklnbiuu.www.bgptools-wildcard-confirmed.hydraskin.duckdns.org","DigiCert Wyvern2026h2","Classroom",screenshot,0,"",2026-07-18 15:37:43,2026-07-18 15:38:49
8544,"jessesouligny.media","DigiCert Wyvern2026h2","Coming Soon",screenshot,0,"",2026-07-18 15:37:43,2026-07-18 15:38:48
8542,"healthcheck.connectivity-proxy-local.jp30-l-c.uc-live.shoot.live.k8s-hana.ondemand.com","DigiCert Wyvern2026h2","",screenshot,0,"",2026-07-18 15:37:43,2026-07-18 15:38:48
8541,"destination-service-broker.mtls.jp30-l-c.uc-live.shoot.live.k8s-hana.ondemand.com","DigiCert Wyvern2026h2","destination-service-broker.mtls.jp30-l-c.uc-live.shoot.live.k8s-hana.ondemand.com",screenshot,0,"",2026-07-18 15:37:43,2026-07-18 15:38:48
8532,"taskoff.app","DigiCert Wyvern2026h2","Aftermarket.eu :: domain taskoff.app",screenshot,0,"",2026-07-18 15:37:43,2026-07-18 15:38:42
8531,"madriguerahomestudio.com","DigiCert Wyvern2026h2","Te mezclo tu canción gratis - Madriguera Home Studio",screenshot,0,"",2026-07-18 15:37:43,2026-07-18 15:38:42
8530,"simasmantap.com","DigiCert Wyvern2026h2","Blocked Message",screenshot,0,"",2026-07-18 15:37:43,2026-07-18 15:38:42
8529,"www.xchprqeglcwww.whm.8761dev.mdgeuapi.admin.mail.srv837312.hstgr.cloud","DigiCert Wyvern2026h2","404: HOSTNAME_NOT_FOUND",screenshot,0,"",2026-07-18 15:37:43,2026-07-18 15:38:42
8521,"uat.zkn-nd.ru","DigiCert Wyvern2026h2","Риобет【РАБОЧЕЕ ЗЕРКАЛО】ОФИЦИАЛЬНЫЙ САЙТ КАЗИНО Riobet",screenshot,0,"",2026-07-18 15:37:43,2026-07-18 15:38:36
8520,"stg.zkn-nd.ru","DigiCert Wyvern2026h2","Риобет【РАБОЧЕЕ ЗЕРКАЛО】ОФИЦИАЛЬНЫЙ САЙТ КАЗИНО Riobet",screenshot,0,"",2026-07-18 15:37:43,2026-07-18 15:38:36
8519,"sandbox.zkn-nd.ru","DigiCert Wyvern2026h2","Риобет【РАБОЧЕЕ ЗЕРКАЛО】ОФИЦИАЛЬНЫЙ САЙТ КАЗИНО Riobet",screenshot,0,"",2026-07-18 15:37:43,2026-07-18 15:38:36
8518,"qa.zkn-nd.ru","DigiCert Wyvern2026h2","Риобет【РАБОЧЕЕ ЗЕРКАЛО】ОФИЦИАЛЬНЫЙ САЙТ КАЗИНО Riobet",screenshot,0,"",2026-07-18 15:37:43,2026-07-18 15:38:36
8517,"preprod.zkn-nd.ru","DigiCert Wyvern2026h2","Риобет【РАБОЧЕЕ ЗЕРКАЛО】ОФИЦИАЛЬНЫЙ САЙТ КАЗИНО Riobet",screenshot,0,"",2026-07-18 15:37:43,2026-07-18 15:38:36
8509,"raiscores.com","DigiCert Wyvern2026h2","RAI Scores — Independent AI Governance Ratings",screenshot,0,"",2026-07-18 15:37:43,2026-07-18 15:38:30
8506,"rmfacility.com.br","DigiCert Wyvern2026h2","Início - RM Facility",screenshot,0,"",2026-07-18 15:37:43,2026-07-18 15:38:31
8496,"panel.vivaverdi.app","DigiCert Wyvern2026h2","ALL'OPERA - Panel",screenshot,0,"",2026-07-18 15:37:43,2026-07-18 15:38:24
8495,"whm.whm.r0pnr0pnwhm.mhgfalkjehcb98765876543210cvie5vujb80s9e4tapig.91.107.193.189.sslip.io","DigiCert Wyvern2026h2","",screenshot,0,"",2026-07-18 15:37:43,2026-07-18 15:38:24
8494,"cetaklagi.id","DigiCert Wyvern2026h2","Cetak Lagi | Make a good moment!",screenshot,0,"",2026-07-18 15:37:43,2026-07-18 15:38:24
8484,"2725bb95cda09f86cbdb2093.netcraze.io","DigiCert Wyvern2026h2","Error ""403 20""",screenshot,0,"",2026-07-18 15:37:43,2026-07-18 15:38:18
8481,"mail.lelyweb.nl","DigiCert Wyvern2026h2","",screenshot,0,"",2026-07-18 15:37:43,2026-07-18 15:38:20
8473,"property.dioptricke-bryle.0typaqr8.com","DigiCert Wyvern2026h2","property.dioptricke-bryle.0typaqr8.com",screenshot,0,"",2026-07-18 15:37:42,2026-07-18 15:38:12
8471,"pangolin.ilikecake.uk","DigiCert Wyvern2026h2","Dashboard - Pangolin",screenshot,0,"",2026-07-18 15:37:42,2026-07-18 15:38:12
8469,"334225.lol","DigiCert Wyvern2026h2","403 Forbidden",screenshot,0,"",2026-07-18 15:37:42,2026-07-18 15:38:12
8461,"real-dick.ca","Google Argon2027h1","",screenshot,0,"",2026-07-18 15:37:42,2026-07-18 15:38:06
8460,"www.rubycircle.com","Google Argon2027h1","",screenshot,0,"",2026-07-18 15:37:42,2026-07-18 15:38:06
8459,"www.lemonring.com","Google Argon2027h1","",screenshot,0,"",2026-07-18 15:37:42,2026-07-18 15:38:06
8458,"nc1zztgt6ywg651p5jih.top","Google Argon2027h1","",screenshot,0,"",2026-07-18 15:37:42,2026-07-18 15:38:06
8457,"www.tailwagn.com","Google Argon2027h1","",screenshot,0,"",2026-07-18 15:37:42,2026-07-18 15:38:06
8449,"mail.demirhurdafiyatlari.com","Google Argon2026h2","",screenshot,0,"",2026-07-18 15:37:42,2026-07-18 15:38:03
8448,"ftp.demirhurdafiyatlari.com","Google Argon2026h2","",screenshot,0,"",2026-07-18 15:37:42,2026-07-18 15:38:03
8447,"demirhurdafiyatlari.com","Google Argon2026h2","Güncel Demir Hurda Fiyatları 2026 - Demir Enerji",screenshot,0,"",2026-07-18 15:37:42,2026-07-18 15:38:01
8445,"pumicestoneblue.au","Google Argon2026h2","",screenshot,0,"",2026-07-18 15:37:42,2026-07-18 15:38:01
8433,"retailer.trustbazaremi.com","Google Xenon2026h2","Default page",screenshot,1,"default page",2026-07-18 15:37:41,2026-07-18 15:37:54
8425,"sudsysoftware.com.properdreams.com","Google Xenon2026h2","",screenshot,0,"",2026-07-18 15:37:41,2026-07-18 15:37:48
8424,"sudsysoftware.com","Google Xenon2026h2","",screenshot,0,"",2026-07-18 15:37:41,2026-07-18 15:37:48
8423,"moda-urbana.eiamastersac.com","Google Xenon2026h2","PARTIDO POLITICO VENCEREMOS - Urbana",screenshot,1,"powered by",2026-07-18 15:37:41,2026-07-18 15:37:49
8422,"www.anytimehousebuyers.com","Google Xenon2026h2","Google",screenshot,0,"",2026-07-18 15:37:41,2026-07-18 15:37:49
8418,"rozel.huseynsharif.com","DigiCert Wyvern2026h2","Rozel Beauty & Care, Gözəllik və Baxım Mağazası",screenshot,0,"",2026-07-18 15:36:48,2026-07-18 15:37:30
8409,"mail.layyous.com","DigiCert Wyvern2026h2","Infertility - Endoscopy - Gynecology - Pregnancy and Ultrasound",screenshot,1,"powered by",2026-07-18 15:36:48,2026-07-18 15:37:25
8408,"mail.ivfcenter.info","DigiCert Wyvern2026h2","PHP 7.4.33 - phpinfo()",screenshot,0,"",2026-07-18 15:36:48,2026-07-18 15:37:24
8407,"layyous.ivfcenter.info","DigiCert Wyvern2026h2","Infertility - Endoscopy - Gynecology - Pregnancy and Ultrasound",screenshot,1,"powered by",2026-07-18 15:36:48,2026-07-18 15:37:24
8406,"layyous.com","DigiCert Wyvern2026h2","Infertility - Endoscopy - Gynecology - Pregnancy and Ultrasound",screenshot,1,"powered by",2026-07-18 15:36:48,2026-07-18 15:37:25
8398,"autodiscover.ivfcenter.info","DigiCert Wyvern2026h2","",screenshot,0,"",2026-07-18 15:36:48,2026-07-18 15:37:18
8397,"autoconfig.layyous.com","DigiCert Wyvern2026h2","",screenshot,0,"",2026-07-18 15:36:48,2026-07-18 15:37:18
8396,"autoconfig.ivfcenter.info","DigiCert Wyvern2026h2","",screenshot,0,"",2026-07-18 15:36:48,2026-07-18 15:37:18
8395,"www.smp-kazan.ph","DigiCert Wyvern2026h2","Redirecting...",screenshot,0,"",2026-07-18 15:36:48,2026-07-18 15:37:18
8385,"noah-creative.fr","Google Argon2026h2","Noah Creative | Portfolio & Design de Miniatures YouTube (CTR)",screenshot,0,"",2026-07-18 15:36:42,2026-07-18 15:37:12
8384,"workshop.dealscolony.com.au","Google Argon2026h2","Hero Theme - Home Page",screenshot,1,"sign in",2026-07-18 15:36:42,2026-07-18 15:37:13
8382,"staging.highlandmeadownursery.com","Google Argon2026h2","403 Forbidden",screenshot,0,"",2026-07-18 15:36:42,2026-07-18 15:37:12
8374,"xn--2lwa804cyr3a.com","Google Argon2026h2","xn--2lwa804cyr3a.com",screenshot,0,"",2026-07-18 15:36:42,2026-07-18 15:37:07
8373,"kapachki.com","Google Argon2026h2","kapachki.com",screenshot,0,"",2026-07-18 15:36:42,2026-07-18 15:37:07
8372,"coinbina.com","Google Argon2026h2","coinbina.com",screenshot,0,"",2026-07-18 15:36:42,2026-07-18 15:37:06
8371,"677788.top","Google Argon2026h2","677788.top",screenshot,0,"",2026-07-18 15:36:42,2026-07-18 15:37:07
8370,"33mxn8.com","Google Argon2026h2","33mxn8.com",screenshot,0,"",2026-07-18 15:36:42,2026-07-18 15:37:07
8362,"www.xwww.srqpsrqpkjihgfihgbadcbaupdate.54321update.543api.airdubroker.nm.206-189-4-180.nip.io","Google Xenon2026h2","404 Not Found",screenshot,1,"nginx",2026-07-18 15:36:41,2026-07-18 15:37:00
8360,"portal.viralvideos.com.br","Google Xenon2026h2","Login · Viral Videos",screenshot,1,"login",2026-07-18 15:36:41,2026-07-18 15:37:00
8359,"toeictrainers.com","Google Xenon2026h2","토익트레이너어학원 | 울산 토익·토익스피킹 전문학원",screenshot,0,"",2026-07-18 15:36:41,2026-07-18 15:37:00
8358,"hnt6.cn","Google Xenon2026h2","斯科曼过滤净化设备有限公司",screenshot,0,"",2026-07-18 15:36:41,2026-07-18 15:37:01
8349,"mail.15.lider.rzeszow.pl","Google Xenon2026h2","",screenshot,0,"",2026-07-18 15:36:41,2026-07-18 15:36:57
8348,"15.lider.rzeszow.pl","Google Xenon2026h2","Kancelaria Adwokacka Aneta Bielec – Kancelaria adwokacka oferuje kompletną obsługę prawną klientów indywidualnych oraz podmiotów gospodarczych",screenshot,0,"",2026-07-18 15:36:41,2026-07-18 15:36:57
8346,"plus9-co-kr.pages.dev","Google Xenon2026h2","1win bet 한국 공식 사이트 | 스포츠 베팅 & 카지노 보너스 2026",screenshot,0,"",2026-07-18 15:36:41,2026-07-18 15:36:54
8338,"mardinescortfirst.click","DigiCert Wyvern2026h2","Mardin Escort ❤️ Escort Mardin ❤️ Gerçek Mardin Escort",screenshot,0,"",2026-07-18 15:35:45,2026-07-18 15:36:48
8337,"timestructureanalyst.com","DigiCert Wyvern2026h2","Home Page timestructureanalyst.com CONSULTING",screenshot,0,"",2026-07-18 15:35:45,2026-07-18 15:36:49
8336,"realitysivanou.sk","DigiCert Wyvern2026h2","Reality s Ivanou - Reality, financie s dôverou a láskou",screenshot,0,"",2026-07-18 15:35:45,2026-07-18 15:36:49
8335,"centralhaninge.nu","DigiCert Wyvern2026h2","Parked at Loopia",screenshot,1,"login",2026-07-18 15:35:45,2026-07-18 15:36:48
8334,"www.wmlf.com.au","DigiCert Wyvern2026h2","Wyndham Multicultural Lunar Festival | Point Cook, Melbourne",screenshot,0,"",2026-07-18 15:35:45,2026-07-18 15:36:49
8326,"iklan.exthem.es","DigiCert Wyvern2026h2","EXTHEM.ES OFFICIAL",screenshot,1,"powered by",2026-07-18 15:35:45,2026-07-18 15:36:42
8325,"c.645577.sbs","DigiCert Wyvern2026h2","",screenshot,0,"",2026-07-18 15:35:45,2026-07-18 15:36:44
8324,"carolineabadiephotography.com","DigiCert Wyvern2026h2","Coming Soon",screenshot,0,"",2026-07-18 15:35:45,2026-07-18 15:36:42
8314,"elecv.pctel.com.ph","DigiCert Wyvern2026h2","Redirecting...",screenshot,0,"",2026-07-18 15:35:44,2026-07-18 15:36:36
8313,"fitolacaksin.com","DigiCert Wyvern2026h2","Fitolacaksın · Kişisel AI fitness ve beslenme koçun",screenshot,0,"",2026-07-18 15:35:44,2026-07-18 15:36:37
8312,"inst.asanifysync.com","DigiCert Wyvern2026h2","",screenshot,0,"",2026-07-18 15:35:44,2026-07-18 15:36:36
8311,"extremeheathelp.com","DigiCert Wyvern2026h2","Coming Soon",screenshot,0,"",2026-07-18 15:35:44,2026-07-18 15:36:36
8302,"blockcorely.cfd","DigiCert Wyvern2026h2","blockcorely.cfd",screenshot,0,"",2026-07-18 15:35:44,2026-07-18 15:36:31
8301,"azuee.com","DigiCert Wyvern2026h2","azuee.com",screenshot,0,"",2026-07-18 15:35:44,2026-07-18 15:36:30
8300,"26636148.vip","DigiCert Wyvern2026h2","26636148.vip",screenshot,0,"",2026-07-18 15:35:44,2026-07-18 15:36:31
8299,"ecrindekorasyon.com","DigiCert Wyvern2026h2","Ecrin Dekorasyon | Ankara",screenshot,0,"",2026-07-18 15:35:44,2026-07-18 15:36:34
8298,"webmail.sensational7.com","DigiCert Wyvern2026h2","Webmail Login",screenshot,1,"webmail",2026-07-18 15:35:44,2026-07-18 15:36:32
8290,"gravesol.com","DigiCert Wyvern2026h2","Coming Soon",screenshot,0,"",2026-07-18 15:35:44,2026-07-18 15:36:24
8288,"collectbpi.com.ph","DigiCert Wyvern2026h2","Redirecting...",screenshot,0,"",2026-07-18 15:35:44,2026-07-18 15:36:24
8287,"niel.my.id","DigiCert Wyvern2026h2","Parked Domain name on Hostinger DNS system",screenshot,0,"",2026-07-18 15:35:44,2026-07-18 15:36:24
8286,"aidxpartners.link","DigiCert Wyvern2026h2","unstoppabledomains.com",screenshot,0,"",2026-07-18 15:35:44,2026-07-18 15:36:24
8278,"iamjohnlee.com","DigiCert Wyvern2026h2","Coming Soon",screenshot,0,"",2026-07-18 15:35:44,2026-07-18 15:36:18
8276,"heydmac.net","DigiCert Wyvern2026h2","Coming Soon",screenshot,0,"",2026-07-18 15:35:44,2026-07-18 15:36:18
8275,"visasegurausa.com","Google Argon2026h2","Visa Segura USA — Servicios de Inmigración",screenshot,0,"",2026-07-18 15:35:42,2026-07-18 15:36:20
8274,"platforma934.ru","Google Argon2026h2","ПЛАТФОРМА9 3/4",screenshot,0,"",2026-07-18 15:35:42,2026-07-18 15:36:20
8266,"crystalcleancardiff.co.uk","Google Argon2026h2","Buy crystalcleancardiff.co.uk – Premium Expired .co.uk Domain on AutoBackorder | ExpiredDomains.com",screenshot,1,"login",2026-07-18 15:35:42,2026-07-18 15:36:12
8264,"www.revoriawellness.com","Google Argon2026h2","– My Store",screenshot,1,"powered by",2026-07-18 15:35:42,2026-07-18 15:36:15
8263,"nutritionalgrub.com","Google Argon2026h2","Nutritional Grub | Comida Natural y BARF para Perros y Gatos",screenshot,0,"",2026-07-18 15:35:42,2026-07-18 15:36:13
8262,"www.melbourneroadsideassistance.emergencyroadsideassistance.com.au","Google Argon2026h2","Melbourne Roadside Assistance | 24/7 Emergency Breakdown Support All Suburbs",screenshot,0,"",2026-07-18 15:35:42,2026-07-18 15:36:13
8254,"mail.melbourneroadsideassistance.com.au","Google Argon2026h2","Melbourne Roadside Assistance | 24/7 Emergency Breakdown Support All Suburbs",screenshot,0,"",2026-07-18 15:35:42,2026-07-18 15:36:07
8253,"mail.melbourne-mobile-windscreen-replacement.com.au","Google Argon2026h2","MOBILE CAR Windshield Glass Replacement in Melbourne",screenshot,0,"",2026-07-18 15:35:42,2026-07-18 15:36:07
8242,"validator.bedrocknexus.com","Google Argon2026h2","",screenshot,0,"",2026-07-18 15:35:42,2026-07-18 15:36:00
8241,"alexgrapes.com","Google Argon2027h1","Alexander Grapes Modern Artist",screenshot,1,"powered by",2026-07-18 15:35:42,2026-07-18 15:36:00
8240,"www.medvie.com","Google Argon2027h1","",screenshot,0,"",2026-07-18 15:35:42,2026-07-18 15:36:00
8239,"wearegrateful.au","Google Argon2027h1","",screenshot,0,"",2026-07-18 15:35:42,2026-07-18 15:36:00
8238,"thedeepmethod.com","Google Argon2027h1","",screenshot,0,"",2026-07-18 15:35:42,2026-07-18 15:36:00
8230,"treknest.in","Google Xenon2026h2","Treknest",screenshot,0,"",2026-07-18 15:35:41,2026-07-18 15:35:54
8229,"treknest.co.in.barads.in","Google Xenon2026h2","404 Not Found",screenshot,1,"powered by",2026-07-18 15:35:41,2026-07-18 15:35:54
8228,"treknest.co.in","Google Xenon2026h2","Treknest",screenshot,0,"",2026-07-18 15:35:41,2026-07-18 15:35:54
8227,"kadambtrust.org.barads.in","Google Xenon2026h2","Kadamb Charitable Trust",screenshot,0,"",2026-07-18 15:35:41,2026-07-18 15:35:54
8226,"kadambtrust.org","Google Xenon2026h2","Kadamb Charitable Trust",screenshot,0,"",2026-07-18 15:35:41,2026-07-18 15:35:54
8218,"minio.37-187-136-86.sslip.io","Google Xenon2026h2","MinIO Console",screenshot,0,"",2026-07-18 15:35:41,2026-07-18 15:35:48
8216,"qsplawoffice.com","Google Xenon2026h2","Quimson Seebok & Partners Law Office",screenshot,0,"",2026-07-18 15:35:41,2026-07-18 15:35:49
8210,"apchanghao.com","DigiCert Wyvern2026h2","Attention Required! | Cloudflare",screenshot,0,"",2026-07-18 15:34:42,2026-07-18 15:35:05
8202,"www.www.www.stats.slclogin.com","DigiCert Wyvern2026h2","",screenshot,0,"",2026-07-18 15:34:42,2026-07-18 15:34:59
8201,"www.rinabet472.com","Google Argon2027h1","",screenshot,0,"",2026-07-18 15:34:42,2026-07-18 15:35:00
8200,"ww42.com","Google Argon2027h1","",screenshot,0,"",2026-07-18 15:34:42,2026-07-18 15:35:00
8199,"jihgwww.bawww.www.876546f7e27a7-b1e2-4f0e-8a00-62a2cb25ad1e.gbppromote.site","Google Argon2026h2","Invalid report link",screenshot,0,"",2026-07-18 15:34:42,2026-07-18 15:35:00
8198,"avshake.com","Google Argon2026h2","Avshake เว็บดูหนัง AV xxx หนังโป๊ญี่ปุ่น ดูฟรี 24 ชั่วโมง",screenshot,0,"",2026-07-18 15:34:42,2026-07-18 15:35:03
8190,"marbodalkok.nu","Google Argon2026h2","Sidan hittades inte | Marbodal",screenshot,0,"",2026-07-18 15:34:42,2026-07-18 15:34:54
8189,"tools4agents.com","Google Argon2026h2","TOOLS4AGENTS | THE DIRECTORY",screenshot,1,"login",2026-07-18 15:34:41,2026-07-18 15:34:54
8188,"edgeforai.com","Google Argon2026h2","EDGE | Sovereign AI Transformation Partner",screenshot,0,"",2026-07-18 15:34:41,2026-07-18 15:34:54
8187,"ywww.twvutsnmlojmlkjidcbadcfedceceopz5qi6kaxodkgayswwc427u5xbxn5a.dev-sandboxer.pavlin.dev","Google Argon2026h2","",screenshot,0,"",2026-07-18 15:34:41,2026-07-18 15:34:54
8177,"ymammy.ph","Google Xenon2026h2","Redirecting...",screenshot,0,"",2026-07-18 15:34:41,2026-07-18 15:34:48
8176,"data-sleman.portaljs.com","Google Xenon2026h2","PortalJS Open Data Portal | PortalJS",screenshot,1,"login",2026-07-18 15:34:41,2026-07-18 15:34:50
8175,"097www.21whm.whm.whm.whm.whm.whm.052-078-61-004.plesk.page","Google Xenon2026h2","Welcome to OpenResty!",screenshot,1,"nginx",2026-07-18 15:34:41,2026-07-18 15:34:49
8171,"wirkaufendeinenklassiker.de","DigiCert Wyvern2026h2","Seite nicht gefunden – Wir kaufen deinen Klassiker",screenshot,0,"",2026-07-18 15:33:45,2026-07-18 15:34:32
8170,"inneryu.co.uk","DigiCert Wyvern2026h2","Premium Herbal Tea & Supplements – InnerYu",screenshot,1,"powered by",2026-07-18 15:33:45,2026-07-18 15:34:31
8169,"www.maquettesparis.com","DigiCert Wyvern2026h2","MaquettesParis – Maquettes et jeux de construction éducatifs",screenshot,0,"",2026-07-18 15:33:45,2026-07-18 15:34:31
8168,"nua.deals","DigiCert Wyvern2026h2","Nua Deals",screenshot,0,"",2026-07-18 15:33:45,2026-07-18 15:34:29
8167,"bawhm.www.877053210whm.77053hate.school.and.securly-3351dcb3.nip.io","DigiCert Wyvern2026h2","Noahs Tutoring | Math",screenshot,0,"",2026-07-18 15:33:45,2026-07-18 15:34:30
8160,"super-i-0203fb93df61e2462.prd.workdaysuvcareers.com","DigiCert Wyvern2026h2","",screenshot,0,"",2026-07-18 15:33:45,2026-07-18 15:34:22
8159,"jnrimajangyshi.com.cn","DigiCert Wyvern2026h2","今日麻将运势 - 每日麻将运势查询，提升你的麻将胜率",screenshot,0,"",2026-07-18 15:33:45,2026-07-18 15:34:24
8158,"www.nathaliya.vyora.lk","DigiCert Wyvern2026h2","vyoraPOS - vyoraPOS",screenshot,1,"sign in",2026-07-18 15:33:45,2026-07-18 15:34:26
8156,"onlineshieldprotect.com","DigiCert Wyvern2026h2","404 Not Found",screenshot,1,"nginx",2026-07-18 15:33:45,2026-07-18 15:34:23
8155,"platinumpassion.com","DigiCert Wyvern2026h2","PlatinumPassion.com is for sale | HugeDomains",screenshot,0,"",2026-07-18 15:33:45,2026-07-18 15:34:23
8148,"kenganleycdjrbedford.com","DigiCert Wyvern2026h2","Chrysler Dodge Jeep RAM Dealer | CDJR Dealer Bedford, OH | Ken Ganley Chrysler Dodge Jeep RAM Bedford",screenshot,0,"",2026-07-18 15:33:44,2026-07-18 15:34:22
8147,"grdjj.com","DigiCert Wyvern2026h2","Attention Required! | Cloudflare",screenshot,0,"",2026-07-18 15:33:44,2026-07-18 15:34:21
8145,"hbycqy.com","DigiCert Wyvern2026h2","Attention Required! | Cloudflare",screenshot,0,"",2026-07-18 15:33:44,2026-07-18 15:34:21
8144,"events.cmbalive.com","DigiCert Wyvern2026h2","Event Schedule",screenshot,1,"log in",2026-07-18 15:33:44,2026-07-18 15:34:22
8143,"ugtform.ugate.co.id","DigiCert Wyvern2026h2","403 Forbidden",screenshot,1,"nginx",2026-07-18 15:33:44,2026-07-18 15:34:22
8136,"cpanel.mkl.nis.mybluehost.me","DigiCert Wyvern2026h2","cPanel Login",screenshot,1,"cpanel",2026-07-18 15:33:44,2026-07-18 15:34:20
8135,"autodiscover.mkl.nis.mybluehost.me","DigiCert Wyvern2026h2","",screenshot,0,"",2026-07-18 15:33:44,2026-07-18 15:34:19
8134,"og29.com","DigiCert Wyvern2026h2","og29.com is for sale | HugeDomains",screenshot,0,"",2026-07-18 15:33:44,2026-07-18 15:34:20
8133,"hudsonica.com","DigiCert Wyvern2026h2","Coming Soon",screenshot,0,"",2026-07-18 15:33:44,2026-07-18 15:34:19
8132,"hufs-ac-free-trial.factchat.bot","DigiCert Wyvern2026h2","hufs-ac-free-trial",screenshot,1,"powered by",2026-07-18 15:33:44,2026-07-18 15:34:20
8131,"peacestars.com","DigiCert Wyvern2026h2","PeaceStars.com is for sale | HugeDomains",screenshot,0,"",2026-07-18 15:33:44,2026-07-18 15:34:20
8124,"mail.restorativepractices.sites.grinnell.edu","DigiCert Wyvern2026h2","Restorative Practices – Grinnell College Circle Dialogues",screenshot,0,"",2026-07-18 15:33:44,2026-07-18 15:34:19
8121,"cpanel.restorativepractices.sites.grinnell.edu","DigiCert Wyvern2026h2","cPanel Login",screenshot,1,"cpanel",2026-07-18 15:33:44,2026-07-18 15:34:14
8112,"500oupeizhishu88.com.cn","DigiCert Wyvern2026h2","500欧赔指数 · 专业足彩欧赔数据分析",screenshot,0,"",2026-07-18 15:33:44,2026-07-18 15:34:13
8111,"pollypink.com","DigiCert Wyvern2026h2","PollyPink.com is for sale | HugeDomains",screenshot,0,"",2026-07-18 15:33:44,2026-07-18 15:34:11
8110,"0981ee147d3eab110fcdf000.netcraze.io","DigiCert Wyvern2026h2","403 Forbidden",screenshot,0,"",2026-07-18 15:33:44,2026-07-18 15:34:11
8109,"collectzoficial.com","DigiCert Wyvern2026h2","Collectz.",screenshot,0,"",2026-07-18 15:33:44,2026-07-18 15:34:11
8108,"bysucosmetics.com","DigiCert Wyvern2026h2","BY.SU",screenshot,1,"signin",2026-07-18 15:33:44,2026-07-18 15:34:11
8107,"www.bergrichter.at","DigiCert Wyvern2026h2","Höchstgelegene Ferienwohnungen St. Anton · Bergrichter",screenshot,0,"",2026-07-18 15:33:44,2026-07-18 15:34:11
8098,"alyastafford.com","DigiCert Wyvern2026h2","AlyaStafford.com is for sale | HugeDomains",screenshot,0,"",2026-07-18 15:33:44,2026-07-18 15:34:05
8097,"vpn1.fangcao.net","DigiCert Wyvern2026h2","fangcao.net",screenshot,0,"",2026-07-18 15:33:44,2026-07-18 15:34:06
8096,"peckperformance.com","DigiCert Wyvern2026h2","PeckPerformance.com is for sale | HugeDomains",screenshot,0,"",2026-07-18 15:33:44,2026-07-18 15:34:05
8095,"www.kizain.com","DigiCert Wyvern2026h2","SOGNARESSENCE – kizain",screenshot,0,"",2026-07-18 15:33:44,2026-07-18 15:34:06
8088,"pondercare.com","DigiCert Wyvern2026h2","PonderCare.com is for sale | HugeDomains",screenshot,0,"",2026-07-18 15:33:44,2026-07-18 15:34:01
8087,"pay.globalregeneration.co","DigiCert Wyvern2026h2","Online payment @ Global Regeneration",screenshot,0,"",2026-07-18 15:33:44,2026-07-18 15:34:00
8086,"amjfngsxtu-staging.onrocket.site","DigiCert Wyvern2026h2","The Little Red Barn Indoor Playground - Lets Play Farm Today!",screenshot,0,"",2026-07-18 15:33:44,2026-07-18 15:34:04
8084,"www.sushivillaoakland.com","DigiCert Wyvern2026h2","403: Forbidden",screenshot,0,"",2026-07-18 15:33:44,2026-07-18 15:34:00
8083,"pineapplepine.com","DigiCert Wyvern2026h2","PineapplePine.com is for sale | HugeDomains",screenshot,0,"",2026-07-18 15:33:44,2026-07-18 15:34:01
8076,"txch-relay.tns.cx","DigiCert Wyvern2026h2","",screenshot,0,"",2026-07-18 15:33:44,2026-07-18 15:33:54
8075,"www.titanfitstore.shop","DigiCert Wyvern2026h2","– Titan Fit Store",screenshot,0,"",2026-07-18 15:33:44,2026-07-18 15:33:57
8074,"illusivebyte.org","DigiCert Wyvern2026h2","Coming Soon",screenshot,0,"",2026-07-18 15:33:44,2026-07-18 15:33:54
8073,"www.gasser-bastian.lima-city.de","DigiCert Wyvern2026h2","www.gasser-bastian.lima-city.de - Webseite inaktiv",screenshot,1,"log in",2026-07-18 15:33:44,2026-07-18 15:33:54
8071,"webmail.starstarcommunications.com","DigiCert Wyvern2026h2","Webmail Login",screenshot,1,"webmail",2026-07-18 15:33:44,2026-07-18 15:33:55
8064,"go.houstonhomefunding.com","DigiCert Wyvern2026h2","",screenshot,0,"",2026-07-18 15:33:44,2026-07-18 15:33:48
8063,"www.burgon.org.ph","DigiCert Wyvern2026h2","Redirecting...",screenshot,0,"",2026-07-18 15:33:44,2026-07-18 15:33:48
8062,"www.formavia.shop","DigiCert Wyvern2026h2","Formavia",screenshot,0,"",2026-07-18 15:33:44,2026-07-18 15:33:49
8061,"phspring.com","DigiCert Wyvern2026h2","PhSpring.com is for sale | HugeDomains",screenshot,0,"",2026-07-18 15:33:44,2026-07-18 15:33:49
8060,"934da071b47d8f7b7b5144ac.netcraze.io","DigiCert Wyvern2026h2","403 Forbidden",screenshot,0,"",2026-07-18 15:33:44,2026-07-18 15:33:49
8051,"portainer-de-fra-1.holedo.com","Google Argon2026h2","Loading...",screenshot,0,"",2026-07-18 15:33:42,2026-07-18 15:33:45
8049,"sonclube.com.br","Google Argon2026h2","Home - Sonclube",screenshot,0,"",2026-07-18 15:33:42,2026-07-18 15:33:47
8048,"snook.design","Google Argon2026h2","Seite nicht gefunden – Snook.Design",screenshot,0,"",2026-07-18 15:33:42,2026-07-18 15:33:45
8047,"collegeserver.in","Google Argon2026h2","College Management System – SASU / THB College",screenshot,0,"",2026-07-18 15:33:41,2026-07-18 15:33:45
8040,"shopier.cekirdekatolye.com","Google Argon2027h1","403 Forbidden",screenshot,0,"",2026-07-18 15:33:41,2026-07-18 15:33:43
8039,"www.onlyapril.com","Google Argon2027h1","",screenshot,0,"",2026-07-18 15:33:41,2026-07-18 15:33:43
8038,"dollishstrands.com","Google Argon2027h1","",screenshot,0,"",2026-07-18 15:33:41,2026-07-18 15:33:43
8037,"alplux.de","Google Argon2027h1","ALPLUX - Инструкторы, Отели, Трансфер в Альпах",screenshot,0,"",2026-07-18 15:33:41,2026-07-18 15:33:44
8036,"www.alexislunsfordphotography.com","Google Argon2027h1","Alexis Lunsford | Candid & Documentary Wedding Photographer",screenshot,0,"",2026-07-18 15:33:41,2026-07-18 15:33:44
8035,"tradingprof.de","Google Xenon2026h2","Orderflow University – Vom Retail Trader zum Profi Ranglisten Trader",screenshot,0,"",2026-07-18 15:33:41,2026-07-18 15:33:43
8028,"p844.com.ph","Google Xenon2026h2","Redirecting...",screenshot,0,"",2026-07-18 15:33:41,2026-07-18 15:33:42
8027,"tradinggaltiyaan.in","Google Xenon2026h2","Parked Domain name on Hostinger DNS system",screenshot,0,"",2026-07-18 15:33:41,2026-07-18 15:33:42
8026,"maya.n-dh8vld49onb623hn9cg7e.prd.workdaysuv.com","Google Xenon2026h2","",screenshot,0,"",2026-07-18 15:33:41,2026-07-18 15:33:42
8025,"osteopathie-knirsch.com","Google Xenon2026h2","Osteopathie & Physiotherapie Knirsch Feuchtwangen",screenshot,0,"",2026-07-18 15:33:41,2026-07-18 15:33:42
8023,"valvetrimindustries.com","Google Xenon2026h2","Valve Trim Industries",screenshot,1,"powered by",2026-07-18 15:33:41,2026-07-18 15:33:42
8022,"accounts.senneca.de","Google Xenon2026h2","Just a moment...",screenshot,0,"",2026-07-18 15:33:41,2026-07-18 15:33:41
8014,"parkcenter.ma","DigiCert Wyvern2026h2","Index of /",screenshot,0,"",2026-07-18 15:32:44,2026-07-18 15:32:57
8013,"alsistemas.com.br","DigiCert Wyvern2026h2","Início",screenshot,0,"",2026-07-18 15:32:44,2026-07-18 15:33:00
8011,"martinvass.com","DigiCert Wyvern2026h2","Ottawa Web Design | Martin Vass - SEO Expert & Web Developer",screenshot,0,"",2026-07-18 15:32:44,2026-07-18 15:32:57
8010,"gaetzmedical.securitywatch.ca","DigiCert Wyvern2026h2","Attention Required! | Cloudflare",screenshot,0,"",2026-07-18 15:32:44,2026-07-18 15:32:57
8001,"www.mikadogakuin.com","Google Argon2026h2","占いの学校 手相・タロットを学べる | みかど学院 神奈川県横浜校",screenshot,0,"",2026-07-18 15:32:42,2026-07-18 15:32:54
8000,"hainanhongbaoxiaoyouxixile.com.cn","Google Argon2026h2","海南红包小游戏系列 - 海南特色红包游戏大全，免费在线玩",screenshot,0,"",2026-07-18 15:32:42,2026-07-18 15:32:52
7998,"clinres.co.za","Google Argon2026h2","Safesun Systems",screenshot,1,"powered by",2026-07-18 15:32:42,2026-07-18 15:32:54
7997,"intixs.n-dh8vld49onb623hn9cg7e.prd.workdaysuv.com","Google Argon2026h2","",screenshot,0,"",2026-07-18 15:32:42,2026-07-18 15:32:50
7990,"earnenoughmoney.com","Google Argon2027h1","Access Denied",screenshot,0,"",2026-07-18 15:32:41,2026-07-18 15:32:49
7989,"www.algopalace.com","Google Argon2027h1","algopalace.com",screenshot,0,"",2026-07-18 15:32:41,2026-07-18 15:32:50
7988,"snusk.nu","Google Xenon2026h2","Snusk.nu is for sale. Buy it today!",screenshot,1,"powered by",2026-07-18 15:32:41,2026-07-18 15:32:50
7987,"ir70.net.ph","Google Xenon2026h2","Redirecting...",screenshot,0,"",2026-07-18 15:32:41,2026-07-18 15:32:49
7986,"api-v1.woodenrailways.uk","Google Xenon2026h2","Traditional Wooden Railway Parts & Playsets | Wooden Railways",screenshot,0,"",2026-07-18 15:32:41,2026-07-18 15:32:50
7985,"www.miguelangelgaliciamartinez.com","Google Xenon2026h2","www.miguelangelgaliciamartinez.com",screenshot,0,"",2026-07-18 15:32:41,2026-07-18 15:32:49
7978,"charlestonluxurygroup.com.ph","Google Xenon2026h2","Redirecting...",screenshot,0,"",2026-07-18 15:32:41,2026-07-18 15:32:48
7977,"sw-coloredrock.pages.dev","Google Xenon2026h2"," ",screenshot,0,"",2026-07-18 15:32:41,2026-07-18 15:32:47
7976,"segurobet7.com","Google Xenon2026h2","Redirecting...",screenshot,0,"",2026-07-18 15:32:41,2026-07-18 15:32:48
7975,"analytics.puresoundnetwork.com","Google Xenon2026h2","Umami",screenshot,0,"",2026-07-18 15:32:41,2026-07-18 15:32:48
7974,"kastielmalacky.sk","Google Xenon2026h2","Pálffyovský kaštieľ Malacky",screenshot,0,"",2026-07-18 15:32:41,2026-07-18 15:32:49
7973,"www.whispernode.de","Google Xenon2026h2","WhisperNode – Transkribieren",screenshot,0,"",2026-07-18 15:32:41,2026-07-18 15:32:48
7970,"admin.jewelrymagnets.com","DigiCert Wyvern2026h2","404 Not Found",screenshot,0,"",2026-07-18 15:31:43,2026-07-18 15:32:13
7968,"notexists5whm.update.www.wwwwwwhxbdxfzoipfortinet.nordenolje.se","DigiCert Wyvern2026h2","WordPress Webhotel",screenshot,0,"",2026-07-18 15:31:43,2026-07-18 15:32:12
7967,"jlbankscapital.com","DigiCert Wyvern2026h2","Coming Soon",screenshot,0,"",2026-07-18 15:31:43,2026-07-18 15:32:12
7966,"bohemiancricket.com","DigiCert Wyvern2026h2","Bohemian Cricket Boutique",screenshot,1,"powered by",2026-07-18 15:31:43,2026-07-18 15:32:14
7958,"opso.com.cn","DigiCert Wyvern2026h2","Attention Required! | Cloudflare",screenshot,0,"",2026-07-18 15:31:43,2026-07-18 15:32:08
7957,"staging.corelixlms.com","DigiCert Wyvern2026h2","Corelix LMS — AI-Powered Corporate Training Platform",screenshot,1,"powered by",2026-07-18 15:31:43,2026-07-18 15:32:11
7956,"miralexa.ro","DigiCert Wyvern2026h2","Miralexa Comercial | Informații la 0729 973 567",screenshot,0,"",2026-07-18 15:31:43,2026-07-18 15:32:11
7955,"cabinetrosae.fr","DigiCert Wyvern2026h2","Cabinet Rosae | Prenez rendez-vous facilement aujourd'hui",screenshot,0,"",2026-07-18 15:31:43,2026-07-18 15:32:08
7954,"sw6.andreaspfotenhauer.de","DigiCert Wyvern2026h2","factory sales",screenshot,0,"",2026-07-18 15:31:43,2026-07-18 15:32:08
7953,"pamspetplaza.com","DigiCert Wyvern2026h2","Store unavailable",screenshot,0,"",2026-07-18 15:31:43,2026-07-18 15:32:08
7946,"eirasweden.com","DigiCert Wyvern2026h2","Terravex | Outils de Jardinage Premium — Qualité & Durabilité",screenshot,0,"",2026-07-18 15:31:43,2026-07-18 15:32:06
7945,"epickitty.net","DigiCert Wyvern2026h2","Coming Soon",screenshot,0,"",2026-07-18 15:31:43,2026-07-18 15:32:06
7944,"sunfallcompany.com","DigiCert Wyvern2026h2","Sunfall Company",screenshot,1,"powered by",2026-07-18 15:31:43,2026-07-18 15:32:06
7943,"ulrikaingemarsdotter.se","DigiCert Wyvern2026h2","500 Internal Server Error",screenshot,0,"",2026-07-18 15:31:43,2026-07-18 15:32:06
7942,"mcw3979.vip","DigiCert Wyvern2026h2","mcw3979 – Chơi Game Online Uy Tín Việt Nam",screenshot,0,"",2026-07-18 15:31:43,2026-07-18 15:32:08
7941,"www.haveall.live","DigiCert Wyvern2026h2","HAVE ALL | Mecánico a Domicilio 24/7 | Coches, Camiones y Tractores",screenshot,1,"it works",2026-07-18 15:31:43,2026-07-18 15:32:07
7933,"castorexclusivalavras.com.br","DigiCert Wyvern2026h2","Loja Exclusiva Castor — Um sonho de colchão | Lavras, MG",screenshot,0,"",2026-07-18 15:31:43,2026-07-18 15:32:05
7932,"bullydogcare.com","DigiCert Wyvern2026h2","Worthyof • Superior Standard Skincare",screenshot,1,"log in",2026-07-18 15:31:43,2026-07-18 15:32:05
7931,"warsztatauto.pl","DigiCert Wyvern2026h2","404 Not Found",screenshot,0,"",2026-07-18 15:31:43,2026-07-18 15:32:04
7930,"ffsandusr0ruanecunniff.ph","DigiCert Wyvern2026h2","Redirecting...",screenshot,0,"",2026-07-18 15:31:43,2026-07-18 15:32:04
7929,"notexistsm.metrumgroup.ru","DigiCert Wyvern2026h2","Domain has been assigned",screenshot,0,"",2026-07-18 15:31:43,2026-07-18 15:32:04
7922,"consulting-and-coaching.fr","DigiCert Wyvern2026h2","PlanetHoster - Votre hébergement est actif!",screenshot,0,"",2026-07-18 15:31:43,2026-07-18 15:32:03
7921,"cust59.ecoplasticsltd.com","DigiCert Wyvern2026h2","ecoplasticsltd.com",screenshot,0,"",2026-07-18 15:31:43,2026-07-18 15:32:04
7920,"crm.victones.com.br","DigiCert Wyvern2026h2","Woofed CRM",screenshot,0,"",2026-07-18 15:31:43,2026-07-18 15:32:04
7919,"www.tedoptimussdnbhd.com","DigiCert Wyvern2026h2","TED Optimus",screenshot,1,"powered by",2026-07-18 15:31:43,2026-07-18 15:32:04
7918,"rstransfers.site","DigiCert Wyvern2026h2","Faro Airport transfers Algarve | RStransfers",screenshot,0,"",2026-07-18 15:31:43,2026-07-18 15:32:03
7917,"www.cbohlo.ph","DigiCert Wyvern2026h2","Redirecting...",screenshot,0,"",2026-07-18 15:31:43,2026-07-18 15:32:03
7910,"hotelemperador.net","DigiCert Wyvern2026h2","Menace Casino 🏅 Menace Oficial em Portugal",screenshot,0,"",2026-07-18 15:31:43,2026-07-18 15:32:01
7909,"centerten.net","DigiCert Wyvern2026h2","Home - Megalink Electronic Scoring Systems",screenshot,0,"",2026-07-18 15:31:43,2026-07-18 15:32:02
7908,"www.stratmeyer.us","DigiCert Wyvern2026h2","Leagues — the family cup game",screenshot,1,"sign in",2026-07-18 15:31:43,2026-07-18 15:32:01
7907,"collana.ca","DigiCert Wyvern2026h2","Collana — One Profile. Real Opportunities.",screenshot,1,"it works",2026-07-18 15:31:43,2026-07-18 15:32:03
7906,"joinourcommunity.site","DigiCert Wyvern2026h2","Join WhatsApp Earning Community - Real Online Work",screenshot,0,"",2026-07-18 15:31:43,2026-07-18 15:32:01
7905,"gp-auto-testbrand-97-1784387731670-7965.zendesk.com","DigiCert Wyvern2026h2","Just a moment...",screenshot,0,"",2026-07-18 15:31:43,2026-07-18 15:32:01
7896,"www.bathroominstallationsleicester.bathroominstallationderby.co.uk","DigiCert Wyvern2026h2","Bathroom Installations Leicester | Bathroom Renovations Leicester",screenshot,0,"",2026-07-18 15:31:43,2026-07-18 15:32:00
7895,"www.bathroominstallationmansfield.bathroominstallationderby.co.uk","DigiCert Wyvern2026h2","Bathroom Installations Leicester | Bathroom Renovations Leicester",screenshot,0,"",2026-07-18 15:31:43,2026-07-18 15:32:00
7894,"bathroominstallationsleicester.co.uk","DigiCert Wyvern2026h2","Bathroom Installations Leicester | Bathroom Renovations Leicester",screenshot,0,"",2026-07-18 15:31:42,2026-07-18 15:32:00
7893,"bathroominstallationmansfield.co.uk","DigiCert Wyvern2026h2","Bathroom Installations Leicester | Bathroom Renovations Leicester",screenshot,0,"",2026-07-18 15:31:42,2026-07-18 15:32:00
7886,"sparrowhomeschool.com","Google Argon2026h2","Sparrow Homeschool LLC – Nurturing Minds, Defending Faith",screenshot,0,"",2026-07-18 15:31:41,2026-07-18 15:31:56
7884,"i6u1.com.ph","Google Argon2026h2","",screenshot,0,"",2026-07-18 15:31:41,2026-07-18 15:31:51
7883,"littyinfrastructureanddefenselaw.com","Google Argon2026h2","ConnectYourDomain Error | Wix.com",screenshot,0,"",2026-07-18 15:31:41,2026-07-18 15:31:51
7882,"l5wq.ph","Google Argon2026h2","Redirecting...",screenshot,0,"",2026-07-18 15:31:41,2026-07-18 15:31:51
7874,"cookinstu.com","Google Argon2026h2","Cookin' Stu",screenshot,0,"",2026-07-18 15:31:41,2026-07-18 15:31:48
7873,"usd200net.pages.dev","Google Argon2026h2","USD200 -> Revolusi Hiburan Digital Panduan Navigasi Platform Game Mobile",screenshot,0,"",2026-07-18 15:31:41,2026-07-18 15:31:48
7872,"yxwvyxwrqpovutsrqlkfedcbytsrqponihcba876143spx6i00tk119yd4i.ai-assistant.internetleiden.nl","Google Argon2026h2","403 Forbidden",screenshot,0,"",2026-07-18 15:31:41,2026-07-18 15:31:48
7871,"webmail.oikonomoutzamia.gr","Google Argon2026h2","Roundcube Webmail :: Welcome to Roundcube Webmail",screenshot,1,"webmail",2026-07-18 15:31:41,2026-07-18 15:31:48
7870,"oikonomoutzamia.gr","Google Argon2026h2","Home - Οικονόμου Τζάμια",screenshot,1,"powered by",2026-07-18 15:31:41,2026-07-18 15:31:50
7869,"tmvgreen.lv","Google Argon2026h2","TMV GREEN – Powering the Green Energy",screenshot,0,"",2026-07-18 15:31:41,2026-07-18 15:31:49
7858,"kronenkluengel.de","Google Xenon2026h2","Kronen Klüngel | Karnevalsschmuck auf höchstem Niveau",screenshot,0,"",2026-07-18 15:31:41,2026-07-18 15:31:42
7857,"whm.dev.www.manchester-auto-specialist.skalo.nl","Google Xenon2026h2","",screenshot,1,"powered by",2026-07-18 15:31:41,2026-07-18 15:31:42
7849,"salvagesupportservices.com","DigiCert Wyvern2026h2","Redirecting...",screenshot,0,"",2026-07-18 15:30:45,2026-07-18 15:30:53
7848,"h-system.biz","DigiCert Wyvern2026h2","設備エイチシステム | ストーブ・ボイラー・エアコン・メンテナンス・電化製品設置など様々な用途に対応した会社です",screenshot,1,"powered by",2026-07-18 15:30:45,2026-07-18 15:30:57
7845,"api.fosela.com","Google Argon2026h2","",screenshot,0,"",2026-07-18 15:30:41,2026-07-18 15:30:53
7834,"drug.wine.foodallergynetwork.net","Google Argon2026h2","Welcome to drug.wine.foodallergynetwork.net: Your One-Stop Platform for Quality Content and Services",screenshot,1,"powered by",2026-07-18 15:30:41,2026-07-18 15:30:48
7833,"yoursmilenj.com","Google Argon2026h2","Dentist in Flemington, NJ | Your Smile - Dr Malgorzata Munz DMD",screenshot,0,"",2026-07-18 15:30:41,2026-07-18 15:30:48
7832,"jilimm.ph","Google Argon2026h2","",screenshot,0,"",2026-07-18 15:30:41,2026-07-18 15:30:49
7823,"xy048.com","Google Xenon2026h2","unstoppabledomains.com",screenshot,0,"",2026-07-18 15:30:41,2026-07-18 15:30:44
7822,"dev.annette-sewing.com","Google Xenon2026h2","",screenshot,0,"",2026-07-18 15:30:41,2026-07-18 15:30:44
7821,"annette-sewing.com","Google Xenon2026h2","Startseite - Annette Sewing - Klarheit und Werte",screenshot,0,"",2026-07-18 15:30:41,2026-07-18 15:30:47
7812,"37-187-136-86.sslip.io","Google Xenon2026h2","",screenshot,0,"",2026-07-18 15:30:41,2026-07-18 15:30:42
7811,"egaweb18.at","Google Xenon2026h2","///",screenshot,0,"",2026-07-18 15:30:41,2026-07-18 15:30:44
7810,"email.connect.eunicebermudez.com","Google Xenon2026h2","",screenshot,0,"",2026-07-18 15:30:41,2026-07-18 15:30:42
7809,"viewtogether.ddns.net","Google Xenon2026h2","Mirador Remoto",screenshot,0,"",2026-07-18 15:30:41,2026-07-18 15:30:43
7808,"h8vn.ngo.ph","Google Xenon2026h2","Redirecting...",screenshot,0,"",2026-07-18 15:30:41,2026-07-18 15:30:42
7807,"www.yupdate.yupdate.ihgjihgfupkjidcbawonderlandvape.comwwwcomcomwww2.h2862589.stratoserver.net","Google Xenon2026h2","Mattermost",screenshot,0,"",2026-07-18 15:30:41,2026-07-18 15:30:42
7803,"xxxx.daifudidi.cn","DigiCert Wyvern2026h2","首页",screenshot,0,"",2026-07-18 15:29:44,2026-07-18 15:30:20
7802,"kosmetik-andrea.de","DigiCert Wyvern2026h2","Andrea Kosmetik",screenshot,1,"login",2026-07-18 15:29:44,2026-07-18 15:30:18
7801,"elink17a.mail.iudigest.com","DigiCert Wyvern2026h2","404 Not Found",screenshot,1,"nginx",2026-07-18 15:29:44,2026-07-18 15:30:18
7800,"alpyseo.fr","DigiCert Wyvern2026h2","Consultant SEO freelance • Alpy SEO & Web • Valentin Coutaz",screenshot,0,"",2026-07-18 15:29:44,2026-07-18 15:30:18
7798,"simtpp.digitaldev.id","DigiCert Wyvern2026h2","Login | SIMTPP",screenshot,1,"sign in",2026-07-18 15:29:44,2026-07-18 15:30:21
7791,"interval-r.ru","DigiCert Wyvern2026h2","Интервал Р — interval-r@mail.ru +7-931-278-7898",screenshot,0,"",2026-07-18 15:29:44,2026-07-18 15:30:14
7789,"turn.office.colibriconcepts.de","DigiCert Wyvern2026h2","",screenshot,0,"",2026-07-18 15:29:44,2026-07-18 15:30:12
7788,"lukewilliamsphotography.com","DigiCert Wyvern2026h2","Luke Williams Photography",screenshot,0,"",2026-07-18 15:29:44,2026-07-18 15:30:13
7787,"lundarundan.lundsok.se","DigiCert Wyvern2026h2","Lundarundan – Upptäck Lund genom fotoorientering",screenshot,0,"",2026-07-18 15:29:44,2026-07-18 15:30:13
7779,"d2311t.click","DigiCert Wyvern2026h2","Redirecting...",screenshot,0,"",2026-07-18 15:29:44,2026-07-18 15:30:07
7778,"asxahelp.zendesk.com","DigiCert Wyvern2026h2","Se connecter à asxa",screenshot,0,"",2026-07-18 15:29:44,2026-07-18 15:30:08
7776,"autoconfig.bombaycorner.in","DigiCert Wyvern2026h2","",screenshot,0,"",2026-07-18 15:29:44,2026-07-18 15:30:07
7775,"newbusinessautomation.info","DigiCert Wyvern2026h2","unstoppabledomains.com",screenshot,0,"",2026-07-18 15:29:44,2026-07-18 15:30:08
7774,"aux.ba","DigiCert Wyvern2026h2","Aux.ba – Toplotne Pumpe",screenshot,0,"",2026-07-18 15:29:44,2026-07-18 15:30:11
7767,"autodiscover.trurofalmouth-libdems.org.uk","DigiCert Wyvern2026h2","Page Not Found",screenshot,0,"",2026-07-18 15:29:44,2026-07-18 15:30:06
7766,"web1.vodka-bet-casino-0ywsa.top","DigiCert Wyvern2026h2","Arkada казино официальный сайт: личный кабинет, зеркало Arkada casino, регистрация с бонусом на депозит",screenshot,0,"",2026-07-18 15:29:44,2026-07-18 15:30:06
7765,"ntp.vodka-bet-casino-0ywsa.top","DigiCert Wyvern2026h2","Arkada казино официальный сайт: личный кабинет, зеркало Arkada casino, регистрация с бонусом на депозит",screenshot,0,"",2026-07-18 15:29:44,2026-07-18 15:30:07
7764,"nagios.vodka-bet-casino-0ywsa.top","DigiCert Wyvern2026h2","Arkada казино официальный сайт: личный кабинет, зеркало Arkada casino, регистрация с бонусом на депозит",screenshot,0,"",2026-07-18 15:29:44,2026-07-18 15:30:06
7763,"mrtg.vodka-bet-casino-0ywsa.top","DigiCert Wyvern2026h2","Arkada казино официальный сайт: личный кабинет, зеркало Arkada casino, регистрация с бонусом на депозит",screenshot,0,"",2026-07-18 15:29:44,2026-07-18 15:30:06
7762,"moodle.vodka-bet-casino-0ywsa.top","DigiCert Wyvern2026h2","Arkada казино официальный сайт: личный кабинет, зеркало Arkada casino, регистрация с бонусом на депозит",screenshot,0,"",2026-07-18 15:29:44,2026-07-18 15:30:07
7755,"66prioryroad.co.uk","DigiCert Wyvern2026h2","F168 ⭐️ F168.COM Cổng Game Uy Tín #1/2026 | Tải App F168 +168K",screenshot,1,"sign in",2026-07-18 15:29:44,2026-07-18 15:30:01
7753,"verdeapi.agenciascredisa.com.br","DigiCert Wyvern2026h2","Error",screenshot,0,"",2026-07-18 15:29:44,2026-07-18 15:30:00
7752,"unitedserver.is-an.ai","DigiCert Wyvern2026h2","Suspended Domain",screenshot,0,"",2026-07-18 15:29:44,2026-07-18 15:30:00
7743,"ellitefusion.com","DigiCert Wyvern2026h2","ellitefusion.com",screenshot,0,"",2026-07-18 15:29:44,2026-07-18 15:29:59
7742,"www.amelianow.com","DigiCert Wyvern2026h2","Amelia Now",screenshot,0,"",2026-07-18 15:29:44,2026-07-18 15:29:59
7741,"firewall.gridguard.me","DigiCert Wyvern2026h2","WireGuard UI",screenshot,1,"sign in",2026-07-18 15:29:44,2026-07-18 15:29:58
7740,"ambeessadors.org","DigiCert Wyvern2026h2","",screenshot,0,"",2026-07-18 15:29:44,2026-07-18 15:29:59
7739,"predictflow.app","DigiCert Wyvern2026h2","predictflow.app",screenshot,1,"powered by",2026-07-18 15:29:44,2026-07-18 15:29:58
7738,"pethearth.com","DigiCert Wyvern2026h2","Pet Hearth - Your Pet's Smart Companion",screenshot,0,"",2026-07-18 15:29:44,2026-07-18 15:29:58
7731,"nextwavefilms.com","DigiCert Wyvern2026h2","Welcome to Next Wave Films",screenshot,0,"",2026-07-18 15:29:44,2026-07-18 15:29:57
7730,"mail.nextwavefilms.com","DigiCert Wyvern2026h2","Welcome to Next Wave Films",screenshot,0,"",2026-07-18 15:29:44,2026-07-18 15:29:58
7729,"cpcontacts.nextwavefilms.com","DigiCert Wyvern2026h2","503 Service Unavailable",screenshot,0,"",2026-07-18 15:29:44,2026-07-18 15:29:57
7728,"cpcalendars.nextwavefilms.com","DigiCert Wyvern2026h2","503 Service Unavailable",screenshot,0,"",2026-07-18 15:29:44,2026-07-18 15:29:57
7727,"cpanel.peterbroderick.com","DigiCert Wyvern2026h2","cPanel Login",screenshot,1,"cpanel",2026-07-18 15:29:44,2026-07-18 15:29:57
7726,"cpanel.nextwavefilms.com","DigiCert Wyvern2026h2","cPanel Login",screenshot,1,"cpanel",2026-07-18 15:29:44,2026-07-18 15:29:57
7719,"florins.nl","DigiCert Wyvern2026h2","Dovendi - florins.nl is nu te koop",screenshot,0,"",2026-07-18 15:29:44,2026-07-18 15:29:56
7718,"digitalu.nl","DigiCert Wyvern2026h2","Dovendi - digitalu.nl is nu te koop",screenshot,0,"",2026-07-18 15:29:44,2026-07-18 15:29:56
7717,"bertal.nl","DigiCert Wyvern2026h2","Dovendi - bertal.nl is nu te koop",screenshot,0,"",2026-07-18 15:29:44,2026-07-18 15:29:55
7716,"babyloan.nl","DigiCert Wyvern2026h2","Dovendi - babyloan.nl is nu te koop",screenshot,0,"",2026-07-18 15:29:44,2026-07-18 15:29:55
7715,"11390east26th.com","DigiCert Wyvern2026h2","",screenshot,0,"",2026-07-18 15:29:44,2026-07-18 15:29:56
7714,"vitalityreviewcenter.shop","DigiCert Wyvern2026h2","vitalityreviewcenter.shop",screenshot,0,"",2026-07-18 15:29:44,2026-07-18 15:29:56
7707,"node3ger.rspingnadz.pro","Google Argon2026h2","Page_1385dd10",screenshot,0,"",2026-07-18 15:29:42,2026-07-18 15:29:55
7706,"pepelarestaurant.ru","Google Argon2026h2","Джойказино | Joycasino Официальный Сайт",screenshot,0,"",2026-07-18 15:29:42,2026-07-18 15:29:54
7705,"i-0203fb93df61e2462.prd.workdaysuvsite.com","Google Argon2026h2","",screenshot,0,"",2026-07-18 15:29:42,2026-07-18 15:29:54
7704,"centerofsweden.se","Google Argon2026h2","Parked at Loopia",screenshot,1,"login",2026-07-18 15:29:42,2026-07-18 15:29:55
7702,"baud.is","Google Argon2026h2","Checkdomain Parking - baud.is",screenshot,0,"",2026-07-18 15:29:42,2026-07-18 15:29:54
7695,"shizunaga.net","Google Argon2027h1","",screenshot,0,"",2026-07-18 15:29:41,2026-07-18 15:29:49
7693,"kaisar-telah-kembali.pages.dev","Google Xenon2026h2","SARANAJITU # Gerbang Juara Utama 4D Dengan Layanan Terbaik",screenshot,0,"",2026-07-18 15:29:41,2026-07-18 15:29:48
7692,"agrifocus.in","Google Xenon2026h2","agri point",screenshot,0,"",2026-07-18 15:29:41,2026-07-18 15:29:50
7691,"danielctaylor.net","Google Xenon2026h2","Daniel Taylor",screenshot,0,"",2026-07-18 15:29:41,2026-07-18 15:29:49
7683,"promo.tiomarket.com","Google Xenon2026h2","Promoción Leche El Tío – Saturno Market",screenshot,0,"",2026-07-18 15:29:41,2026-07-18 15:29:46
7682,"266478.cc","Google Xenon2026h2","",screenshot,0,"",2026-07-18 15:29:41,2026-07-18 15:29:48
7680,"direwolf-794fcea80f-redux-722641ec6fbe.herokuapp.com","Google Xenon2026h2","No such app",screenshot,0,"",2026-07-18 15:29:41,2026-07-18 15:29:46
7679,"webmail.cammino.app","Google Xenon2026h2","Webmail Login",screenshot,1,"webmail",2026-07-18 15:29:41,2026-07-18 15:29:46
7678,"webdisk.cammino.app","Google Xenon2026h2","Error 503 - Service Unavailable",screenshot,0,"",2026-07-18 15:29:41,2026-07-18 15:29:45
7671,"vodkacasino-choice.top","Google Xenon2026h2","403 Forbidden",screenshot,0,"",2026-07-18 15:29:41,2026-07-18 15:29:43
7670,"ipta.ro","Google Xenon2026h2","IPTA România - Asociația Idei și Proiecte pentru Tineri Activi",screenshot,0,"",2026-07-18 15:29:41,2026-07-18 15:29:45
7669,"43aa.org.ph","Google Xenon2026h2","Redirecting...",screenshot,0,"",2026-07-18 15:29:41,2026-07-18 15:29:43
7668,"wordpress.goldfinger-webdesign.de","Google Xenon2026h2","",screenshot,0,"",2026-07-18 15:29:41,2026-07-18 15:29:43
7667,"goldfinger-webdesign.de","Google Xenon2026h2","goldfinger-webdesign.de",screenshot,0,"",2026-07-18 15:29:41,2026-07-18 15:29:43
7666,"comicbuero.de","Google Xenon2026h2","",screenshot,0,"",2026-07-18 15:29:41,2026-07-18 15:29:45
7665,"alltherest.com","Google Xenon2026h2","Christmas Ornaments--Christmas Decor--Christmas Gifts",screenshot,0,"",2026-07-18 15:29:41,2026-07-18 15:29:43
7661,"babangidayohanna.cv","DigiCert Wyvern2026h2","Babangida Yohanna",screenshot,0,"",2026-07-18 15:28:42,2026-07-18 15:28:59
7660,"realcampaignreform.org","DigiCert Wyvern2026h2","RCR - HOME",screenshot,0,"",2026-07-18 15:28:42,2026-07-18 15:28:59
7659,"realcampaignreform.net","DigiCert Wyvern2026h2","RCR - HOME",screenshot,0,"",2026-07-18 15:28:42,2026-07-18 15:28:59
7658,"realcampaignreform.com","DigiCert Wyvern2026h2","RCR - HOME",screenshot,0,"",2026-07-18 15:28:42,2026-07-18 15:28:59
7657,"dupainetdesgateaux.com","DigiCert Wyvern2026h2","Du pain & des gâteaux : boulangerie-pâtisserie Nancy",screenshot,0,"",2026-07-18 15:28:42,2026-07-18 15:29:00
7656,"webmail.vh506.mail01.ihb.by","DigiCert Wyvern2026h2","Roundcube Webmail :: Welcome to Roundcube Webmail",screenshot,1,"webmail",2026-07-18 15:28:42,2026-07-18 15:28:59
7649,"app.roshnet.com","Google Argon2026h2","",screenshot,0,"",2026-07-18 15:28:41,2026-07-18 15:28:57
7648,"depots.container-xchange.com","Google Argon2026h2","Visual Programming | Bubble",screenshot,1,"log in",2026-07-18 15:28:41,2026-07-18 15:28:54
7647,"win88jpa3.live","Google Argon2026h2","win88jpa3.live | 525: SSL handshake failed",screenshot,0,"",2026-07-18 15:28:41,2026-07-18 15:28:52
7646,"nachbaralarm.de","Google Argon2026h2","Nachbaralarm – Freundlich Nachbarn vorwarnen beim Grillen, Rauchen & Feiern",screenshot,0,"",2026-07-18 15:28:41,2026-07-18 15:28:53
7645,"henfon.top","Google Argon2026h2","FishingShot · 钓场管理系统",screenshot,0,"",2026-07-18 15:28:41,2026-07-18 15:28:58
7644,"6wzy.ph","Google Argon2026h2","Redirecting...",screenshot,0,"",2026-07-18 15:28:41,2026-07-18 15:28:52
7636,"madagascarincyamarc.com","Google Xenon2026h2","ConnectYourDomain Error | Wix.com",screenshot,0,"",2026-07-18 15:28:41,2026-07-18 15:28:48
7634,"kubernox.de","Google Xenon2026h2","kubernox.de",screenshot,0,"",2026-07-18 15:28:41,2026-07-18 15:28:48
7633,"skilledtradesmarketing.com","Google Xenon2026h2","Skilled Trades Marketing for Home Service Companies",screenshot,1,"powered by",2026-07-18 15:28:41,2026-07-18 15:28:52
7632,"hoodpot.app","Google Xenon2026h2","HoodPot — On-chain casino on Robinhood Chain",screenshot,1,"it works",2026-07-18 15:28:41,2026-07-18 15:28:48
7625,"ml8698.com","Google Xenon2026h2","ml8698.com | 502: Bad gateway",screenshot,0,"",2026-07-18 15:28:41,2026-07-18 15:28:42
7624,"mytimepilates.info","Google Xenon2026h2","Home | My Time Pilates",screenshot,0,"",2026-07-18 15:28:41,2026-07-18 15:28:43
7623,"gaddiwala.pk","Google Xenon2026h2","Site Under Maintenance",screenshot,0,"",2026-07-18 15:28:41,2026-07-18 15:28:42
7620,"originforge.dev","Google Xenon2026h2","Origin Forge | Where Ideas Take Shape",screenshot,0,"",2026-07-18 15:28:41,2026-07-18 15:28:43
7619,"differentworx.com","Google Xenon2026h2","different worx – KI-Beratung von der Analyse bis zur sicheren Umsetzung",screenshot,0,"",2026-07-18 15:28:41,2026-07-18 15:28:42
7602,"gaspa.com.tr","DigiCert Wyvern2026h2","Gaspa",screenshot,0,"",2026-07-18 15:27:43,2026-07-18 15:28:17
7600,"assistant.galltec-mela.de","DigiCert Wyvern2026h2","",screenshot,0,"",2026-07-18 15:27:43,2026-07-18 15:28:15
7599,"fureverfriendsfamily.com","DigiCert Wyvern2026h2","Home",screenshot,0,"",2026-07-18 15:27:43,2026-07-18 15:28:19
7598,"grandroomstay.pro","DigiCert Wyvern2026h2","grandroomstay.pro",screenshot,0,"",2026-07-18 15:27:43,2026-07-18 15:28:16
7597,"667us.com","DigiCert Wyvern2026h2","unstoppabledomains.com",screenshot,0,"",2026-07-18 15:27:43,2026-07-18 15:28:16
7587,"hm88com.vip","DigiCert Wyvern2026h2","hm88com – Tham Gia Đặt Cược Uy Tín Việt Nam Casino",screenshot,0,"",2026-07-18 15:27:43,2026-07-18 15:28:15
7586,"printthat365.com","DigiCert Wyvern2026h2","printthat365.com",screenshot,1,"powered by",2026-07-18 15:27:43,2026-07-18 15:28:14
7585,"ww38.hikayelerioku.info","DigiCert Wyvern2026h2","hikayelerioku.info",screenshot,0,"",2026-07-18 15:27:43,2026-07-18 15:28:14
7578,"landlord.rentra.co","DigiCert Wyvern2026h2","Rentra - Property Management",screenshot,0,"",2026-07-18 15:27:43,2026-07-18 15:28:12
7577,"etoilecarouge.com","DigiCert Wyvern2026h2","Etoile Carouge FC | Un Club Associatif au Cœur de Carouge",screenshot,0,"",2026-07-18 15:27:43,2026-07-18 15:28:13
7575,"webmail.positive-aqua-crocodile.138-201-165-86.cpanel.site","DigiCert Wyvern2026h2","Webmail Login",screenshot,1,"webmail",2026-07-18 15:27:43,2026-07-18 15:28:12
7573,"positive-aqua-crocodile.138-201-165-86.cpanel.site","DigiCert Wyvern2026h2","403 Forbidden",screenshot,0,"",2026-07-18 15:27:43,2026-07-18 15:28:12
7566,"575251.com","DigiCert Wyvern2026h2","unstoppabledomains.com",screenshot,0,"",2026-07-18 15:27:43,2026-07-18 15:28:07
7565,"87654demo-praxis-fuer-physiotherapie-hamburg.praxisfix.de","DigiCert Wyvern2026h2","",screenshot,0,"",2026-07-18 15:27:43,2026-07-18 15:28:06
7564,"auto-casper789.com","DigiCert Wyvern2026h2","auto-casper789.com",screenshot,0,"",2026-07-18 15:27:43,2026-07-18 15:28:07
7563,"c0ea2894056c894484370bcc.netcraze.io","DigiCert Wyvern2026h2","KeeneticOS Web Panel",screenshot,0,"",2026-07-18 15:27:43,2026-07-18 15:28:08
7561,"monitor3.emart.bar","DigiCert Wyvern2026h2","OpenObserve - Login",screenshot,1,"login",2026-07-18 15:27:43,2026-07-18 15:28:07
7554,"carriekazy.com","DigiCert Wyvern2026h2","About - Carrie Kazy Hair Artist",screenshot,1,"powered by",2026-07-18 15:27:43,2026-07-18 15:28:02
7553,"autodiscover.carriekazy.com","DigiCert Wyvern2026h2","",screenshot,0,"",2026-07-18 15:27:43,2026-07-18 15:28:01
7552,"www.shop.levelcry.mrqz.kz","DigiCert Wyvern2026h2","",screenshot,0,"",2026-07-18 15:27:43,2026-07-18 15:28:01
7551,"mjmaher.dev","DigiCert Wyvern2026h2","MJMaher.dev",screenshot,0,"",2026-07-18 15:27:43,2026-07-18 15:28:01
7550,"nextcloud.klg.eu.com","DigiCert Wyvern2026h2","S’identifier – Nextcloud",screenshot,0,"",2026-07-18 15:27:43,2026-07-18 15:28:06
7549,"api.metall.draftcopy.ru","DigiCert Wyvern2026h2","",screenshot,0,"",2026-07-18 15:27:43,2026-07-18 15:28:01
7541,"vozil.link","DigiCert Wyvern2026h2","unstoppabledomains.com",screenshot,0,"",2026-07-18 15:27:43,2026-07-18 15:27:57
7540,"www.1800-jewelry.com","DigiCert Wyvern2026h2","",screenshot,0,"",2026-07-18 15:27:43,2026-07-18 15:27:57
7539,"fkl66560.com","DigiCert Wyvern2026h2","",screenshot,0,"",2026-07-18 15:27:43,2026-07-18 15:28:00
7538,"3.softmobil.com","DigiCert Wyvern2026h2","3.softmobil.com",screenshot,1,"powered by",2026-07-18 15:27:43,2026-07-18 15:27:57
7537,"jggsenpmfcf1gywsbrwg5tkgbp6jyaau.ui.nabu.casa","DigiCert Wyvern2026h2","Home Assistant",screenshot,0,"",2026-07-18 15:27:43,2026-07-18 15:27:57
7529,"anim-basah.pages.dev","DigiCert Wyvern2026h2","anim-basah.pages.dev",screenshot,0,"",2026-07-18 15:27:43,2026-07-18 15:27:51
7527,"iconverksamheterna.se","DigiCert Wyvern2026h2","Om iConverksamheterna AB | iConverksamheterna",screenshot,0,"",2026-07-18 15:27:43,2026-07-18 15:27:51
7526,"rdgf.ngo.ph","DigiCert Wyvern2026h2","Redirecting...",screenshot,0,"",2026-07-18 15:27:43,2026-07-18 15:27:51
7518,"mintmaths.co.uk","Google Argon2026h2","Scottish Higher Maths Exam Prep | Mint Maths Online",screenshot,1,"login",2026-07-18 15:27:42,2026-07-18 15:27:50
7517,"www.jmthycoin.com","Google Argon2026h2","Coming Soon",screenshot,0,"",2026-07-18 15:27:42,2026-07-18 15:27:49
7516,"cloud.dawateislami.social","Google Argon2026h2","S’identifier – Dawat-e-Islami Social Media",screenshot,0,"",2026-07-18 15:27:42,2026-07-18 15:27:50
7515,"2c56214a0e7aeb9fb9d884e3.netcraze.io","Google Argon2026h2","403 Forbidden",screenshot,0,"",2026-07-18 15:27:42,2026-07-18 15:27:50
7513,"www.smith.729500.com","Google Argon2026h2","www.smith.729500.com",screenshot,0,"",2026-07-18 15:27:42,2026-07-18 15:27:49
7506,"admin.kailaspatil.com","Google Argon2026h2","Jan-Sunwai Admin Dashboard",screenshot,0,"",2026-07-18 15:27:41,2026-07-18 15:27:49
7505,"www.francepartners.com","Google Argon2027h1","FRANCEPARTNERS.COM",screenshot,0,"",2026-07-18 15:27:41,2026-07-18 15:27:48
7504,"www.onlineyork.com","Google Argon2027h1","",screenshot,0,"",2026-07-18 15:27:41,2026-07-18 15:27:48
7503,"www.oyder.com","Google Argon2027h1","",screenshot,0,"",2026-07-18 15:27:41,2026-07-18 15:27:48
7502,"qgzxdu.xyz","Google Xenon2026h2","",screenshot,0,"",2026-07-18 15:27:41,2026-07-18 15:27:48
7501,"www.zywww.tsrqponupdate.nmhgjedcfahcbawonderlandvape.comwwwcomcomwww2.h2862589.stratoserver.net","Google Xenon2026h2","Mattermost",screenshot,0,"",2026-07-18 15:27:41,2026-07-18 15:27:48
7494,"mail.estoydeshopping.com","Google Xenon2026h2","Roundcube Webmail :: Welcome to Roundcube Webmail",screenshot,1,"webmail",2026-07-18 15:27:41,2026-07-18 15:27:45
7493,"estoydeshopping.com","Google Xenon2026h2","Productos a domicilio, compre online o visítenos😍",screenshot,0,"",2026-07-18 15:27:41,2026-07-18 15:27:47
7492,"bg2o.mil.ph","Google Xenon2026h2","Redirecting...",screenshot,0,"",2026-07-18 15:27:41,2026-07-18 15:27:44
7491,"sastreriamlopez.es","Google Xenon2026h2","Sastrería Manuel Lopez - Tu sastrería en CADIZ",screenshot,0,"",2026-07-18 15:27:41,2026-07-18 15:27:47
7490,"dsptechforges.com","Google Xenon2026h2","DSP Techforges | Premium IT Consulting & Development",screenshot,0,"",2026-07-18 15:27:41,2026-07-18 15:27:44
7489,"webmail.tec.net.br","Google Xenon2026h2","",screenshot,1,"sign in",2026-07-18 15:27:41,2026-07-18 15:27:45
7488,"autodiscover.tec.net.br","Google Xenon2026h2","",screenshot,0,"",2026-07-18 15:27:41,2026-07-18 15:27:43
7485,"www.asauny.sk","DigiCert Wyvern2026h2","Sauny a wellness | asauny.sk",screenshot,0,"",2026-07-18 15:26:43,2026-07-18 15:27:15
7484,"goalorbit.website","DigiCert Wyvern2026h2","Home - FootyFocus",screenshot,1,"powered by",2026-07-18 15:26:43,2026-07-18 15:27:14
7483,"auto.victones.com.br","DigiCert Wyvern2026h2","n8n.io - Workflow Automation",screenshot,0,"",2026-07-18 15:26:43,2026-07-18 15:27:14
7482,"test.pdcnew.camping.it","DigiCert Wyvern2026h2","Accedi - PDC Camping",screenshot,0,"",2026-07-18 15:26:43,2026-07-18 15:27:13
7481,"7mcnzuqujshibifenl.com.cn","DigiCert Wyvern2026h2","7mcn足球即时比分 - 专业足球数据平台",screenshot,0,"",2026-07-18 15:26:43,2026-07-18 15:27:15
7480,"int.marketintelligencepublishing.com","DigiCert Wyvern2026h2","Index of /",screenshot,0,"",2026-07-18 15:26:43,2026-07-18 15:27:13
7473,"viaphoneapp.com","Google Argon2026h2","ViaPhone | Nejdostupnější řešení na telefonní monitoring",screenshot,0,"",2026-07-18 15:26:42,2026-07-18 15:27:07
7472,"kurtundklaerli.ch","Google Argon2026h2","kurtundklaerli.ch",screenshot,0,"",2026-07-18 15:26:42,2026-07-18 15:27:07
7471,"mucahittopcuoglu.me","Google Argon2026h2","Mücahit Topçuoğlu | Bilgisayar Mühendisi",screenshot,0,"",2026-07-18 15:26:42,2026-07-18 15:27:08
7470,"garde-robe-feminine.fr","Google Argon2026h2","Garde Robe Feminine - Nos codes de beauté auront redéfini vos héritages",screenshot,0,"",2026-07-18 15:26:42,2026-07-18 15:27:07
7468,"avalanchetechsolutionsllc.com","Google Argon2026h2","Avalanche Technology Solutions — Growth Marketing & IT Solutions",screenshot,0,"",2026-07-18 15:26:42,2026-07-18 15:27:10
7466,"dirpolis.mil.ph","Google Argon2026h2","Redirecting...",screenshot,0,"",2026-07-18 15:26:42,2026-07-18 15:27:01
7465,"ng174.cc","Google Argon2026h2","孤鸿导航",screenshot,0,"",2026-07-18 15:26:42,2026-07-18 15:27:02
7464,"repoured.com.ph","Google Argon2026h2","Redirecting...",screenshot,0,"",2026-07-18 15:26:42,2026-07-18 15:27:01
7463,"lighthouse-support.dolly.com","Google Argon2026h2","Book a Delivery",screenshot,1,"powered by",2026-07-18 15:26:42,2026-07-18 15:27:04
7462,"tap-os.app","Google Argon2026h2","Military Transition Planning | TAP-OS",screenshot,0,"",2026-07-18 15:26:42,2026-07-18 15:27:02
7459,"go.exploresoontra.info","Google Argon2026h2","",screenshot,0,"",2026-07-18 15:26:42,2026-07-18 15:27:01
7458,"clear.web.francevtt.com","Google Argon2026h2","Welcome to Clear - Your Destination for High-Quality Content and Services",screenshot,1,"powered by",2026-07-18 15:26:42,2026-07-18 15:27:01
7457,"petatotodaftar.club","Google Argon2026h2","petatoto daftar - Online Casino Categories for Indonesia Players",screenshot,1,"login",2026-07-18 15:26:42,2026-07-18 15:27:02
7456,"dqzyyw.com","Google Argon2026h2","unstoppabledomains.com",screenshot,0,"",2026-07-18 15:26:42,2026-07-18 15:27:02
7454,"propergolf.us","Google Argon2027h1","",screenshot,0,"",2026-07-18 15:26:41,2026-07-18 15:26:55
7453,"killawatts.com","Google Argon2027h1","",screenshot,0,"",2026-07-18 15:26:41,2026-07-18 15:26:55
7452,"instahoops.com","Google Argon2027h1","",screenshot,0,"",2026-07-18 15:26:41,2026-07-18 15:26:55
7450,"cmdsol.site","Google Xenon2026h2","caught make dollar | $CMD",screenshot,0,"",2026-07-18 15:26:41,2026-07-18 15:26:55
7449,"data-public-pldt.ph","Google Xenon2026h2","Redirecting...",screenshot,0,"",2026-07-18 15:26:41,2026-07-18 15:26:55
7448,"worthit.elevel.com.ar","Google Xenon2026h2","Worthit - Plataforma de venta online para Empresas",screenshot,0,"",2026-07-18 15:26:41,2026-07-18 15:26:59
7447,"praxispaczulla.de","Google Xenon2026h2","Praxis Paczulla - 56271 Mündersbach – Startseite",screenshot,0,"",2026-07-18 15:26:41,2026-07-18 15:26:56
7446,"neu.praxispaczulla.de","Google Xenon2026h2","403 Zugriff verweigert",screenshot,0,"",2026-07-18 15:26:41,2026-07-18 15:26:55
7445,"retro-feeling.hu","Google Xenon2026h2","Retro feeling zenekar",screenshot,0,"",2026-07-18 15:26:41,2026-07-18 15:26:57
7442,"radcliffbuilders.com","Google Xenon2026h2","Service Unavailable",screenshot,0,"",2026-07-18 15:26:41,2026-07-18 15:26:49
7441,"sarwaramin.com","Google Xenon2026h2","Default page",screenshot,1,"default page",2026-07-18 15:26:41,2026-07-18 15:26:49
7439,"traefik.shrukanslab.xyz","Google Xenon2026h2","",screenshot,0,"",2026-07-18 15:26:41,2026-07-18 15:26:49
7438,"hairdealer.de","Google Xenon2026h2","Hairdealer.de is under construction",screenshot,0,"",2026-07-18 15:26:41,2026-07-18 15:26:49
7435,"useonelectronic.com","DigiCert Wyvern2026h2","Various Electronic Products & Media Goods",screenshot,1,"login",2026-07-18 15:25:43,2026-07-18 15:26:53
7432,"m.hngjtw.com","DigiCert Wyvern2026h2","bwin·必赢(中国)唯一中文官方网站",screenshot,0,"",2026-07-18 15:25:43,2026-07-18 15:26:53
7430,"lienz.zhaw.ch","DigiCert Wyvern2026h2","Passbolt | Open source password manager for teams",screenshot,0,"",2026-07-18 15:25:43,2026-07-18 15:26:43
7429,"agentgist.com","DigiCert Wyvern2026h2","AgentGist — AI Automation Workflows & Agents for Business",screenshot,0,"",2026-07-18 15:25:43,2026-07-18 15:26:43
7428,"en.itiswellcounseling.biz","DigiCert Wyvern2026h2","ConnectYourDomain Error | Wix.com",screenshot,0,"",2026-07-18 15:25:43,2026-07-18 15:26:43
7426,"onlineinternationalcockfighting.com","DigiCert Wyvern2026h2","2026 ONLINE INTERNATIONAL COCKFIGHTING CHAMPIONSHIP | ONLINE INTERNATIONAL COCKFIGHTING CHAMPIONSHIP",screenshot,1,"log in",2026-07-18 15:25:43,2026-07-18 15:26:43
7424,"cfb.knsports.com.br","DigiCert Wyvern2026h2","Bem-vindo a HostGator",screenshot,0,"",2026-07-18 15:25:43,2026-07-18 15:26:44
7423,"kloudcraftsbyflo.com","DigiCert Wyvern2026h2","kloudcraftsbyflo.com - Ce site web est à vendre ! - Ressources et information concernant kloudcraftsbyflo Resources and Information.",screenshot,0,"",2026-07-18 15:25:43,2026-07-18 15:26:43
7421,"cm.firmaq.nl","DigiCert Wyvern2026h2","Domain Default page",screenshot,1,"default page",2026-07-18 15:25:43,2026-07-18 15:26:43
7418,"www.yupdate.www.mlwrqlkfetsrqpojihcbawonderlandvape.comwwwcomcomwww2.h2862589.stratoserver.net","DigiCert Wyvern2026h2","Mattermost",screenshot,0,"",2026-07-18 15:25:43,2026-07-18 15:26:37
7414,"fromysoul.com","DigiCert Wyvern2026h2","Aumentar Ventas en el Sector Gourmet y Premium mercado internacional | Estrategia de Marca premium | Estrategia de marca y branding from my soul studio",screenshot,0,"",2026-07-18 15:25:43,2026-07-18 15:26:37
7413,"sandbox.crowdproperty.com","DigiCert Wyvern2026h2","410 Gone",screenshot,1,"nginx",2026-07-18 15:25:43,2026-07-18 15:26:37
7412,"gxyrjponmhgfedcbedcbupdate.65476staging.status.airdubroker.nm.206-189-4-180.nip.io","DigiCert Wyvern2026h2","404 Not Found",screenshot,1,"nginx",2026-07-18 15:25:43,2026-07-18 15:26:37
7411,"nextcloud.hermans.tech","DigiCert Wyvern2026h2","Cloudflare Tunnel error | nextcloud.hermans.tech | Cloudflare",screenshot,0,"",2026-07-18 15:25:43,2026-07-18 15:26:37
7410,"cocktailremixer.com","DigiCert Wyvern2026h2","",screenshot,0,"",2026-07-18 15:25:43,2026-07-18 15:26:38
7406,"optimusrobot.lt","DigiCert Wyvern2026h2","Domain is Registered",screenshot,1,"powered by",2026-07-18 15:25:43,2026-07-18 15:26:31
7405,"dingo.foo","DigiCert Wyvern2026h2","Martin George",screenshot,0,"",2026-07-18 15:25:43,2026-07-18 15:26:31
7404,"accentra.com","DigiCert Wyvern2026h2","Redirecting...",screenshot,0,"",2026-07-18 15:25:43,2026-07-18 15:26:31
7403,"leviba.link","DigiCert Wyvern2026h2","unstoppabledomains.com",screenshot,0,"",2026-07-18 15:25:43,2026-07-18 15:26:31
7402,"wwwkgvuvadmin.eventually.io","DigiCert Wyvern2026h2","wwwkgvuvadmin.eventually.io",screenshot,0,"",2026-07-18 15:25:43,2026-07-18 15:26:30
7398,"turkish2english.com","DigiCert Wyvern2026h2","Free English Lessons and Life Insights in Bursa | Mike’s Bilgelik Yolu Academy",screenshot,0,"",2026-07-18 15:25:43,2026-07-18 15:26:31
7397,"usaddr.2hcy.com","DigiCert Wyvern2026h2","US Address Filter — Residential probability monitor",screenshot,0,"",2026-07-18 15:25:43,2026-07-18 15:26:33
7396,"www.zigmas.net","DigiCert Wyvern2026h2","Zigmas Vadapalas Portfolio",screenshot,0,"",2026-07-18 15:25:43,2026-07-18 15:26:31
7394,"auth.hifounderwell.com","DigiCert Wyvern2026h2","FounderWell - #1 Ecosystem for Entrepreneurs.",screenshot,1,"login",2026-07-18 15:25:43,2026-07-18 15:26:27
7393,"joulecalc.pages.dev","DigiCert Wyvern2026h2","joulecalc.pages.dev",screenshot,0,"",2026-07-18 15:25:43,2026-07-18 15:26:24
7392,"staging.bi.dhubic.com","DigiCert Wyvern2026h2","Superset",screenshot,1,"sign in",2026-07-18 15:25:43,2026-07-18 15:26:25
7391,"autenticapp.app","DigiCert Wyvern2026h2","Soluciones de Software Móvil Personalizadas | Autenticapp",screenshot,0,"",2026-07-18 15:25:43,2026-07-18 15:26:25
7388,"alvarochindoy.site","DigiCert Wyvern2026h2","Iván Cepeda y Aída Quilcué | Segunda Vuelta",screenshot,0,"",2026-07-18 15:25:43,2026-07-18 15:26:25
7387,"kovalenko8.qz-clinicamalyshevoy.ru","DigiCert Wyvern2026h2","",screenshot,0,"",2026-07-18 15:25:43,2026-07-18 15:26:25
7386,"speicher.autohaus-scheel.de","DigiCert Wyvern2026h2","S’identifier – Storage Share",screenshot,1,"powered by",2026-07-18 15:25:43,2026-07-18 15:26:26
7385,"ud-2355-freehand-drawing.alpha.learnattack.de","DigiCert Wyvern2026h2","",screenshot,0,"",2026-07-18 15:25:43,2026-07-18 15:26:24
7384,"www.nmlkjihgbupdate.bupdate.vupdate.nmlgjihonmlgfedwwwwwwchasenrainbowsbigisland.comw.h2977615.stratoserver.net","DigiCert Wyvern2026h2","Reincarnate Mattermost",screenshot,0,"",2026-07-18 15:25:43,2026-07-18 15:26:25
7382,"biotano.com","DigiCert Wyvern2026h2","unstoppabledomains.com",screenshot,0,"",2026-07-18 15:25:43,2026-07-18 15:26:19
7381,"inst.simplebuildingautomation.com","DigiCert Wyvern2026h2","",screenshot,0,"",2026-07-18 15:25:43,2026-07-18 15:26:18
7380,"support.blaccboxx.com","DigiCert Wyvern2026h2","blaccboxx.com",screenshot,0,"",2026-07-18 15:25:43,2026-07-18 15:26:19
7379,"afeeztemitope.com","DigiCert Wyvern2026h2","Afeez Temitope Bello — Full Stack Engineer",screenshot,1,"signin",2026-07-18 15:25:43,2026-07-18 15:26:20
7378,"www.eastlifeinsurance.com","DigiCert Wyvern2026h2","EASTLIFEINSURANCE.COM | Strategic-Grade domain names for established businesses and funded startups",screenshot,0,"",2026-07-18 15:25:43,2026-07-18 15:26:20
7377,"www.orrmoso.alvasdiagnosztika.hu","DigiCert Wyvern2026h2","NeilMed SinuRinse - Orrmosó",screenshot,0,"",2026-07-18 15:25:43,2026-07-18 15:26:19
7376,"www.neilmed.alvasdiagnosztika.hu","DigiCert Wyvern2026h2","www.neilmed.hu",screenshot,0,"",2026-07-18 15:25:43,2026-07-18 15:26:19
7375,"orrmoso.hu","DigiCert Wyvern2026h2","NeilMed SinuRinse - Orrmosó",screenshot,0,"",2026-07-18 15:25:43,2026-07-18 15:26:19
7374,"neilmed.hu","DigiCert Wyvern2026h2","www.neilmed.hu",screenshot,0,"",2026-07-18 15:25:43,2026-07-18 15:26:19
7373,"o2ttravels.com","DigiCert Wyvern2026h2","Parked Domain name on Hostinger DNS system",screenshot,0,"",2026-07-18 15:25:43,2026-07-18 15:26:19
7372,"siliconmappers.com","DigiCert Wyvern2026h2","siliconmappers.com website",screenshot,0,"",2026-07-18 15:25:43,2026-07-18 15:26:19
7370,"robfrankbuilds.com","DigiCert Wyvern2026h2","Contractor Website Design for Plumbers, HVAC & Trades | Rob Frank Builds",screenshot,1,"it works",2026-07-18 15:25:43,2026-07-18 15:26:13
7369,"winplay88x.com","DigiCert Wyvern2026h2","",screenshot,0,"",2026-07-18 15:25:43,2026-07-18 15:26:13
7368,"logs.rrethoja.com","DigiCert Wyvern2026h2","Grafana",screenshot,0,"",2026-07-18 15:25:43,2026-07-18 15:26:13
7367,"creativenurtureco.com","DigiCert Wyvern2026h2","creativenurtureco.com",screenshot,1,"powered by",2026-07-18 15:25:43,2026-07-18 15:26:13
7366,"webmail.2nmarkets.com","DigiCert Wyvern2026h2","Webmail Login",screenshot,1,"webmail",2026-07-18 15:25:43,2026-07-18 15:26:13
7364,"mail.2nmarkets.com","DigiCert Wyvern2026h2","2N MARKET",screenshot,0,"",2026-07-18 15:25:43,2026-07-18 15:26:15
7363,"cpcontacts.2nmarkets.com","DigiCert Wyvern2026h2","503 Service Unavailable",screenshot,0,"",2026-07-18 15:25:43,2026-07-18 15:26:13
7362,"cpcalendars.2nmarkets.com","DigiCert Wyvern2026h2","503 Service Unavailable",screenshot,0,"",2026-07-18 15:25:43,2026-07-18 15:26:13
7361,"cpanel.2nmarkets.com","DigiCert Wyvern2026h2","cPanel Login",screenshot,1,"cpanel",2026-07-18 15:25:43,2026-07-18 15:26:13
7360,"autodiscover.2nmarkets.com","DigiCert Wyvern2026h2","",screenshot,0,"",2026-07-18 15:25:43,2026-07-18 15:26:13
7358,"2nmarkets.com","DigiCert Wyvern2026h2","2N MARKET",screenshot,0,"",2026-07-18 15:25:43,2026-07-18 15:26:08
7357,"webmail.barbara-bosch.org","DigiCert Wyvern2026h2","Roundcube Webmail :: Welcome to Roundcube Webmail",screenshot,1,"webmail",2026-07-18 15:25:43,2026-07-18 15:26:07
7356,"barbara-bosch.org","DigiCert Wyvern2026h2","ines lindner-klaeden – beratung coaching mediation training",screenshot,0,"",2026-07-18 15:25:43,2026-07-18 15:26:07
7353,"bombomtreats.com.au","DigiCert Wyvern2026h2","BomBom Treats | Now Open in Wagga",screenshot,0,"",2026-07-18 15:25:43,2026-07-18 15:26:07
7352,"webpulse.in.162-241-153-127.cpanel.site","DigiCert Wyvern2026h2","428 Technical Domain",screenshot,1,"cpanel",2026-07-18 15:25:43,2026-07-18 15:26:07
7350,"bruiloft.catering","DigiCert Wyvern2026h2","Aelsmeer Catering & Events | Event Catering op Maat",screenshot,0,"",2026-07-18 15:25:43,2026-07-18 15:26:07
7349,"samenkaufen.com","DigiCert Wyvern2026h2","Just a moment...",screenshot,0,"",2026-07-18 15:25:43,2026-07-18 15:26:06
7348,"roguedubs.com","DigiCert Wyvern2026h2","RogueDubs",screenshot,0,"",2026-07-18 15:25:43,2026-07-18 15:26:07
7346,"home.klaus88.synology.me","DigiCert Wyvern2026h2","",screenshot,0,"",2026-07-18 15:25:43,2026-07-18 15:26:00
7342,"forkmart.link","DigiCert Wyvern2026h2","unstoppabledomains.com",screenshot,0,"",2026-07-18 15:25:43,2026-07-18 15:26:01
7341,"jameskluu.dev","DigiCert Wyvern2026h2","",screenshot,0,"",2026-07-18 15:25:43,2026-07-18 15:26:01
7340,"www.pulsive.in","DigiCert Wyvern2026h2","Pulsive - AI-Powered Sales Execution Platform",screenshot,1,"it works",2026-07-18 15:25:42,2026-07-18 15:26:01
7339,"tt.pqxn.me","DigiCert Wyvern2026h2","",screenshot,0,"",2026-07-18 15:25:42,2026-07-18 15:26:00
7338,"www.j0hfehgfadcbupdate.update.wrmxwvqpojihgfavutsrqponmlkjihgfedcbstatus.mail.ip-173-255-205-159.cloudezapp.io","DigiCert Wyvern2026h2","www.j0hfehgfadcbupdate.update.wrmxwvqpojihgfavutsrqponmlkjihgfedcbstatus.mail.ip-173-255-205-159.cloudezapp.io",screenshot,0,"",2026-07-18 15:25:42,2026-07-18 15:26:01
7337,"sanctuaryofprayer.com","Google Argon2027h1","",screenshot,0,"",2026-07-18 15:25:41,2026-07-18 15:26:01
7336,"alicecaroline.co.uk","Google Argon2027h1","Just a moment...",screenshot,0,"",2026-07-18 15:25:41,2026-07-18 15:26:00
7334,"inormal.com","Google Argon2027h1","",screenshot,0,"",2026-07-18 15:25:41,2026-07-18 15:25:55
7333,"www.realsafe-app.com","Google Argon2027h1","RealSafe - Your Partner in Safer, Smarter Construction Sites",screenshot,1,"sign in",2026-07-18 15:25:41,2026-07-18 15:25:55
7332,"zengiekids.com","Google Argon2027h1","",screenshot,0,"",2026-07-18 15:25:41,2026-07-18 15:25:55
7331,"en.mitchelott.com","Google Argon2026h2","Home | Mitchel Ott",screenshot,0,"",2026-07-18 15:25:41,2026-07-18 15:25:55
7330,"webmail.ariellatessitura.it","Google Argon2026h2","Roundcube Webmail :: Welcome to Roundcube Webmail",screenshot,1,"webmail",2026-07-18 15:25:41,2026-07-18 15:25:55
7329,"ez.ehsanskate.ir","Google Argon2026h2","Origin DNS error | ehsanx9xo.eu-ffaqrvbjixds.dopraxrocks.net | Cloudflare",screenshot,0,"",2026-07-18 15:25:41,2026-07-18 15:25:54
7327,"admin.peppymonsters.com","Google Argon2026h2","Vercel Security Checkpoint",screenshot,0,"",2026-07-18 15:25:41,2026-07-18 15:25:54
7326,"banort-mx.cc","Google Argon2026h2","",screenshot,0,"",2026-07-18 15:25:41,2026-07-18 15:25:54
7324,"fatimacareservices.co.uk","Google Argon2026h2","ConnectYourDomain Error | Wix.com",screenshot,0,"",2026-07-18 15:25:41,2026-07-18 15:25:55
7321,"yxwvwww.yxwvutsnmlkjilkjidcnotexists54321472187654321he5uddspxmarbc12.coolify.terapeum.com","Google Argon2026h2","Terapeum",screenshot,0,"",2026-07-18 15:25:41,2026-07-18 15:25:48
7320,"www.carolight.in","Google Argon2026h2","Carolight Technologies",screenshot,1,"powered by",2026-07-18 15:25:41,2026-07-18 15:25:53
7318,"conciergeflow-app.pages.dev","Google Argon2026h2","conciergeflow-app.pages.dev",screenshot,0,"",2026-07-18 15:25:41,2026-07-18 15:25:48
7317,"sorvien.com","Google Argon2026h2","Sorvien | Software Infrastructure Group",screenshot,1,"signin",2026-07-18 15:25:41,2026-07-18 15:25:49
7316,"afe5ca78a7011f42f60e8824.keenetic.io","Google Argon2026h2","Error ""403 20""",screenshot,0,"",2026-07-18 15:25:41,2026-07-18 15:25:49
7315,"sgcigwmfn.cfd","Google Argon2026h2","Redirecting...",screenshot,0,"",2026-07-18 15:25:41,2026-07-18 15:25:49
7314,"bicrm.online","Google Xenon2026h2","BI CRM — bicrm.online",screenshot,1,"sign in",2026-07-18 15:25:41,2026-07-18 15:25:48
7313,"z3n-spyglass-smoke-tests-a253-pod26.zendesk.com","Google Xenon2026h2","Z3n Tests (spyglass-gdpr-user-deletion-smoke-test/1652380889)",screenshot,1,"powered by",2026-07-18 15:25:41,2026-07-18 15:25:51
7310,"currylovers.jp","Google Xenon2026h2","「カレーの数だけ愛がある」広島にあるカレーの名店を一挙紹介CURRY LOVERS（カレーラバーズ） | 2022年1月15日公開！「カレーの数だけ愛がある」広島にあるカレーの名店を一挙紹介CURRY LOVERS（カレーラバーズ）",screenshot,0,"",2026-07-18 15:25:41,2026-07-18 15:25:46
7308,"xiaowu1xiaowu.pages.dev","Google Xenon2026h2","",screenshot,0,"",2026-07-18 15:25:41,2026-07-18 15:25:42
7307,"itaboltportalcliente.cigam.cloud","Google Xenon2026h2","CIGAM",screenshot,0,"",2026-07-18 15:25:41,2026-07-18 15:25:45
7305,"585258.vip","Google Xenon2026h2","",screenshot,0,"",2026-07-18 15:25:41,2026-07-18 15:25:45
7304,"xianggangliuhecaikaijiangzhiboshi.ph","Google Xenon2026h2","Redirecting...",screenshot,0,"",2026-07-18 15:25:41,2026-07-18 15:25:42
7301,"intcore.n-dh8vld49onb623hn9cg7e.prd.workdaysuv.com","Google Xenon2026h2","",screenshot,0,"",2026-07-18 15:25:41,2026-07-18 15:25:42
7300,"dr-jones.org","Google Xenon2026h2","",screenshot,0,"",2026-07-18 15:25:41,2026-07-18 15:25:43
7299,"tyrnava.desku.fi","Google Xenon2026h2","Redirection",screenshot,0,"",2026-07-18 15:25:41,2026-07-18 15:25:42
7298,"webmail2.aegeanpanel.com","DigiCert Wyvern2026h2","Aegean Webmail :: Welcome to Aegean Webmail",screenshot,1,"webmail",2026-07-18 15:24:44,2026-07-18 15:25:37
7297,"webmail.webhosting.net.gr","DigiCert Wyvern2026h2","Aegean Webmail :: Welcome to Aegean Webmail",screenshot,1,"webmail",2026-07-18 15:24:44,2026-07-18 15:25:37
7296,"webmail.ttransports.gr","DigiCert Wyvern2026h2","Aegean Webmail :: Welcome to Aegean Webmail",screenshot,1,"webmail",2026-07-18 15:24:44,2026-07-18 15:25:37
7295,"webmail.therapy4you.gr","DigiCert Wyvern2026h2","Aegean Webmail :: Welcome to Aegean Webmail",screenshot,1,"webmail",2026-07-18 15:24:44,2026-07-18 15:25:37
7293,"webmail.parosfood.gr","DigiCert Wyvern2026h2","Aegean Webmail :: Welcome to Aegean Webmail",screenshot,1,"webmail",2026-07-18 15:24:44,2026-07-18 15:25:31
7292,"webmail.grafistas4u.gr","DigiCert Wyvern2026h2","Aegean Webmail :: Welcome to Aegean Webmail",screenshot,1,"webmail",2026-07-18 15:24:44,2026-07-18 15:25:31
7291,"webmail.george-politis.com","DigiCert Wyvern2026h2","Aegean Webmail :: Welcome to Aegean Webmail",screenshot,1,"webmail",2026-07-18 15:24:44,2026-07-18 15:25:31
7290,"webmail.galaxynet.gr","DigiCert Wyvern2026h2","Aegean Webmail :: Welcome to Aegean Webmail",screenshot,1,"webmail",2026-07-18 15:24:44,2026-07-18 15:25:31
7289,"webmail.drverabounti.gr","DigiCert Wyvern2026h2","Aegean Webmail :: Welcome to Aegean Webmail",screenshot,1,"webmail",2026-07-18 15:24:44,2026-07-18 15:25:31
7288,"webmail.dm-forward.gr","DigiCert Wyvern2026h2","Aegean Webmail :: Welcome to Aegean Webmail",screenshot,1,"webmail",2026-07-18 15:24:44,2026-07-18 15:25:31
7287,"webmail.djgeorge.gr","DigiCert Wyvern2026h2","Aegean Webmail :: Welcome to Aegean Webmail",screenshot,1,"webmail",2026-07-18 15:24:44,2026-07-18 15:25:31
7286,"webmail.apsimadascustoms.com","DigiCert Wyvern2026h2","Aegean Webmail :: Welcome to Aegean Webmail",screenshot,1,"webmail",2026-07-18 15:24:44,2026-07-18 15:25:31
7285,"mail2.aegeanpanel.com","DigiCert Wyvern2026h2","Aegean Mail",screenshot,0,"",2026-07-18 15:24:44,2026-07-18 15:25:30
7284,"mail.webhosting.net.gr","DigiCert Wyvern2026h2","Aegean Mail",screenshot,0,"",2026-07-18 15:24:44,2026-07-18 15:25:30
7283,"mail.ttransports.gr","DigiCert Wyvern2026h2","Aegean Mail",screenshot,0,"",2026-07-18 15:24:44,2026-07-18 15:25:31
7281,"mail.pizzalatina.gr","DigiCert Wyvern2026h2","Aegean Mail",screenshot,0,"",2026-07-18 15:24:44,2026-07-18 15:25:24
7280,"mail.parosfood.gr","DigiCert Wyvern2026h2","Aegean Mail",screenshot,0,"",2026-07-18 15:24:44,2026-07-18 15:25:24
7279,"mail.grafistas4u.gr","DigiCert Wyvern2026h2","Aegean Mail",screenshot,0,"",2026-07-18 15:24:44,2026-07-18 15:25:24
7278,"mail.george-politis.com","DigiCert Wyvern2026h2","Aegean Mail",screenshot,0,"",2026-07-18 15:24:44,2026-07-18 15:25:24
7277,"mail.galaxynet.gr","DigiCert Wyvern2026h2","Aegean Mail",screenshot,0,"",2026-07-18 15:24:44,2026-07-18 15:25:25
7276,"mail.drverabounti.gr","DigiCert Wyvern2026h2","Aegean Mail",screenshot,0,"",2026-07-18 15:24:44,2026-07-18 15:25:24
7275,"mail.dm-forward.gr","DigiCert Wyvern2026h2","Aegean Mail",screenshot,0,"",2026-07-18 15:24:44,2026-07-18 15:25:24
7274,"mail.djgeorge.gr","DigiCert Wyvern2026h2","Aegean Mail",screenshot,0,"",2026-07-18 15:24:44,2026-07-18 15:25:24
7273,"mail.apsimadascustoms.com","DigiCert Wyvern2026h2","Aegean Mail",screenshot,0,"",2026-07-18 15:24:44,2026-07-18 15:25:24
7272,"autodiscover2.aegeanpanel.com","DigiCert Wyvern2026h2","Aegean Mail",screenshot,0,"",2026-07-18 15:24:44,2026-07-18 15:25:24
7271,"autodiscover.webhosting.net.gr","DigiCert Wyvern2026h2","Aegean Mail",screenshot,0,"",2026-07-18 15:24:44,2026-07-18 15:25:25
7269,"autodiscover.therapy4you.gr","DigiCert Wyvern2026h2","Aegean Mail",screenshot,0,"",2026-07-18 15:24:44,2026-07-18 15:25:18
7268,"autodiscover.pizzalatina.gr","DigiCert Wyvern2026h2","Aegean Mail",screenshot,0,"",2026-07-18 15:24:44,2026-07-18 15:25:18
7267,"autodiscover.parosfood.gr","DigiCert Wyvern2026h2","Aegean Mail",screenshot,0,"",2026-07-18 15:24:44,2026-07-18 15:25:18
7266,"autodiscover.grafistas4u.gr","DigiCert Wyvern2026h2","Aegean Mail",screenshot,0,"",2026-07-18 15:24:44,2026-07-18 15:25:18
7265,"autodiscover.george-politis.com","DigiCert Wyvern2026h2","Aegean Mail",screenshot,0,"",2026-07-18 15:24:44,2026-07-18 15:25:18
7264,"autodiscover.galaxynet.gr","DigiCert Wyvern2026h2","Aegean Mail",screenshot,0,"",2026-07-18 15:24:44,2026-07-18 15:25:18
7263,"autodiscover.drverabounti.gr","DigiCert Wyvern2026h2","Aegean Mail",screenshot,0,"",2026-07-18 15:24:44,2026-07-18 15:25:18
7262,"autodiscover.dm-forward.gr","DigiCert Wyvern2026h2","Aegean Mail",screenshot,0,"",2026-07-18 15:24:44,2026-07-18 15:25:18
7261,"autodiscover.djgeorge.gr","DigiCert Wyvern2026h2","Aegean Mail",screenshot,0,"",2026-07-18 15:24:44,2026-07-18 15:25:18
7260,"autodiscover.apsimadascustoms.com","DigiCert Wyvern2026h2","Aegean Mail",screenshot,0,"",2026-07-18 15:24:44,2026-07-18 15:25:18
7259,"autoconfig2.aegeanpanel.com","DigiCert Wyvern2026h2","Aegean Mail",screenshot,0,"",2026-07-18 15:24:44,2026-07-18 15:25:19
7257,"autoconfig.ttransports.gr","DigiCert Wyvern2026h2","Aegean Mail",screenshot,0,"",2026-07-18 15:24:44,2026-07-18 15:25:12
7256,"autoconfig.therapy4you.gr","DigiCert Wyvern2026h2","Aegean Mail",screenshot,0,"",2026-07-18 15:24:44,2026-07-18 15:25:13
7255,"autoconfig.pizzalatina.gr","DigiCert Wyvern2026h2","Aegean Mail",screenshot,0,"",2026-07-18 15:24:44,2026-07-18 15:25:12
7254,"autoconfig.parosfood.gr","DigiCert Wyvern2026h2","Aegean Mail",screenshot,0,"",2026-07-18 15:24:44,2026-07-18 15:25:13
7253,"autoconfig.grafistas4u.gr","DigiCert Wyvern2026h2","Aegean Mail",screenshot,0,"",2026-07-18 15:24:44,2026-07-18 15:25:12
7252,"autoconfig.george-politis.com","DigiCert Wyvern2026h2","Aegean Mail",screenshot,0,"",2026-07-18 15:24:44,2026-07-18 15:25:12
7251,"autoconfig.galaxynet.gr","DigiCert Wyvern2026h2","Aegean Mail",screenshot,0,"",2026-07-18 15:24:44,2026-07-18 15:25:13
7250,"autoconfig.drverabounti.gr","DigiCert Wyvern2026h2","Aegean Mail",screenshot,0,"",2026-07-18 15:24:44,2026-07-18 15:25:12
7249,"autoconfig.dm-forward.gr","DigiCert Wyvern2026h2","Aegean Mail",screenshot,0,"",2026-07-18 15:24:44,2026-07-18 15:25:13
7248,"autoconfig.djgeorge.gr","DigiCert Wyvern2026h2","Aegean Mail",screenshot,0,"",2026-07-18 15:24:44,2026-07-18 15:25:13
7247,"autoconfig.apsimadascustoms.com","DigiCert Wyvern2026h2","Aegean Mail",screenshot,0,"",2026-07-18 15:24:44,2026-07-18 15:25:12
7245,"herbeautique.com","DigiCert Wyvern2026h2","Her Beautique",screenshot,0,"",2026-07-18 15:24:44,2026-07-18 15:25:07
7244,"br-sub-br-name-bcc0c8bbb8.zendesk.com","DigiCert Wyvern2026h2","Just a moment...",screenshot,0,"",2026-07-18 15:24:44,2026-07-18 15:25:07
7243,"novapsicoterapia.it","DigiCert Wyvern2026h2","NovaPsicoterapia | Psicoterapia online sostenibile su base ISEE",screenshot,0,"",2026-07-18 15:24:44,2026-07-18 15:25:07
7242,"etherealsoft.shop","DigiCert Wyvern2026h2","IPL Hair Removal Devices for Home | Ulike",screenshot,0,"",2026-07-18 15:24:44,2026-07-18 15:25:08
7241,"mvd.whm.70532mvd.whm.whm.aiz6xngyo7z7yiz0.15-204-247-166.nip.io","DigiCert Wyvern2026h2","Space",screenshot,0,"",2026-07-18 15:24:44,2026-07-18 15:25:07
7240,"dawsonguillory.com","DigiCert Wyvern2026h2","Portfolio - Dawson Guillory",screenshot,1,"signin",2026-07-18 15:24:44,2026-07-18 15:25:06
7239,"grenfellfamily.com","DigiCert Wyvern2026h2","",screenshot,0,"",2026-07-18 15:24:44,2026-07-18 15:25:07
7238,"goodone.club","DigiCert Wyvern2026h2","Goodone.club",screenshot,0,"",2026-07-18 15:24:44,2026-07-18 15:25:08
7237,"www.expertadascalibration.com","Google Argon2027h1","",screenshot,0,"",2026-07-18 15:24:42,2026-07-18 15:25:07
7236,"www.jonathantrace.co.uk","Google Argon2027h1","",screenshot,0,"",2026-07-18 15:24:42,2026-07-18 15:25:07
7235,"www.fhs40.com","Google Argon2027h1","",screenshot,0,"",2026-07-18 15:24:42,2026-07-18 15:25:07
7233,"internetcompany.org","Google Argon2027h1","",screenshot,0,"",2026-07-18 15:24:42,2026-07-18 15:25:01
7232,"papercakes.com","Google Argon2027h1","Access Denied",screenshot,0,"",2026-07-18 15:24:42,2026-07-18 15:25:01
7230,"whm.tt0rponmm0kihgg0ecsberbank.whm.9cdek.emagid14-832f-4254-9ec4-7581ed6d2b66.lomberd.com","Google Argon2026h2","",screenshot,0,"",2026-07-18 15:24:42,2026-07-18 15:25:00
7229,"www.brightestintheroom.com","Google Argon2026h2","House Painters Toronto · 5.0 Stars | Brightest In The Room",screenshot,0,"",2026-07-18 15:24:41,2026-07-18 15:25:01
7227,"fortdodgecf.us","Google Argon2026h2","My Micromarket",screenshot,0,"",2026-07-18 15:24:41,2026-07-18 15:25:02
7225,"esgoizsfqklbo.mttaborpreschool.org","Google Argon2026h2","",screenshot,0,"",2026-07-18 15:24:41,2026-07-18 15:25:01
7224,"quizearn.pro","Google Argon2026h2","QuizEarn Pro | तुमचे ज्ञान, तुमची प्रगती",screenshot,0,"",2026-07-18 15:24:41,2026-07-18 15:25:01
7223,"mysqleditor-stg-advisorsnbcsecuritiescom-staging.kinsta.cloud","Google Argon2026h2","Just a moment...",screenshot,0,"",2026-07-18 15:24:41,2026-07-18 15:25:00
7221,"ww25.autoconsulting.biz","Google Argon2026h2","",screenshot,0,"",2026-07-18 15:24:41,2026-07-18 15:24:56
7220,"tools.xixify.com","Google Argon2026h2","xixify tools – xixify tools",screenshot,0,"",2026-07-18 15:24:41,2026-07-18 15:24:58
7219,"watch.startleenaai.com","Google Argon2026h2","",screenshot,0,"",2026-07-18 15:24:41,2026-07-18 15:24:55
7218,"hellodepression.org","Google Argon2026h2","404: NOT_FOUND",screenshot,0,"",2026-07-18 15:24:41,2026-07-18 15:24:54
7217,"i-0cfa7c64de31c32ee.prd.workdaysuvcareers.com","Google Argon2026h2","",screenshot,0,"",2026-07-18 15:24:41,2026-07-18 15:24:54
7216,"xgurgaon69.callgirlnoida.com","Google Argon2026h2","Hot Call Girls in Gurgaon | ❤️ Fun Girls Night Escorts Services in Gurgaon Anytime",screenshot,0,"",2026-07-18 15:24:41,2026-07-18 15:24:58
7214,"farmerkev.com","Google Argon2026h2","THE FARM | farmerkevs",screenshot,0,"",2026-07-18 15:24:41,2026-07-18 15:24:58
7213,"amyne.sol.site","Google Xenon2026h2","amyne.sol | Web3 Profile on Solana",screenshot,0,"",2026-07-18 15:24:41,2026-07-18 15:24:55
7212,"jolai.co","Google Xenon2026h2","",screenshot,0,"",2026-07-18 15:24:41,2026-07-18 15:24:55
7211,"mailh01.netwan.es","Google Xenon2026h2","NETWAN SL",screenshot,1,"plesk",2026-07-18 15:24:41,2026-07-18 15:24:57
7209,"www.zigarrenclub-zimmerberg.ch","Google Xenon2026h2","Zigarren Club Zimmerberg | Smoker Lounge | Albisstrasse 29, 8134 Adliswil, Switzerland",screenshot,0,"",2026-07-18 15:24:41,2026-07-18 15:24:49
7207,"5b0s.org.ph","Google Xenon2026h2","Redirecting...",screenshot,0,"",2026-07-18 15:24:41,2026-07-18 15:24:48
7206,"nextcloud.boulderklub.de","Google Xenon2026h2","S’identifier – Nextcloud",screenshot,0,"",2026-07-18 15:24:41,2026-07-18 15:24:49
7203,"ktmgd.childstar-sp.net","Google Xenon2026h2","写真の窓口-Ｋドリームズ",screenshot,0,"",2026-07-18 15:24:41,2026-07-18 15:24:52
7202,"online.let-life-flow.com","Google Xenon2026h2","Home - Platforma let life flow",screenshot,0,"",2026-07-18 15:24:41,2026-07-18 15:24:49
7201,"ticketify.online","Google Xenon2026h2","",screenshot,0,"",2026-07-18 15:24:41,2026-07-18 15:24:49
7200,"kavval.ch","Google Xenon2026h2","🏃 Calendrier des courses à pied : trails, semi, marathons, marche nordique | Finishers",screenshot,0,"",2026-07-18 15:24:41,2026-07-18 15:24:49
7197,"www.api.app.www.app.wwwwwwsmtp03.h2862589.stratoserver.net","Google Xenon2026h2","Mattermost",screenshot,0,"",2026-07-18 15:24:41,2026-07-18 15:24:42
7196,"www.artesdesara.com.br","Google Xenon2026h2","Loja online de Sara Bitu",screenshot,0,"",2026-07-18 15:24:41,2026-07-18 15:24:44
7195,"puheterapia.app","Google Xenon2026h2","Kirjaudu | Puheterapia-avustaja",screenshot,0,"",2026-07-18 15:24:41,2026-07-18 15:24:42
7194,"centerofsweden.eu","Google Xenon2026h2","Parked at Loopia",screenshot,1,"login",2026-07-18 15:24:41,2026-07-18 15:24:42
7188,"whm.whm.www.990759075436200.5dev.cloud-banks.srv998402.hstgr.cloud","Google Xenon2026h2","Twake Workplace",screenshot,0,"",2026-07-18 15:24:41,2026-07-18 15:24:42
7187,"dev.bff.cmsl.qgx.codes","Google Xenon2026h2","dev.bff.cmsl.qgx.codes",screenshot,0,"",2026-07-18 15:24:41,2026-07-18 15:24:42
7186,"seguro.flordelua.com.br","Google Xenon2026h2","",screenshot,0,"",2026-07-18 15:24:41,2026-07-18 15:24:42
7184,"devbox.trinitysan.by","DigiCert Wyvern2026h2","",screenshot,0,"",2026-07-18 15:23:43,2026-07-18 15:24:28
7183,"chat.neiroseebot.ru","DigiCert Wyvern2026h2","NeiroProfile",screenshot,0,"",2026-07-18 15:23:43,2026-07-18 15:24:29
7182,"www.propertybintang.xyz.bintangmovers.com","DigiCert Wyvern2026h2","Open Real Estate",screenshot,1,"powered by",2026-07-18 15:23:43,2026-07-18 15:24:33
7181,"www.bintangmovers.xyz.bintangmovers.com","DigiCert Wyvern2026h2","",screenshot,0,"",2026-07-18 15:23:43,2026-07-18 15:24:30
7176,"cashanyone.link","DigiCert Wyvern2026h2","unstoppabledomains.com",screenshot,0,"",2026-07-18 15:23:43,2026-07-18 15:24:29
7175,"bdjsypx.com","DigiCert Wyvern2026h2","球报体育 - 最新体育新闻、赛事报道、足球篮球资讯",screenshot,0,"",2026-07-18 15:23:43,2026-07-18 15:24:31
7172,"piotrowskistrings.com","DigiCert Wyvern2026h2","Piotrowski Strings | Premier Musicians For Any Event",screenshot,0,"",2026-07-18 15:23:43,2026-07-18 15:24:24
7171,"www.kelticcreative.ie","DigiCert Wyvern2026h2","Keltic Creative | Irish Art | Limited Edition Prints | Homewares | Gifts",screenshot,1,"login",2026-07-18 15:23:43,2026-07-18 15:24:25
7170,"mail.patak99.net","DigiCert Wyvern2026h2","",screenshot,0,"",2026-07-18 15:23:43,2026-07-18 15:24:23
7169,"postiz.koreaworld.net","DigiCert Wyvern2026h2","Postiz Register",screenshot,1,"it works",2026-07-18 15:23:43,2026-07-18 15:24:22
7168,"api.iofertas.io","DigiCert Wyvern2026h2","Catálogo — iOfertas",screenshot,0,"",2026-07-18 15:23:43,2026-07-18 15:24:23
7167,"tg01.qq2.ru","DigiCert Wyvern2026h2","",screenshot,0,"",2026-07-18 15:23:43,2026-07-18 15:24:23
7166,"i-02b777ac6069fa1cf.prd.workdaysuvcareers.com","DigiCert Wyvern2026h2","",screenshot,0,"",2026-07-18 15:23:43,2026-07-18 15:24:22
7165,"agenciaamazon.es","DigiCert Wyvern2026h2","INICIO - Agencia Amazon",screenshot,0,"",2026-07-18 15:23:43,2026-07-18 15:24:23
7163,"orientblackstone.com","DigiCert Wyvern2026h2","Orient Blackstone Asset Management | Corporate Finance Advisory & Risk Management",screenshot,0,"",2026-07-18 15:23:43,2026-07-18 15:24:23
7160,"growr.farm","DigiCert Wyvern2026h2","Growr — Browser Farming Game on Base",screenshot,0,"",2026-07-18 15:23:43,2026-07-18 15:24:17
7159,"diwata-lyrics-sam.juan365ph6.com","DigiCert Wyvern2026h2","Diwata Lyrics Sam - Experience Juan365 App Casino in PH",screenshot,1,"login",2026-07-18 15:23:43,2026-07-18 15:24:18
7158,"ezdraft.online","DigiCert Wyvern2026h2","Affordable Architectural Drafting Services in Raleigh, NC | EZ DRAFT",screenshot,0,"",2026-07-18 15:23:43,2026-07-18 15:24:16
7157,"glowingparty.org","DigiCert Wyvern2026h2","glowingparty.org",screenshot,0,"",2026-07-18 15:23:43,2026-07-18 15:24:21
7155,"www.fudo-an.com","DigiCert Wyvern2026h2","Fudo-An Tea & Wellness Services",screenshot,0,"",2026-07-18 15:23:43,2026-07-18 15:24:17
7152,"smenof.click","DigiCert Wyvern2026h2","",screenshot,0,"",2026-07-18 15:23:43,2026-07-18 15:24:16
7151,"liujia-melon.statichost.eu","DigiCert Wyvern2026h2","劉嘉鳴的復古網路博客：在喧囂中重拾安靜",screenshot,0,"",2026-07-18 15:23:43,2026-07-18 15:24:16
7150,"1307.pdf.dev.cleavr.com","DigiCert Wyvern2026h2","",screenshot,0,"",2026-07-18 15:23:43,2026-07-18 15:24:17
7148,"nl.stresseraserpro.com","DigiCert Wyvern2026h2","nl.stresseraserpro.com",screenshot,0,"",2026-07-18 15:23:43,2026-07-18 15:24:10
7147,"gameworngrail.com","DigiCert Wyvern2026h2","unstoppabledomains.com",screenshot,0,"",2026-07-18 15:23:43,2026-07-18 15:24:11
7146,"olenmark-se-74213.pages.dev","DigiCert Wyvern2026h2","Dracula Casino 🎖️ Draculacasino officiella webbplats i Sverige",screenshot,1,"login",2026-07-18 15:23:43,2026-07-18 15:24:11
7145,"elizzium.com","DigiCert Wyvern2026h2","Programa Midas: Modelos de Negocios Disruptivos | Programa MIDAS: Creando Modelos de Negocios Disruptivos",screenshot,0,"",2026-07-18 15:23:43,2026-07-18 15:24:11
7144,"estudiolaburo.es","DigiCert Wyvern2026h2","Mecanizado, Diseño, Impresión 3d, Grabado y Corte Láser. | Estudio Laburo",screenshot,0,"",2026-07-18 15:23:43,2026-07-18 15:24:11
7142,"staging-panel.xobodelivery.co.ke","DigiCert Wyvern2026h2","",screenshot,0,"",2026-07-18 15:23:43,2026-07-18 15:24:15
7141,"capitolpolicyanalytics.com","DigiCert Wyvern2026h2","",screenshot,0,"",2026-07-18 15:23:43,2026-07-18 15:24:11
7140,"sandenko.co.jp","DigiCert Wyvern2026h2","TOP | サン電工社",screenshot,0,"",2026-07-18 15:23:43,2026-07-18 15:24:14
7136,"nivadent-package.nivadent.online","DigiCert Wyvern2026h2","NivaDent | النظام السحابي الأذكى لإدارة عيادات الأسنان",screenshot,1,"powered by",2026-07-18 15:23:43,2026-07-18 15:24:05
7135,"resources.aprobat.app","DigiCert Wyvern2026h2","Error",screenshot,0,"",2026-07-18 15:23:43,2026-07-18 15:24:04
7134,"andresrw.com","DigiCert Wyvern2026h2","[Andrés R.W. | Index]",screenshot,0,"",2026-07-18 15:23:43,2026-07-18 15:24:04
7133,"bloominghotel.com","DigiCert Wyvern2026h2","blooming hotel in Bergen - Geniet van rust en natuur",screenshot,0,"",2026-07-18 15:23:43,2026-07-18 15:24:07
7132,"blooming.live","DigiCert Wyvern2026h2","blooming hotel in Bergen - Geniet van rust en natuur",screenshot,0,"",2026-07-18 15:23:43,2026-07-18 15:24:06
7131,"blooming.fun","DigiCert Wyvern2026h2","blooming hotel in Bergen - Geniet van rust en natuur",screenshot,0,"",2026-07-18 15:23:43,2026-07-18 15:24:06
7130,"topnoviny.sk","DigiCert Wyvern2026h2","Topnoviny.sk – aktuálne správy zo Slovenska aj zo sveta",screenshot,0,"",2026-07-18 15:23:43,2026-07-18 15:24:07
7128,"ygm5.mil.ph","DigiCert Wyvern2026h2","Redirecting...",screenshot,0,"",2026-07-18 15:23:43,2026-07-18 15:24:04
7127,"gim.hrastar.si","DigiCert Wyvern2026h2","Gim",screenshot,0,"",2026-07-18 15:23:43,2026-07-18 15:24:04
7125,"www.yotelny.go360video.com","DigiCert Wyvern2026h2","Yotel - New York",screenshot,0,"",2026-07-18 15:23:43,2026-07-18 15:23:59
7122,"bestsellertools.link","DigiCert Wyvern2026h2","unstoppabledomains.com",screenshot,0,"",2026-07-18 15:23:43,2026-07-18 15:23:59
7120,"sscp.uobaghdad.edu.iq","DigiCert Wyvern2026h2","Home - The 3rd Specialized Scientific Conference of Physics",screenshot,0,"",2026-07-18 15:23:43,2026-07-18 15:24:01
7118,"mijnverhuislift.nl","DigiCert Wyvern2026h2","Verhuislift Huren | Snel & Voordelig | MijnVerhuislift.nl",screenshot,0,"",2026-07-18 15:23:43,2026-07-18 15:23:59
7117,"www.scpslamparaschool.ph","DigiCert Wyvern2026h2","Redirecting...",screenshot,0,"",2026-07-18 15:23:43,2026-07-18 15:23:58
7116,"63zykbrotdomptyv.com.ph","Google Argon2026h2","Redirecting...",screenshot,0,"",2026-07-18 15:23:42,2026-07-18 15:23:58
7115,"www.staging.inn.com.144-76-43-236.plesk.page","Google Argon2026h2","",screenshot,0,"",2026-07-18 15:23:42,2026-07-18 15:23:59
7113,"www.happlicant.com","Google Argon2026h2","Happlicant | Modern ATS & CRM for Recruitment Agencies",screenshot,0,"",2026-07-18 15:23:42,2026-07-18 15:23:53
7111,"crapulentdownsdentary.beer","Google Argon2026h2","",screenshot,0,"",2026-07-18 15:23:42,2026-07-18 15:23:54
7110,"www.scorepion.co","Google Argon2026h2","Scorepion - Racket Sports Score Keeper for Apple Watch and Wear OS",screenshot,0,"",2026-07-18 15:23:42,2026-07-18 15:23:53
7109,"bqmmd.com.ph","Google Argon2026h2","Redirecting...",screenshot,0,"",2026-07-18 15:23:42,2026-07-18 15:23:53
7108,"empowersports570.com","Google Argon2026h2","Empower Sports Academy | Indoor Sports Facility in Kingston, PA",screenshot,0,"",2026-07-18 15:23:42,2026-07-18 15:23:54
7107,"2221ca322f1b832fb15aa60a.netcraze.io","Google Argon2026h2","Error ""403 20""",screenshot,0,"",2026-07-18 15:23:42,2026-07-18 15:23:53
7106,"qjj8ts98.website.one","Google Argon2026h2","Hosted By One.com | Webhosting made simple",screenshot,0,"",2026-07-18 15:23:42,2026-07-18 15:23:52
7105,"koesterchirot.com.de","Google Argon2026h2","Koesterchirot",screenshot,1,"powered by",2026-07-18 15:23:42,2026-07-18 15:23:53
7104,"caddedapathicoverload.beer","Google Argon2026h2","",screenshot,0,"",2026-07-18 15:23:42,2026-07-18 15:23:54
7103,"bedgbaupdate.yxsrupdate.rqlkjihgbedcjedwwwwwwchasenrainbowsbigisland.comw.h2977615.stratoserver.net","Google Argon2026h2","Reincarnate Mattermost",screenshot,0,"",2026-07-18 15:23:42,2026-07-18 15:23:52
7102,"56bcc42291831a80c535cc86.netcraze.io","Google Argon2026h2","Error ""403 20""",screenshot,0,"",2026-07-18 15:23:42,2026-07-18 15:23:53
7101,"www.alexand.company","Google Argon2027h1","Alex Leiphart – Creative & Operational Partner",screenshot,0,"",2026-07-18 15:23:41,2026-07-18 15:23:49
7100,"canemrem.com","Google Argon2027h1","",screenshot,0,"",2026-07-18 15:23:41,2026-07-18 15:23:49
7099,"obukhoff.org","Google Argon2027h1","",screenshot,0,"",2026-07-18 15:23:41,2026-07-18 15:23:49
7098,"americanexportboats.com","Google Argon2027h1","americanexportboats.com",screenshot,1,"powered by",2026-07-18 15:23:41,2026-07-18 15:23:50
7097,"www.aggregatelabs.ag","Google Argon2027h1","",screenshot,0,"",2026-07-18 15:23:41,2026-07-18 15:23:49
7096,"www.fireinsuranceservices.com","Google Argon2027h1","",screenshot,0,"",2026-07-18 15:23:41,2026-07-18 15:23:52
7095,"durhampictures.com","Google Argon2027h1","Access Denied",screenshot,0,"",2026-07-18 15:23:41,2026-07-18 15:23:49
7094,"www.yinghua.ai","Google Argon2027h1","",screenshot,0,"",2026-07-18 15:23:41,2026-07-18 15:23:49
7092,"inst.cyberglobalteam.com","Google Xenon2026h2","",screenshot,0,"",2026-07-18 15:23:41,2026-07-18 15:23:49
7091,"cf-docker-proxy.cloudflare.app","Google Xenon2026h2","cf-docker-proxy.cloudflare.app | 522: Connection timed out",screenshot,0,"",2026-07-18 15:23:41,2026-07-18 15:23:48
7090,"getsavedbyprotectteam.com","Google Xenon2026h2","SavedBy | Package Protection",screenshot,0,"",2026-07-18 15:23:41,2026-07-18 15:23:49
7089,"a8990f71204a29174ac8ee9d.netcraze.io","Google Xenon2026h2","Error ""403 20""",screenshot,0,"",2026-07-18 15:23:41,2026-07-18 15:23:47
7088,"r1ho.net.ph","Google Xenon2026h2","Redirecting...",screenshot,0,"",2026-07-18 15:23:41,2026-07-18 15:23:43
7086,"klhomes.net","Google Xenon2026h2","403",screenshot,0,"",2026-07-18 15:23:41,2026-07-18 15:23:43
7085,"luxrs.com","Google Xenon2026h2","Luxurious Magazine - Global Luxury & Lifestyle Online",screenshot,0,"",2026-07-18 15:23:41,2026-07-18 15:23:44
7084,"lazada-update.ph","Google Xenon2026h2","Redirecting...",screenshot,0,"",2026-07-18 15:23:41,2026-07-18 15:23:43
7082,"travelproonline.shop","Google Xenon2026h2","Travel Luggage, Suitcase Sets, Backpacks & More | Travelpro®",screenshot,0,"",2026-07-18 15:23:41,2026-07-18 15:23:44
7081,"link.explomusic.com","Google Xenon2026h2","ToneDen - Automated Social Marketing",screenshot,1,"it works",2026-07-18 15:23:41,2026-07-18 15:23:48
7080,"www.tobeharvey.com","Google Xenon2026h2","Tobe Harvey",screenshot,0,"",2026-07-18 15:23:41,2026-07-18 15:23:43
7079,"scaled-app.reporti.pro","Google Xenon2026h2","",screenshot,0,"",2026-07-18 15:23:41,2026-07-18 15:23:43
7078,"app.frameandflame.com","Google Xenon2026h2","F&F - Art Market Analysis",screenshot,0,"",2026-07-18 15:23:41,2026-07-18 15:23:43
7077,"touching-sky.com","Google Xenon2026h2","Touching The Sky | Premium Balloon Rides",screenshot,0,"",2026-07-18 15:23:41,2026-07-18 15:23:42
7076,"gradcher.com","DigiCert Wyvern2026h2","Gradcher — Yakında / Coming Soon",screenshot,0,"",2026-07-18 15:22:44,2026-07-18 15:23:07
7075,"notexists98765notexistsnotexistsnotexistsremote.alllmovieeshub.info","DigiCert Wyvern2026h2","Distribuição de documentos contábeis e fiscais",screenshot,0,"",2026-07-18 15:22:44,2026-07-18 15:23:06
7074,"oftalmologiacatalinavelasco.com","DigiCert Wyvern2026h2","oftalmologiacatalinavelasco.com",screenshot,0,"",2026-07-18 15:22:44,2026-07-18 15:23:07
7073,"qa.edu.1win-sqc7.casino","DigiCert Wyvern2026h2","Welcome!",screenshot,0,"",2026-07-18 15:22:44,2026-07-18 15:23:06
7069,"staging.riobetcasino-hhr.top","DigiCert Wyvern2026h2","🍒Казино Риобет официальный сайт✔️ – играть онлайн вход и регистрация",screenshot,0,"",2026-07-18 15:22:44,2026-07-18 15:23:06
7068,"shop.riobetcasino-hhr.top","DigiCert Wyvern2026h2","🍒Казино Риобет официальный сайт✔️ – играть онлайн вход и регистрация",screenshot,0,"",2026-07-18 15:22:44,2026-07-18 15:23:00
7065,"atlantaadopts.com","DigiCert Wyvern2026h2","In Shelter - All",screenshot,0,"",2026-07-18 15:22:44,2026-07-18 15:23:00
7064,"wcxx.eu.org","DigiCert Wyvern2026h2","DNS points to prohibited IP | wcxx.eu.org | Cloudflare",screenshot,1,"login",2026-07-18 15:22:44,2026-07-18 15:23:00
7062,"generaljapan.com","DigiCert Wyvern2026h2","Home - generaljapan",screenshot,0,"",2026-07-18 15:22:44,2026-07-18 15:23:01
7061,"wipflistaging.imiscloud.com.asidevops.com","Google Argon2026h2","IIS Windows Server",screenshot,0,"",2026-07-18 15:22:41,2026-07-18 15:23:00
7060,"vedantiscoreon.net","Google Argon2026h2","Vedantis Coreon — Algorithmic Trading Platform for Enterprise Investors",screenshot,0,"",2026-07-18 15:22:41,2026-07-18 15:23:00
7059,"video.lynceus3d.com","Google Argon2026h2","Not Found",screenshot,0,"",2026-07-18 15:22:41,2026-07-18 15:23:00
7056,"nwww.v0trr0pnn0ljf0db097655031promopar.gnbibwwwgniqubigjoerepair.cyberoffice.cc","Google Argon2026h2","Odoo",screenshot,0,"",2026-07-18 15:22:41,2026-07-18 15:22:58
7055,"skinhance-spicules.com","Google Argon2026h2","ConnectYourDomain Error | Wix.com",screenshot,0,"",2026-07-18 15:22:41,2026-07-18 15:22:57
7054,"outlook.bracour.com","Google Argon2026h2","",screenshot,0,"",2026-07-18 15:22:41,2026-07-18 15:22:58
7053,"extrapromotionone.com.numberonepromotionsforyou.com","Google Argon2026h2","extrapromotionone — Em Breve",screenshot,0,"",2026-07-18 15:22:41,2026-07-18 15:22:58
7052,"www.prbs-transit-app.com","Google Argon2026h2","prbs-transit-app.com",screenshot,0,"",2026-07-18 15:22:41,2026-07-18 15:22:57
7051,"kuya-bunso-xxx.gamezone55.com","Google Argon2026h2","Kuya Bunso XXX: Your Ultimate Game Zone PH Login & Casino Experience in 2026",screenshot,1,"login",2026-07-18 15:22:41,2026-07-18 15:22:59
7050,"iltuosmartphone.it","Google Argon2026h2","Il Tuo Smartphone",screenshot,0,"",2026-07-18 15:22:41,2026-07-18 15:22:58
7049,"crm.thesee-datacenter.fr","Google Argon2026h2","Error 404 | Page not found",screenshot,0,"",2026-07-18 15:22:41,2026-07-18 15:22:59
7047,"www.yunuenguidopsicologa.com","Google Argon2026h2","www.yunuenguidopsicologa.com",screenshot,0,"",2026-07-18 15:22:41,2026-07-18 15:22:57
7044,"537ca2f039d740bc78ebefd084cf9bd7.olly.ink","Google Argon2026h2","olly.ink | 521: Web server is down",screenshot,0,"",2026-07-18 15:22:41,2026-07-18 15:22:51
7042,"age-check.online","Google Argon2026h2","Age-Check – SCHUFA Altersverifikation für Shops",screenshot,0,"",2026-07-18 15:22:41,2026-07-18 15:22:51
7041,"morgan-construction.com","Google Argon2027h1","Access Denied",screenshot,0,"",2026-07-18 15:22:41,2026-07-18 15:22:51
7040,"withbothhands.com","Google Argon2027h1","",screenshot,0,"",2026-07-18 15:22:41,2026-07-18 15:22:51
7039,"reliefpackpartners.org","Google Argon2027h1","",screenshot,0,"",2026-07-18 15:22:41,2026-07-18 15:22:51
7038,"www.randpaulsneighbor.com","Google Argon2027h1","",screenshot,0,"",2026-07-18 15:22:41,2026-07-18 15:22:51
7037,"quincystreetmarket.ca","Google Argon2027h1","",screenshot,0,"",2026-07-18 15:22:41,2026-07-18 15:22:51
7036,"www.ainterprise.com","Google Argon2027h1","",screenshot,0,"",2026-07-18 15:22:41,2026-07-18 15:22:52
7035,"www.forum.glav-stroy.mrqz.kz","Google Xenon2026h2","",screenshot,0,"",2026-07-18 15:22:41,2026-07-18 15:22:51
7033,"diverselauncherpages.pages.dev","Google Xenon2026h2","DiverseLauncher",screenshot,1,"login",2026-07-18 15:22:41,2026-07-18 15:22:51
7032,"www.trilogysolutions.com","Google Xenon2026h2","Trilogy Solutions - SharePoint Health Assessment Services",screenshot,1,"signin",2026-07-18 15:22:41,2026-07-18 15:22:45
7031,"mto2mcs209.gcp.pub.webex.com","Google Xenon2026h2","mto2mcs209.gcp.pub.webex.com",screenshot,0,"",2026-07-18 15:22:41,2026-07-18 15:22:45
7029,"newhomewarereviews.com","Google Xenon2026h2","Home -",screenshot,0,"",2026-07-18 15:22:41,2026-07-18 15:22:45
7028,"draketechnologies.com","Google Xenon2026h2","Default page",screenshot,1,"default page",2026-07-18 15:22:41,2026-07-18 15:22:45
7027,"charcoalburgeronline.co.nz","Google Xenon2026h2","Access denied | charcoalburgeronline.co.nz used Cloudflare to restrict access | charcoalburgeronline.co.nz | Cloudflare",screenshot,0,"",2026-07-18 15:22:41,2026-07-18 15:22:45
7026,"www.thenetworkspecialists.biz","Google Xenon2026h2","The Network Specialists",screenshot,0,"",2026-07-18 15:22:41,2026-07-18 15:22:45
7025,"sukwqbsxntdev.fanjiexi-eb444b75dc91f26e.g1.mycc.top","Google Xenon2026h2","南墙WAF",screenshot,0,"",2026-07-18 15:22:41,2026-07-18 15:22:49
7024,"akbarishere.com","Google Xenon2026h2","Freelance digital marketing analyst in kochi",screenshot,1,"signin",2026-07-18 15:22:41,2026-07-18 15:22:49
7022,"jacklebeignet.madhacker.biz","Google Xenon2026h2","Just a moment...",screenshot,0,"",2026-07-18 15:22:41,2026-07-18 15:22:45
7021,"app.flaxlabs.com","Google Xenon2026h2","Flax Labs | Performance Command Center",screenshot,1,"powered by",2026-07-18 15:22:41,2026-07-18 15:22:46
7020,"aguavivaclube.com.br","DigiCert Wyvern2026h2","Água Viva Clube - Terapia Familiar Sistêmica e Saúde Mental | Água Viva Clube",screenshot,0,"",2026-07-18 15:21:43,2026-07-18 15:22:39
7019,"webmail2.ostrealabs.com.ph","DigiCert Wyvern2026h2","Ostrea Mineral Laboratories, Inc.",screenshot,0,"",2026-07-18 15:21:43,2026-07-18 15:22:40
7017,"paoslemonade2.com","DigiCert Wyvern2026h2","Handcrafted Lemonade by Pao's Lemonade - Refreshing Events | Pao's Lemonade 2",screenshot,0,"",2026-07-18 15:21:43,2026-07-18 15:22:40
7016,"docs.indexing.co","DigiCert Wyvern2026h2","Overview - The Neighborhood",screenshot,1,"powered by",2026-07-18 15:21:43,2026-07-18 15:22:34
7013,"www.coinsfutfast.com","DigiCert Wyvern2026h2","Fast Fut Coins — Compre coins com segurança",screenshot,0,"",2026-07-18 15:21:43,2026-07-18 15:22:34
7012,"aitnesystem.com","DigiCert Wyvern2026h2","Aitnesystems: Your Global Hiring Growth Partner | AitneSystems",screenshot,0,"",2026-07-18 15:21:43,2026-07-18 15:22:33
7011,"merleyinlove.com","DigiCert Wyvern2026h2","merleyinlove.com",screenshot,1,"powered by",2026-07-18 15:21:43,2026-07-18 15:22:33
7010,"m977f97.ph","DigiCert Wyvern2026h2","Redirecting...",screenshot,0,"",2026-07-18 15:21:43,2026-07-18 15:22:33
7009,"location-3g.pre-prod.ocean-communication.com","DigiCert Wyvern2026h2","3G Location – Simplifiez l’organisation",screenshot,0,"",2026-07-18 15:21:43,2026-07-18 15:22:34
7008,"docs.claudsoft.com","DigiCert Wyvern2026h2","claudSoft – شروحات وكورسات لغات البرمجة",screenshot,0,"",2026-07-18 15:21:43,2026-07-18 15:22:34
7006,"massagesalonsprofity.com","DigiCert Wyvern2026h2","Profity - Virtuele Secretaresse voor Massagesalons & Wellnesscentra | 24/7 Bereikbaar",screenshot,0,"",2026-07-18 15:21:43,2026-07-18 15:22:34
7004,"knightshade-krafts.com","DigiCert Wyvern2026h2","knightshade-krafts.com - Ce site web est à vendre ! - Ressources et information concernant knightshade krafts Resources and Information.",screenshot,0,"",2026-07-18 15:21:43,2026-07-18 15:22:29
7003,"1a469695a84225909539c1bd.netcraze.io","DigiCert Wyvern2026h2","Error ""403 20""",screenshot,0,"",2026-07-18 15:21:43,2026-07-18 15:22:29
7002,"cjp.reg.sites.ca.gov","DigiCert Wyvern2026h2","403 Forbidden",screenshot,1,"nginx",2026-07-18 15:21:43,2026-07-18 15:22:30
7001,"f23c8f95bfc610aceaf56d89.netcraze.io","DigiCert Wyvern2026h2","Error ""403 20""",screenshot,0,"",2026-07-18 15:21:43,2026-07-18 15:22:32
6999,"gapp.peakboard.rocks","DigiCert Wyvern2026h2","404 Not Found",screenshot,1,"apache",2026-07-18 15:21:43,2026-07-18 15:22:28
6998,"marsh-professionisti.lhc.channel.prod.goresponsa.com","DigiCert Wyvern2026h2","404 — Starfleet Error",screenshot,0,"",2026-07-18 15:21:43,2026-07-18 15:22:28
6997,"refs.center","DigiCert Wyvern2026h2","refs.center",screenshot,1,"login",2026-07-18 15:21:43,2026-07-18 15:22:28
6996,"sagefemmelaurette.fr","DigiCert Wyvern2026h2","Sage-femme libérale à Paris | Suivi complet en gynécologie | Laurette SUZANNE - Sage-Femme libérale Paris | Paris 6",screenshot,0,"",2026-07-18 15:21:43,2026-07-18 15:22:29
6995,"www.www.www.test.144-76-43-236.plesk.page","DigiCert Wyvern2026h2","",screenshot,0,"",2026-07-18 15:21:43,2026-07-18 15:22:29
6994,"www.dqhbxx.ph","DigiCert Wyvern2026h2","Redirecting...",screenshot,0,"",2026-07-18 15:21:43,2026-07-18 15:22:28
6992,"xn--bpi-1h9g355i.com.ph","DigiCert Wyvern2026h2","Redirecting...",screenshot,0,"",2026-07-18 15:21:43,2026-07-18 15:22:25
6991,"eriksen.com","DigiCert Wyvern2026h2","Translation & Localization Services NYC | Eriksen Translations",screenshot,1,"sign in",2026-07-18 15:21:43,2026-07-18 15:22:27
6989,"xn--bpi-ly4njs.com.ph","DigiCert Wyvern2026h2","Redirecting...",screenshot,0,"",2026-07-18 15:21:43,2026-07-18 15:22:25
6987,"dd-19.co","DigiCert Wyvern2026h2","DD19 เต็มระบบคาสิโนออนไลน์ เว็บเดียวครบจบทุกวงจร มาแรงในไทย",screenshot,0,"",2026-07-18 15:21:43,2026-07-18 15:22:28
6986,"bjrfhy.com","DigiCert Wyvern2026h2","unstoppabledomains.com",screenshot,0,"",2026-07-18 15:21:43,2026-07-18 15:22:25
6985,"www.4whm.zynapkjcbpdemo.staging.34-72-90-121.sslip.io","DigiCert Wyvern2026h2","AI Broadcast",screenshot,0,"",2026-07-18 15:21:43,2026-07-18 15:22:25
6983,"fairshare.lioncross.dev","DigiCert Wyvern2026h2","Fair Share",screenshot,0,"",2026-07-18 15:21:43,2026-07-18 15:22:26
6982,"hi.lexram.ai","DigiCert Wyvern2026h2","LEXRAM TSR — AI-Powered Legal Title Scrutiny Report",screenshot,0,"",2026-07-18 15:21:43,2026-07-18 15:22:27
6981,"fpvdronas.lt","DigiCert Wyvern2026h2","FPV dronai Lietuvoje – dalys, rinkiniai ir aksesuarai | FPVDronas | FPV Dronas",screenshot,0,"",2026-07-18 15:21:43,2026-07-18 15:22:25
6978,"www.popularnomad.com","DigiCert Wyvern2026h2","",screenshot,0,"",2026-07-18 15:21:43,2026-07-18 15:22:24
6977,"velletique.com","DigiCert Wyvern2026h2","Quality Essentials for Everyday Living at Velletique | velletique",screenshot,0,"",2026-07-18 15:21:43,2026-07-18 15:22:24
6976,"vitalface.se","DigiCert Wyvern2026h2","Home - Vitalface",screenshot,0,"",2026-07-18 15:21:43,2026-07-18 15:22:24
6975,"autowebhook.victones.com.br","DigiCert Wyvern2026h2","Error",screenshot,0,"",2026-07-18 15:21:43,2026-07-18 15:22:24
6974,"smtp.s-id.web.id","DigiCert Wyvern2026h2","",screenshot,1,"cpanel",2026-07-18 15:21:43,2026-07-18 15:22:25
6972,"maskypozicovna.sk","DigiCert Wyvern2026h2","500 Internal Server Error",screenshot,0,"",2026-07-18 15:21:43,2026-07-18 15:22:24
6971,"wakingthesleepingbear.fr","DigiCert Wyvern2026h2","Accueil",screenshot,0,"",2026-07-18 15:21:43,2026-07-18 15:22:24
6970,"jakejavialvarez.com","DigiCert Wyvern2026h2","Parked Domain name on Hostinger DNS system",screenshot,0,"",2026-07-18 15:21:43,2026-07-18 15:22:24
6969,"webmail.dlthost.net","DigiCert Wyvern2026h2","Roundcube Webmail :: Welcome to Roundcube Webmail",screenshot,1,"webmail",2026-07-18 15:21:43,2026-07-18 15:22:24
6968,"smtp.dlthost.net","DigiCert Wyvern2026h2","",screenshot,0,"",2026-07-18 15:21:43,2026-07-18 15:22:23
6967,"pop.dlthost.net","DigiCert Wyvern2026h2","",screenshot,0,"",2026-07-18 15:21:43,2026-07-18 15:22:23
6966,"mail.dlthost.net","DigiCert Wyvern2026h2","",screenshot,0,"",2026-07-18 15:21:43,2026-07-18 15:22:23
6965,"ftp.dlthost.net","DigiCert Wyvern2026h2","",screenshot,0,"",2026-07-18 15:21:43,2026-07-18 15:22:23
6964,"dlthost.net","DigiCert Wyvern2026h2","dltHost | Domain & Hosting & SSL",screenshot,0,"",2026-07-18 15:21:43,2026-07-18 15:22:20
6963,"bambino-gelato.pages.dev","DigiCert Wyvern2026h2","Bambino · Gelato lento · Madrid",screenshot,0,"",2026-07-18 15:21:43,2026-07-18 15:22:20
6962,"www.inloboc.com","DigiCert Wyvern2026h2","In Loboc — River Cruise, Fireflies & Travel Guides | Bohol Loboc Philippines",screenshot,0,"",2026-07-18 15:21:43,2026-07-18 15:22:20
6960,"ecourtdate-phone.ecase.io","DigiCert Wyvern2026h2","Attention Required! | Cloudflare",screenshot,0,"",2026-07-18 15:21:43,2026-07-18 15:22:20
6959,"xn--bpi-hk-y38ph3a.com.ph","DigiCert Wyvern2026h2","Redirecting...",screenshot,0,"",2026-07-18 15:21:43,2026-07-18 15:22:20
6958,"brewlineprofessional.in","DigiCert Wyvern2026h2","Brewline Professional | Engineering Solutions for Beverage | Brewline Professional",screenshot,0,"",2026-07-18 15:21:43,2026-07-18 15:22:20
6957,"turbogamestudios.com","DigiCert Wyvern2026h2","Turbo Game Studios | Worlds Worth Exploring",screenshot,0,"",2026-07-18 15:21:43,2026-07-18 15:22:20
6956,"cbpadvocacia.com","DigiCert Wyvern2026h2","Escritório CBP Advocacia | Direito Bancário| Saúde| Trânsito| Imobiliário | CBP Advocacia",screenshot,0,"",2026-07-18 15:21:43,2026-07-18 15:22:14
6955,"us-east-1.sms.nusol-cloud.com","DigiCert Wyvern2026h2","",screenshot,0,"",2026-07-18 15:21:43,2026-07-18 15:22:14
6954,"bricksight.io","DigiCert Wyvern2026h2","BrickSight — Automated Building Inspections",screenshot,1,"powered by",2026-07-18 15:21:43,2026-07-18 15:22:14
6951,"invoicing.techniart.com","DigiCert Wyvern2026h2","Apache HTTP Server Test Page powered by CentOS",screenshot,1,"powered by",2026-07-18 15:21:43,2026-07-18 15:22:14
6950,"duniapermen.com","DigiCert Wyvern2026h2","DUNIATOTO : Platfom Akses Bandar Togel Online Resmi Terpercaya Hari Ini",screenshot,1,"login",2026-07-18 15:21:43,2026-07-18 15:22:16
6949,"app.tribalbi.com","DigiCert Wyvern2026h2","",screenshot,1,"sign in",2026-07-18 15:21:43,2026-07-18 15:22:14
6948,"adzcode.info","DigiCert Wyvern2026h2","unstoppabledomains.com",screenshot,0,"",2026-07-18 15:21:43,2026-07-18 15:22:16
6947,"siliconrh-site.pages.dev","DigiCert Wyvern2026h2","$SILICON — Own the shovels of the AI gold rush",screenshot,1,"it works",2026-07-18 15:21:43,2026-07-18 15:22:14
6946,"www.wyohockey.com.app.crossbar.org","DigiCert Wyvern2026h2","Wyoming Amateur Hockey Association",screenshot,1,"powered by",2026-07-18 15:21:43,2026-07-18 15:22:18
6943,"115et.ph","DigiCert Wyvern2026h2","Redirecting...",screenshot,0,"",2026-07-18 15:21:43,2026-07-18 15:22:08
6942,"secretariasenred.com","DigiCert Wyvern2026h2","Reclutamiento de Secretarias y Asistentes Ejecutivas en Argentina | Secretarias en Red | Secretarias en red",screenshot,0,"",2026-07-18 15:21:43,2026-07-18 15:22:08
6941,"roo.dmbyazilim.com","DigiCert Wyvern2026h2","Geri Bildirim Panosu",screenshot,0,"",2026-07-18 15:21:43,2026-07-18 15:22:08
6939,"www.college.upenn.edu","Google Argon2026h2","Just a moment...",screenshot,0,"",2026-07-18 15:21:42,2026-07-18 15:22:08
6938,"webmail.thiennguyenimages.com","Google Argon2026h2","Webmail Login",screenshot,1,"webmail",2026-07-18 15:21:42,2026-07-18 15:22:09
6932,"cpanel.thiennguyenimages.com","Google Argon2026h2","cPanel Login",screenshot,1,"cpanel",2026-07-18 15:21:42,2026-07-18 15:22:07
6931,"autodiscover.thiennguyenimages.com","Google Argon2026h2","",screenshot,0,"",2026-07-18 15:21:42,2026-07-18 15:22:07
6930,"autoconfig.thiennguyenimages.com","Google Argon2026h2","",screenshot,0,"",2026-07-18 15:21:42,2026-07-18 15:22:07
6929,"sonicview.gr","Google Argon2026h2","Sonic View — Audiovisual Production Company Athens, Greece",screenshot,0,"",2026-07-18 15:21:42,2026-07-18 15:22:07
6928,"mail.sonicview.gr","Google Argon2026h2","",screenshot,0,"",2026-07-18 15:21:42,2026-07-18 15:22:06
6927,"qgt1.com.ph","Google Argon2026h2","Redirecting...",screenshot,0,"",2026-07-18 15:21:42,2026-07-18 15:22:07
6926,"zadbehyu.probate.net.au","Google Argon2026h2","",screenshot,0,"",2026-07-18 15:21:42,2026-07-18 15:22:07
6925,"www1.personalinjury.net.au","Google Argon2026h2","",screenshot,0,"",2026-07-18 15:21:42,2026-07-18 15:22:07
6924,"ww3.probate.net.au","Google Argon2026h2","",screenshot,0,"",2026-07-18 15:21:42,2026-07-18 15:22:07
6923,"webmail.personalinjury.net.au","Google Argon2026h2","",screenshot,0,"",2026-07-18 15:21:42,2026-07-18 15:22:07
6922,"web.probate.net.au","Google Argon2026h2","",screenshot,0,"",2026-07-18 15:21:42,2026-07-18 15:22:07
6921,"wap.probate.net.au","Google Argon2026h2","",screenshot,0,"",2026-07-18 15:21:42,2026-07-18 15:22:07
6920,"superset.probate.net.au","Google Argon2026h2","",screenshot,0,"",2026-07-18 15:21:42,2026-07-18 15:22:06
6919,"superset-staging.probate.net.au","Google Argon2026h2","",screenshot,0,"",2026-07-18 15:21:42,2026-07-18 15:22:06
6918,"store.probate.net.au","Google Argon2026h2","",screenshot,0,"",2026-07-18 15:21:42,2026-07-18 15:22:05
6917,"staging-superset.probate.net.au","Google Argon2026h2","",screenshot,0,"",2026-07-18 15:21:42,2026-07-18 15:22:03
6916,"smtp.personalinjury.net.au","Google Argon2026h2","",screenshot,0,"",2026-07-18 15:21:42,2026-07-18 15:22:06
6915,"qa.probate.net.au","Google Argon2026h2","",screenshot,0,"",2026-07-18 15:21:42,2026-07-18 15:22:04
6914,"production.probate.net.au","Google Argon2026h2","",screenshot,0,"",2026-07-18 15:21:42,2026-07-18 15:22:06
6913,"prod.probate.net.au","Google Argon2026h2","",screenshot,0,"",2026-07-18 15:21:42,2026-07-18 15:22:02
6912,"probate.net.au","Google Argon2026h2","",screenshot,0,"",2026-07-18 15:21:42,2026-07-18 15:22:02
6911,"preview-data.probate.net.au","Google Argon2026h2","",screenshot,0,"",2026-07-18 15:21:42,2026-07-18 15:22:02
6910,"preprod.probate.net.au","Google Argon2026h2","",screenshot,0,"",2026-07-18 15:21:42,2026-07-18 15:22:02
6909,"portal.probate.net.au","Google Argon2026h2","",screenshot,0,"",2026-07-18 15:21:42,2026-07-18 15:22:05
6908,"pop.personalinjury.net.au","Google Argon2026h2","",screenshot,0,"",2026-07-18 15:21:42,2026-07-18 15:22:01
6907,"personalinjury.net.au","Google Argon2026h2","",screenshot,0,"",2026-07-18 15:21:42,2026-07-18 15:22:01
6906,"news.probate.net.au","Google Argon2026h2","",screenshot,0,"",2026-07-18 15:21:42,2026-07-18 15:22:00
6905,"mobile.probate.net.au","Google Argon2026h2","",screenshot,0,"",2026-07-18 15:21:42,2026-07-18 15:22:00
6904,"marketingyventasconinteligencia.com","Google Argon2026h2","",screenshot,0,"",2026-07-18 15:21:42,2026-07-18 15:22:00
6903,"mailgate.personalinjury.net.au","Google Argon2026h2","",screenshot,0,"",2026-07-18 15:21:42,2026-07-18 15:22:00
6902,"mail.personalinjury.net.au","Google Argon2026h2","",screenshot,0,"",2026-07-18 15:21:42,2026-07-18 15:22:00
6901,"m5056.top","Google Argon2026h2","m5056.top",screenshot,0,"",2026-07-18 15:21:42,2026-07-18 15:22:00
6900,"m.probate.net.au","Google Argon2026h2","",screenshot,0,"",2026-07-18 15:21:42,2026-07-18 15:22:00
6899,"m.personalinjury.net.au","Google Argon2026h2","",screenshot,0,"",2026-07-18 15:21:42,2026-07-18 15:22:00
6898,"laptoprankboard.com","Google Argon2026h2","laptoprankboard.com",screenshot,0,"",2026-07-18 15:21:42,2026-07-18 15:22:00
6897,"integration-analytic.probate.net.au","Google Argon2026h2","",screenshot,0,"",2026-07-18 15:21:42,2026-07-18 15:22:00
6896,"insight.probate.net.au","Google Argon2026h2","",screenshot,0,"",2026-07-18 15:21:42,2026-07-18 15:21:57
6895,"insight-test.probate.net.au","Google Argon2026h2","",screenshot,0,"",2026-07-18 15:21:42,2026-07-18 15:21:58
6894,"insight-sandbox.probate.net.au","Google Argon2026h2","",screenshot,0,"",2026-07-18 15:21:42,2026-07-18 15:21:58
6893,"insight-ci.probate.net.au","Google Argon2026h2","",screenshot,0,"",2026-07-18 15:21:42,2026-07-18 15:21:56
6892,"imap2.personalinjury.net.au","Google Argon2026h2","",screenshot,0,"",2026-07-18 15:21:42,2026-07-18 15:21:57
6891,"falcon-towing.com","Google Argon2026h2","falcon-towing.com",screenshot,0,"",2026-07-18 15:21:42,2026-07-18 15:21:56
6890,"emv1.probate.net.au","Google Argon2026h2","",screenshot,0,"",2026-07-18 15:21:42,2026-07-18 15:21:57
6889,"email.personalinjury.net.au","Google Argon2026h2","",screenshot,0,"",2026-07-18 15:21:42,2026-07-18 15:21:56
6888,"edwjkrbc.probate.net.au","Google Argon2026h2","",screenshot,0,"",2026-07-18 15:21:42,2026-07-18 15:21:59
6887,"development.probate.net.au","Google Argon2026h2","",screenshot,0,"",2026-07-18 15:21:42,2026-07-18 15:21:56
6886,"dev.probate.net.au","Google Argon2026h2","",screenshot,0,"",2026-07-18 15:21:42,2026-07-18 15:21:56
6885,"dev.personalinjury.net.au","Google Argon2026h2","",screenshot,0,"",2026-07-18 15:21:42,2026-07-18 15:21:56
6884,"demo.probate.net.au","Google Argon2026h2","probate.net.au",screenshot,0,"",2026-07-18 15:21:42,2026-07-18 15:21:55
6883,"data.probate.net.au","Google Argon2026h2","",screenshot,0,"",2026-07-18 15:21:42,2026-07-18 15:21:55
6882,"data-test.probate.net.au","Google Argon2026h2","",screenshot,0,"",2026-07-18 15:21:42,2026-07-18 15:21:55
6881,"data-staging.probate.net.au","Google Argon2026h2","",screenshot,0,"",2026-07-18 15:21:42,2026-07-18 15:21:55
6880,"dashboard.probate.net.au","Google Argon2026h2","probate.net.au",screenshot,0,"",2026-07-18 15:21:42,2026-07-18 15:21:55
6879,"ci.probate.net.au","Google Argon2026h2","probate.net.au",screenshot,0,"",2026-07-18 15:21:42,2026-07-18 15:21:55
6878,"cbwkqwap.probate.net.au","Google Argon2026h2","probate.net.au",screenshot,0,"",2026-07-18 15:21:42,2026-07-18 15:21:55
6877,"bi.probate.net.au","Google Argon2026h2","probate.net.au",screenshot,0,"",2026-07-18 15:21:42,2026-07-18 15:21:55
6876,"beta.probate.net.au","Google Argon2026h2","",screenshot,0,"",2026-07-18 15:21:42,2026-07-18 15:21:55
6875,"app.probate.net.au","Google Argon2026h2","probate.net.au",screenshot,0,"",2026-07-18 15:21:42,2026-07-18 15:21:55
6874,"api.probate.net.au","Google Argon2026h2","probate.net.au",screenshot,0,"",2026-07-18 15:21:42,2026-07-18 15:21:55
6873,"api.personalinjury.net.au","Google Argon2026h2","",screenshot,0,"",2026-07-18 15:21:42,2026-07-18 15:21:55
6872,"analytics.probate.net.au","Google Argon2026h2","probate.net.au",screenshot,0,"",2026-07-18 15:21:42,2026-07-18 15:21:51
6871,"analytic.probate.net.au","Google Argon2026h2","probate.net.au",screenshot,0,"",2026-07-18 15:21:42,2026-07-18 15:21:52
6870,"analytic-dev.probate.net.au","Google Argon2026h2","probate.net.au",screenshot,0,"",2026-07-18 15:21:42,2026-07-18 15:21:51
6869,"alpha.probate.net.au","Google Argon2026h2","probate.net.au",screenshot,0,"",2026-07-18 15:21:42,2026-07-18 15:21:51
6868,"admin.probate.net.au","Google Argon2026h2","probate.net.au",screenshot,0,"",2026-07-18 15:21:42,2026-07-18 15:21:51
6867,"9n7n.cc","Google Argon2026h2","9n7n.cc",screenshot,0,"",2026-07-18 15:21:42,2026-07-18 15:21:50
6866,"2b3e5a6f-2b7e-494e-9e95-fd661be4bbbb.probate.net.au","Google Argon2026h2","probate.net.au",screenshot,0,"",2026-07-18 15:21:42,2026-07-18 15:21:51
6865,"flyers-4si.pages.dev","Google Argon2026h2","Group Flyer Generator | Triumph",screenshot,0,"",2026-07-18 15:21:42,2026-07-18 15:21:51
6863,"nv-stg-ipp.teleport.sh","Google Argon2026h2","",screenshot,0,"",2026-07-18 15:21:42,2026-07-18 15:21:52
6862,"dezguised.com","Google Argon2026h2","DEZGUISED — Vampire Prince VTuber",screenshot,0,"",2026-07-18 15:21:42,2026-07-18 15:21:51
6861,"gpt.19990913.xyz","Google Argon2026h2","NextChat",screenshot,0,"",2026-07-18 15:21:42,2026-07-18 15:21:51
6860,"diziprostudios.com","Google Argon2026h2","Dizipro Studios - Wedding Photographers, Fashion Photoshoot, Corporate Photography",screenshot,0,"",2026-07-18 15:21:42,2026-07-18 15:21:47
6859,"gtn5gq41.website.one","Google Argon2026h2","Hosted By One.com | Webhosting made simple",screenshot,0,"",2026-07-18 15:21:42,2026-07-18 15:21:47
6858,"xltkimsd.sso-getx.ru","Google Argon2026h2","",screenshot,0,"",2026-07-18 15:21:42,2026-07-18 15:21:46
6857,"tangytd.net","Google Argon2026h2","Tangy TD - Pixel Tower Defense Game on Steam",screenshot,0,"",2026-07-18 15:21:42,2026-07-18 15:21:47
6856,"charisma.etsmart.online","Google Argon2026h2","",screenshot,0,"",2026-07-18 15:21:42,2026-07-18 15:21:47
6855,"andyn.uk","Google Argon2026h2","Register this domain name - andyn.uk",screenshot,1,"login",2026-07-18 15:21:42,2026-07-18 15:21:46
6854,"www.hodlpulse.com","Google Argon2027h1","Access Denied",screenshot,0,"",2026-07-18 15:21:41,2026-07-18 15:21:47
6853,"selyn.in","Google Argon2027h1","",screenshot,0,"",2026-07-18 15:21:41,2026-07-18 15:21:47
6852,"www.auditsflows.xyz","Google Argon2027h1","",screenshot,0,"",2026-07-18 15:21:41,2026-07-18 15:21:47
6851,"18mode.com","Google Argon2027h1","",screenshot,0,"",2026-07-18 15:21:41,2026-07-18 15:21:47
6850,"www.mkt23h59wsewwssuo-f06oo.com","Google Argon2027h1","",screenshot,0,"",2026-07-18 15:21:41,2026-07-18 15:21:48
6849,"www.wesayyestoanyhouse.com","Google Argon2027h1","",screenshot,0,"",2026-07-18 15:21:41,2026-07-18 15:21:50
6848,"account.nonomastercutz.com","Google Xenon2026h2","",screenshot,0,"",2026-07-18 15:21:41,2026-07-18 15:21:45
6847,"avox.app","Google Xenon2026h2","Log in |",screenshot,1,"log in",2026-07-18 15:21:41,2026-07-18 15:21:43
6846,"tatah.org","Google Xenon2026h2","403 Forbidden",screenshot,0,"",2026-07-18 15:21:41,2026-07-18 15:21:43
6845,"data.dr-blumer.li","Google Xenon2026h2","Willkommen auf data.dr-blumer.li - Hosting by hostfactory.ch",screenshot,0,"",2026-07-18 15:21:41,2026-07-18 15:21:43
6844,"yalla.player2.live.t1soft.org","Google Xenon2026h2","Yalla",screenshot,0,"",2026-07-18 15:21:41,2026-07-18 15:21:46
6843,"paymentrec.com","Google Xenon2026h2","paymentrec.com is registered at Namecheap",screenshot,1,"sign in",2026-07-18 15:21:41,2026-07-18 15:21:44
6842,"ems-api-dev.gramick.dev","Google Xenon2026h2","Not Found",screenshot,0,"",2026-07-18 15:21:41,2026-07-18 15:21:43
6841,"lushikaservices.co.za","Google Xenon2026h2","Environmental Consulting Services South Africa | Water Use Licence | Mining & Prospecting Rights | EIA Consultant | Lushika Services",screenshot,0,"",2026-07-18 15:21:41,2026-07-18 15:21:43
6840,"www.viatechstack.com","Google Xenon2026h2","via Tech Stack",screenshot,1,"sign in",2026-07-18 15:21:41,2026-07-18 15:21:44
6839,"a35.freestudymaterial247.co.in","Google Xenon2026h2","a35",screenshot,0,"",2026-07-18 15:21:41,2026-07-18 15:21:44
6838,"www.hrm.mission90.news","Google Xenon2026h2","Index of /",screenshot,0,"",2026-07-18 15:21:41,2026-07-18 15:21:43
6837,"xinyongkachaowaihui.net.ph","Google Xenon2026h2","Redirecting...",screenshot,0,"",2026-07-18 15:21:41,2026-07-18 15:21:43
6836,"www.sarasantandrea.it","Google Xenon2026h2","Laurea di Sara Santandrea",screenshot,0,"",2026-07-18 15:21:41,2026-07-18 15:21:42
6835,"zkflux.link","DigiCert Wyvern2026h2","unstoppabledomains.com",screenshot,0,"",2026-07-18 15:20:45,2026-07-18 15:21:03
6834,"super3-i-000d7eeb02d3caa7e.prd.workdaysuvcareers.com","DigiCert Wyvern2026h2","",screenshot,0,"",2026-07-18 15:20:45,2026-07-18 15:21:03
6833,"residenzalapiazzetta.it","DigiCert Wyvern2026h2","Residenza LA PIAZZETTA",screenshot,0,"",2026-07-18 15:20:45,2026-07-18 15:21:04
6831,"antonjohansson.se","DigiCert Wyvern2026h2","Anton Johansson - entreprenör & föreläsare",screenshot,0,"",2026-07-18 15:20:45,2026-07-18 15:21:03
6830,"sber.blablacar.yandex.pay.wid8qe4wb.ye7.com","DigiCert Wyvern2026h2","ye7.com",screenshot,1,"powered by",2026-07-18 15:20:45,2026-07-18 15:21:04
6829,"popq4n1c8m.com","DigiCert Wyvern2026h2","",screenshot,0,"",2026-07-18 15:20:45,2026-07-18 15:21:04
6828,"evarahorizons.com","DigiCert Wyvern2026h2","Home",screenshot,1,"powered by",2026-07-18 15:20:45,2026-07-18 15:21:03
6827,"anvled.com","DigiCert Wyvern2026h2","unstoppabledomains.com",screenshot,0,"",2026-07-18 15:20:45,2026-07-18 15:21:03
6826,"pp-louvinjatinangor.propertek.id","DigiCert Wyvern2026h2","Propertek",screenshot,1,"log in",2026-07-18 15:20:45,2026-07-18 15:21:06
6825,"ata.yazilimdemo.site","DigiCert Wyvern2026h2","Lütfen Lisans Kodunu Giriniz",screenshot,0,"",2026-07-18 15:20:45,2026-07-18 15:21:04
6824,"api.anondate.ru","DigiCert Wyvern2026h2","api.anondate.ru",screenshot,0,"",2026-07-18 15:20:45,2026-07-18 15:21:03
6823,"maya.n-8i8vj6cknjo749a0li08.prd.workdaysuv.com","DigiCert Wyvern2026h2","",screenshot,0,"",2026-07-18 15:20:45,2026-07-18 15:21:02
6822,"shop.mobile.apps.connectlive2023.com","DigiCert Wyvern2026h2","Bizzabo | 404 | Social Networking in conferences, meetups and events made easy with Bizzabo’s mobile networking solution",screenshot,0,"",2026-07-18 15:20:45,2026-07-18 15:21:03
6821,"www.allaricercadelfondoperduto.it","DigiCert Wyvern2026h2","Alla Ricerca del Fondo Perduto",screenshot,0,"",2026-07-18 15:20:45,2026-07-18 15:21:02
6820,"xn--bpi-jz1m53e.com.ph","DigiCert Wyvern2026h2","Redirecting...",screenshot,0,"",2026-07-18 15:20:45,2026-07-18 15:21:02
6819,"www.originalterra.com","Google Argon2027h1","",screenshot,0,"",2026-07-18 15:20:41,2026-07-18 15:21:02
6818,"www.smokejointbbq.com","Google Argon2027h1","",screenshot,0,"",2026-07-18 15:20:41,2026-07-18 15:21:02
6817,"bjoernbarthel.de","Google Argon2027h1","",screenshot,0,"",2026-07-18 15:20:41,2026-07-18 15:21:02
6816,"boutiqueabc.net","Google Argon2027h1","Error 404 - Not found",screenshot,1,"cpanel",2026-07-18 15:20:41,2026-07-18 15:21:02
6815,"duoport30dayfreetrial.com","Google Argon2027h1","",screenshot,0,"",2026-07-18 15:20:41,2026-07-18 15:21:02
6814,"feedhollywood.com","Google Argon2027h1","Access Denied",screenshot,0,"",2026-07-18 15:20:41,2026-07-18 15:21:02
6812,"sigilconsulting.org","Google Argon2026h2","",screenshot,1,"signin",2026-07-18 15:20:41,2026-07-18 15:21:02
6810,"avtoalliance.com.ph","Google Argon2026h2","Redirecting...",screenshot,0,"",2026-07-18 15:20:41,2026-07-18 15:20:56
6809,"xzkpvby4.website.one","Google Argon2026h2","Hosted By One.com | Webhosting made simple",screenshot,0,"",2026-07-18 15:20:41,2026-07-18 15:20:56
6808,"email.mail.easymedspamarketing.com","Google Argon2026h2","",screenshot,0,"",2026-07-18 15:20:41,2026-07-18 15:20:56
6807,"earndailytips.com","Google Argon2026h2","Earndailytips - Your Daily Blueprint for Financial Freedom.",screenshot,0,"",2026-07-18 15:20:41,2026-07-18 15:20:59
6806,"cms.morten.club","Google Argon2026h2","CrowdVolt CMS",screenshot,0,"",2026-07-18 15:20:41,2026-07-18 15:20:56
6805,"www.stellarbank.ca","Google Argon2026h2","stellarbank.ca is registered at Namecheap",screenshot,0,"",2026-07-18 15:20:41,2026-07-18 15:20:57
6804,"www.certs.me","Google Argon2026h2","404 Page not found",screenshot,0,"",2026-07-18 15:20:41,2026-07-18 15:20:56
6803,"kyra50zona.doodlekit.com","Google Argon2026h2","",screenshot,0,"",2026-07-18 15:20:41,2026-07-18 15:20:57
6802,"awanslot88ads3.xyz","Google Argon2026h2","Just a moment...",screenshot,0,"",2026-07-18 15:20:41,2026-07-18 15:20:56
6799,"mea.imiscloud.com.asidevops.com","Google Argon2026h2","Not Found",screenshot,0,"",2026-07-18 15:20:41,2026-07-18 15:20:50
6798,"zm2qc0z6ntv2m0m0.com.ph","Google Argon2026h2","Redirecting...",screenshot,0,"",2026-07-18 15:20:41,2026-07-18 15:20:50
6797,"service.raoswald.de","Google Argon2026h2","KanzleiStation - Synology DiskStation",screenshot,0,"",2026-07-18 15:20:41,2026-07-18 15:20:52
6796,"miteff-enterprises.com","Google Argon2026h2","Home | Miteff Enterprises",screenshot,0,"",2026-07-18 15:20:41,2026-07-18 15:20:50
6795,"officeonline.trustesolutions.com","Google Xenon2026h2","404 - File or directory not found.",screenshot,0,"",2026-07-18 15:20:41,2026-07-18 15:20:50
6794,"webmail.kjmbale.com","Google Xenon2026h2","500 Internal Server Error",screenshot,0,"",2026-07-18 15:20:41,2026-07-18 15:20:50
6793,"webdisk.kjmbale.com","Google Xenon2026h2","500 Internal Server Error",screenshot,0,"",2026-07-18 15:20:41,2026-07-18 15:20:50
6788,"cpcontacts.kjmbale.com","Google Xenon2026h2","500 Internal Server Error",screenshot,0,"",2026-07-18 15:20:41,2026-07-18 15:20:50
6787,"cpcalendars.kjmbale.com","Google Xenon2026h2","500 Internal Server Error",screenshot,0,"",2026-07-18 15:20:41,2026-07-18 15:20:48
6786,"cpanel.kjmbale.com","Google Xenon2026h2","500 Internal Server Error",screenshot,0,"",2026-07-18 15:20:41,2026-07-18 15:20:48
6785,"autodiscover.kjmbale.com","Google Xenon2026h2","",screenshot,0,"",2026-07-18 15:20:41,2026-07-18 15:20:48
6784,"intfin.n-dh8vld49onb623hn9cg7e.prd.workdaysuv.com","Google Xenon2026h2","",screenshot,0,"",2026-07-18 15:20:41,2026-07-18 15:20:48
6783,"graph.instagram.com.cbtp.tunneldesu.jp.net","Google Xenon2026h2","404 Not Found",screenshot,1,"nginx",2026-07-18 15:20:41,2026-07-18 15:20:49
6780,"fourelevenbrazilianjiujitsu-1.bestmartialartsgym.com","Google Xenon2026h2","Home · Four-Eleven Brazilian Jiu Jitsu",screenshot,0,"",2026-07-18 15:20:41,2026-07-18 15:20:49
6779,"www.myrrentha.com","Google Xenon2026h2","Myrrentha",screenshot,0,"",2026-07-18 15:20:41,2026-07-18 15:20:49
6778,"summon.xyz","Google Xenon2026h2","Summon",screenshot,0,"",2026-07-18 15:20:41,2026-07-18 15:20:49
6776,"z109.mil.ph","Google Xenon2026h2","Redirecting...",screenshot,0,"",2026-07-18 15:20:41,2026-07-18 15:20:48
6775,"todonow.app","Google Xenon2026h2","Create Next App",screenshot,0,"",2026-07-18 15:20:41,2026-07-18 15:20:45
6774,"2wyh.net.ph","Google Xenon2026h2","Redirecting...",screenshot,0,"",2026-07-18 15:20:41,2026-07-18 15:20:45
6773,"go.retirementlivingviva.com","Google Xenon2026h2","",screenshot,0,"",2026-07-18 15:20:41,2026-07-18 15:20:45
6771,"ava.game.naver.com.sg40.oonnkjr.my.id","Google Xenon2026h2","404 Not Found",screenshot,1,"nginx",2026-07-18 15:20:41,2026-07-18 15:20:45
6768,"aviatrixgame.eu.com","Google Xenon2026h2","Aviatrix Crash Game in UK | BigGame Solutions Details",screenshot,1,"sign in",2026-07-18 15:20:41,2026-07-18 15:20:46
6767,"dav.helmsage.ai","Google Xenon2026h2","HELMSAGE",screenshot,0,"",2026-07-18 15:20:41,2026-07-18 15:20:46
6766,"aldorios.com","Google Xenon2026h2","A Brand New Domain!",screenshot,1,"powered by",2026-07-18 15:20:41,2026-07-18 15:20:46
6765,"geral.ink","Google Xenon2026h2","Link na bio: Tudo sobre você em um único link | geralink",screenshot,0,"",2026-07-18 15:20:41,2026-07-18 15:20:45
6764,"www.linceul.ch","Google Xenon2026h2","Home",screenshot,0,"",2026-07-18 15:20:41,2026-07-18 15:20:45
6763,"super2-n-c48vj48aebht6c5i51j38.prd.workdaysuvcareers.com","DigiCert Wyvern2026h2","",screenshot,0,"",2026-07-18 15:19:44,2026-07-18 15:20:39
6760,"carhistorychecks.com.au","DigiCert Wyvern2026h2","— $2.00 ONLY — Comprehensive Car History Reports | Car History Check NSW, QLD, WA",screenshot,0,"",2026-07-18 15:19:44,2026-07-18 15:20:38
6759,"schooldegrees.ph","DigiCert Wyvern2026h2","",screenshot,0,"",2026-07-18 15:19:44,2026-07-18 15:20:33
6757,"hakuke.com","DigiCert Wyvern2026h2","unstoppabledomains.com",screenshot,0,"",2026-07-18 15:19:44,2026-07-18 15:20:33
6755,"www.metrotimings.com","DigiCert Wyvern2026h2","metrotimings.com is for sale",screenshot,0,"",2026-07-18 15:19:44,2026-07-18 15:20:34
6754,"tjcbuildingltd.co.uk","DigiCert Wyvern2026h2","Home - T J C Building & Groundworks Ltd",screenshot,0,"",2026-07-18 15:19:44,2026-07-18 15:20:33
6753,"l1ht.org.ph","DigiCert Wyvern2026h2","Redirecting...",screenshot,0,"",2026-07-18 15:19:44,2026-07-18 15:20:33
6752,"vtserver03.sprace.org.br","DigiCert Wyvern2026h2","Grafana",screenshot,0,"",2026-07-18 15:19:44,2026-07-18 15:20:37
6751,"grafana.sprace.org.br","DigiCert Wyvern2026h2","Grafana",screenshot,0,"",2026-07-18 15:19:44,2026-07-18 15:20:37
6748,"info.liquinova.com","DigiCert Wyvern2026h2","Liquinova @ Drinktec — Flexible Beverage Lines, Designed Around You",screenshot,0,"",2026-07-18 15:19:44,2026-07-18 15:20:27
6746,"coretaskmanager.pages.dev","DigiCert Wyvern2026h2","Task Manager",screenshot,0,"",2026-07-18 15:19:44,2026-07-18 15:20:27
6744,"ksjiancai.com","DigiCert Wyvern2026h2","Attention Required! | Cloudflare",screenshot,0,"",2026-07-18 15:19:44,2026-07-18 15:20:27
6743,"book.zythometal.beer","DigiCert Wyvern2026h2","BookStack",screenshot,0,"",2026-07-18 15:19:44,2026-07-18 15:20:27
6742,"pdhf.imiscloud.com.asidevops.com","DigiCert Wyvern2026h2","IIS Windows Server",screenshot,0,"",2026-07-18 15:19:44,2026-07-18 15:20:27
6741,"nitientity.pages.dev","DigiCert Wyvern2026h2","NITI ENTITY | Your Trusted Digital Service Centre",screenshot,0,"",2026-07-18 15:19:44,2026-07-18 15:20:27
6740,"vdddf.dzmxrtn.top","DigiCert Wyvern2026h2","",screenshot,0,"",2026-07-18 15:19:44,2026-07-18 15:20:29
6739,"ordermo.app","DigiCert Wyvern2026h2","Just a moment...",screenshot,0,"",2026-07-18 15:19:44,2026-07-18 15:20:27
6738,"geodata.ordermo.app","DigiCert Wyvern2026h2","",screenshot,0,"",2026-07-18 15:19:44,2026-07-18 15:20:27
6737,"mkt.roixdigital.agency","DigiCert Wyvern2026h2","Mautic",screenshot,1,"login",2026-07-18 15:19:44,2026-07-18 15:20:29
6736,"www.rowvillechiropractor.renewedchiropractic.com.au","DigiCert Wyvern2026h2","Index of /",screenshot,0,"",2026-07-18 15:19:44,2026-07-18 15:20:24
6735,"www.rowvillechiropractic.renewedchiropractic.com.au","DigiCert Wyvern2026h2","Index of /",screenshot,0,"",2026-07-18 15:19:44,2026-07-18 15:20:24
6734,"rowvillechiropractor.com","DigiCert Wyvern2026h2","Renewed Chiropractic | chiropractor in Rowville | Rowville VIC, Australia",screenshot,0,"",2026-07-18 15:19:44,2026-07-18 15:20:24
6733,"rowvillechiropractic.com","DigiCert Wyvern2026h2","Renewed Chiropractic | chiropractor in Rowville | Rowville VIC, Australia",screenshot,0,"",2026-07-18 15:19:44,2026-07-18 15:20:24
6732,"renewedchiropractic.com.au","DigiCert Wyvern2026h2","Renewed Chiropractic | chiropractor in Rowville | Rowville VIC, Australia",screenshot,0,"",2026-07-18 15:19:44,2026-07-18 15:20:24
6731,"autodiscover.prosperai.global","DigiCert Wyvern2026h2","",screenshot,0,"",2026-07-18 15:19:44,2026-07-18 15:20:26
6730,"demo.polldancing.app","DigiCert Wyvern2026h2","Poll Dancing",screenshot,0,"",2026-07-18 15:19:44,2026-07-18 15:20:23
6729,"api.demo.polldancing.app","DigiCert Wyvern2026h2","Poll Dancing",screenshot,0,"",2026-07-18 15:19:44,2026-07-18 15:20:23
6726,"hap4pnfs.website.one","DigiCert Wyvern2026h2","Hosted By One.com | Webhosting made simple",screenshot,0,"",2026-07-18 15:19:44,2026-07-18 15:20:23
6724,"xn--bpi-5w2fn85l.com.ph","DigiCert Wyvern2026h2","Redirecting...",screenshot,0,"",2026-07-18 15:19:44,2026-07-18 15:20:19
6723,"intcdt.i-060cf8302493ef952.prd.workdaysuv.com","DigiCert Wyvern2026h2","",screenshot,0,"",2026-07-18 15:19:44,2026-07-18 15:20:19
6722,"hvacstokestoke.com","DigiCert Wyvern2026h2","StokeStoke Digital Marketing and Web Design - Not Your Average Agency",screenshot,0,"",2026-07-18 15:19:44,2026-07-18 15:20:22
6720,"www.testjunepython.logisticsoftware.in","DigiCert Wyvern2026h2","403 Forbidden",screenshot,0,"",2026-07-18 15:19:44,2026-07-18 15:20:20
6719,"www.testapicat.logisticsoftware.in","DigiCert Wyvern2026h2","403 Forbidden",screenshot,0,"",2026-07-18 15:19:44,2026-07-18 15:20:20
6718,"harbourhousepetretreat.com","DigiCert Wyvern2026h2","A Brand New Domain!",screenshot,1,"powered by",2026-07-18 15:19:44,2026-07-18 15:20:20
6717,"lovehader.com","DigiCert Wyvern2026h2","lovehader.com",screenshot,1,"powered by",2026-07-18 15:19:44,2026-07-18 15:20:19
6716,"en.fredrainville.com","DigiCert Wyvern2026h2","FR Consultant Executive coach | consultant",screenshot,0,"",2026-07-18 15:19:44,2026-07-18 15:20:20
6714,"kindredbio.shop","DigiCert Wyvern2026h2","The UK's Leading Vitamin Brand | Vitabiotics®",screenshot,0,"",2026-07-18 15:19:44,2026-07-18 15:20:20
6713,"v8px.net.ph","DigiCert Wyvern2026h2","Redirecting...",screenshot,0,"",2026-07-18 15:19:44,2026-07-18 15:20:19
6712,"webmail.octave.eu","DigiCert Wyvern2026h2","Webmail Login",screenshot,1,"webmail",2026-07-18 15:19:44,2026-07-18 15:20:13
6710,"octave.eu","DigiCert Wyvern2026h2","Octave Eukinendorf : Web Designer / Developer",screenshot,0,"",2026-07-18 15:19:44,2026-07-18 15:20:13
6709,"mail.octave.eu","DigiCert Wyvern2026h2","Octave Eukinendorf : Web Designer / Developer",screenshot,0,"",2026-07-18 15:19:44,2026-07-18 15:20:13
6706,"cpanel.octave.eu","DigiCert Wyvern2026h2","cPanel Login",screenshot,1,"cpanel",2026-07-18 15:19:44,2026-07-18 15:20:13
6705,"autodiscover.octave.eu","DigiCert Wyvern2026h2","",screenshot,0,"",2026-07-18 15:19:44,2026-07-18 15:20:13
6703,"protocolocovid19.opticasdavid.com","DigiCert Wyvern2026h2","Protocolo Ópticas David - Protocolo Ópticas David",screenshot,1,"powered by",2026-07-18 15:19:44,2026-07-18 15:20:15
6702,"www.4next.digital","DigiCert Wyvern2026h2","4next.digital – Rating is the new Marketing",screenshot,0,"",2026-07-18 15:19:44,2026-07-18 15:20:13
6700,"webmail.peterladkani.com","DigiCert Wyvern2026h2","Roundcube Webmail :: Welcome to Roundcube Webmail",screenshot,1,"webmail",2026-07-18 15:19:44,2026-07-18 15:20:07
6699,"peterladkani.com","DigiCert Wyvern2026h2","Home - Peter Ladkani - Director",screenshot,0,"",2026-07-18 15:19:44,2026-07-18 15:20:08
6697,"fineboutiquehotel.pro","DigiCert Wyvern2026h2","fineboutiquehotel.pro",screenshot,0,"",2026-07-18 15:19:44,2026-07-18 15:20:07
6695,"surreyheathlibdems.org.uk","DigiCert Wyvern2026h2","Surrey Heath Liberal Democrats",screenshot,0,"",2026-07-18 15:19:44,2026-07-18 15:20:07
6694,"autodiscover.surreyheathlibdems.org.uk","DigiCert Wyvern2026h2","Page Not Found",screenshot,0,"",2026-07-18 15:19:44,2026-07-18 15:20:07
6692,"yaguchiyuki0704.ph","DigiCert Wyvern2026h2","Redirecting...",screenshot,0,"",2026-07-18 15:19:44,2026-07-18 15:20:07
6691,"centerpartietflen.se","DigiCert Wyvern2026h2","Parked at Loopia",screenshot,1,"login",2026-07-18 15:19:44,2026-07-18 15:20:07
6690,"www.foldex.sh","DigiCert Wyvern2026h2","Foldex — Software Studio",screenshot,0,"",2026-07-18 15:19:44,2026-07-18 15:20:08
6689,"ngotqwww.www.www.www.www.www.assets.ye7.com","DigiCert Wyvern2026h2","ye7.com",screenshot,1,"powered by",2026-07-18 15:19:44,2026-07-18 15:20:08
6687,"avito.ozon.blablacar.youla.avito.wid8qe4wb.ye7.com","DigiCert Wyvern2026h2","ye7.com",screenshot,1,"powered by",2026-07-18 15:19:44,2026-07-18 15:20:03
6686,"itaaliafestival.ee","DigiCert Wyvern2026h2","Hansapäevad - Hansapäevad",screenshot,0,"",2026-07-18 15:19:44,2026-07-18 15:20:02
6684,"up2u.hu","DigiCert Wyvern2026h2","UP2U | Csak rajtad áll!",screenshot,0,"",2026-07-18 15:19:44,2026-07-18 15:20:04
6683,"en.aboldmove.org","DigiCert Wyvern2026h2","ConnectYourDomain Error | Wix.com",screenshot,0,"",2026-07-18 15:19:44,2026-07-18 15:20:01
6682,"z47gf.top","DigiCert Wyvern2026h2","",screenshot,0,"",2026-07-18 15:19:44,2026-07-18 15:20:01
6681,"sergey139.netcraze.pro","DigiCert Wyvern2026h2","403 Forbidden",screenshot,0,"",2026-07-18 15:19:44,2026-07-18 15:20:02
6680,"bpiwww-ck.com.ph","DigiCert Wyvern2026h2","Redirecting...",screenshot,0,"",2026-07-18 15:19:44,2026-07-18 15:20:01
6679,"drdcompany.ro.rao-romania.com","DigiCert Wyvern2026h2","DRD Company | Telecomunicaţii",screenshot,1,"powered by",2026-07-18 15:19:44,2026-07-18 15:20:01
6678,"drdcompany.ro","DigiCert Wyvern2026h2","DRD Company | Telecomunicaţii",screenshot,1,"powered by",2026-07-18 15:19:44,2026-07-18 15:20:01
6677,"waterdesignanalytics.com","DigiCert Wyvern2026h2","This site is under development",screenshot,0,"",2026-07-18 15:19:44,2026-07-18 15:20:01
6676,"mail.ore-equip.com","DigiCert Wyvern2026h2","Warriors Webmail :: Welcome to Warriors Webmail",screenshot,1,"webmail",2026-07-18 15:19:44,2026-07-18 15:19:57
6675,"gstaging.shop.cityclass.com","DigiCert Wyvern2026h2","",screenshot,0,"",2026-07-18 15:19:44,2026-07-18 15:19:55
6674,"intellian-russia.com","DigiCert Wyvern2026h2","Официальный дистрибьютор INTELLIAN в России",screenshot,0,"",2026-07-18 15:19:44,2026-07-18 15:19:56
6673,"shcaiaa.cn","DigiCert Wyvern2026h2","shcaiaa.cn",screenshot,0,"",2026-07-18 15:19:44,2026-07-18 15:19:56
6667,"richardparkerprofessor.in","DigiCert Wyvern2026h2","Richard Parker - Teaching Professor at Leeds School of Business | Richard Parker, Teaching Professor",screenshot,0,"",2026-07-18 15:19:44,2026-07-18 15:19:55
6666,"pxy.codequill.ru","DigiCert Wyvern2026h2","pxy.codequill.ru",screenshot,0,"",2026-07-18 15:19:44,2026-07-18 15:19:55
6665,"www.libroszarigueya.com","Google Argon2026h2","Librería online | Zarigüeya",screenshot,0,"",2026-07-18 15:19:42,2026-07-18 15:19:55
6664,"ai.farview.top","Google Argon2026h2","远观 AI - AI API Gateway",screenshot,0,"",2026-07-18 15:19:42,2026-07-18 15:19:52
6662,"www.manelislaw.com","Google Argon2026h2","Manelis Law, PLLC | Immigration Attorney",screenshot,0,"",2026-07-18 15:19:42,2026-07-18 15:19:50
6661,"www.nellldobbs.com","Google Argon2026h2","Squarespace - Website Expired",screenshot,1,"login",2026-07-18 15:19:42,2026-07-18 15:19:50
6660,"bermudaescape.sk","Google Argon2026h2","Bermuda Escape Room - Záhada bermudského trojuholníka",screenshot,0,"",2026-07-18 15:19:42,2026-07-18 15:19:53
6659,"xljyyogljuytc.attemsgasse.at","Google Argon2026h2","Website Information",screenshot,0,"",2026-07-18 15:19:41,2026-07-18 15:19:50
6657,"ssh-i-02b777ac6069fa1cf.prd.workdaysuv.com","Google Argon2026h2","",screenshot,0,"",2026-07-18 15:19:41,2026-07-18 15:19:50
6656,"34knowlton.com","Google Argon2026h2","34 Knowlton St, Somerville, MA 02145, USA",screenshot,0,"",2026-07-18 15:19:41,2026-07-18 15:19:51
6655,"queencar.rent","Google Argon2026h2","QueenCar.rent — Premium Car Rental Dubai",screenshot,0,"",2026-07-18 15:19:41,2026-07-18 15:19:50
6654,"axl2.ph","Google Argon2026h2","Redirecting...",screenshot,0,"",2026-07-18 15:19:41,2026-07-18 15:19:50
6653,"cca5a2e9c1d08cc2.kompasfirm.pl","Google Argon2026h2","KOMPASFIRM, Strony firmowe stworzone do generowania zapytań",screenshot,0,"",2026-07-18 15:19:41,2026-07-18 15:19:50
6652,"cassylim.com","Google Argon2026h2","Cassandra Lim – Product Designer",screenshot,0,"",2026-07-18 15:19:41,2026-07-18 15:19:48
6651,"inst.hazelportventures.com","Google Argon2026h2","",screenshot,0,"",2026-07-18 15:19:41,2026-07-18 15:19:48
6650,"consumertopia.com","Google Argon2027h1","",screenshot,0,"",2026-07-18 15:19:41,2026-07-18 15:19:48
6649,"pay.divorcesupporthub.com","Google Argon2027h1","Online payment @ Divorce Support Hub",screenshot,0,"",2026-07-18 15:19:41,2026-07-18 15:19:48
6648,"bottlerockets.net","Google Argon2027h1","",screenshot,0,"",2026-07-18 15:19:41,2026-07-18 15:19:48
6647,"onsitetrainingga.com","Google Argon2027h1","",screenshot,0,"",2026-07-18 15:19:41,2026-07-18 15:19:48
6646,"www.lakshiv.co.in","Google Xenon2026h2","Lakshiv Technologies & Services — Engineering Smarter Systems",screenshot,0,"",2026-07-18 15:19:41,2026-07-18 15:19:49
6645,"ktacmnif.unlockvector.com","Google Xenon2026h2","503 Service Temporarily Unavailable",screenshot,1,"nginx",2026-07-18 15:19:41,2026-07-18 15:19:48
6644,"straybreed.com","Google Xenon2026h2","STRAY — Halloween Collection",screenshot,0,"",2026-07-18 15:19:41,2026-07-18 15:19:49
6643,"stray-halloween.srv1606160.hstgr.cloud","Google Xenon2026h2","STRAY — Halloween Collection",screenshot,0,"",2026-07-18 15:19:41,2026-07-18 15:19:49
6642,"917.pdf.dev.cleavr.com","Google Xenon2026h2","",screenshot,0,"",2026-07-18 15:19:41,2026-07-18 15:19:48
6641,"www.lgproma.com","Google Xenon2026h2","BENVENUTI-WELCOME-BIENVENU - L.G.P. ROMA",screenshot,0,"",2026-07-18 15:19:41,2026-07-18 15:19:49
6640,"breezi.au","Google Xenon2026h2","404: NOT_FOUND",screenshot,0,"",2026-07-18 15:19:41,2026-07-18 15:19:42
6639,"api.sopqjismaym.admin.jiras.se","Google Xenon2026h2","Plesk Obsidian 18.0.78",screenshot,1,"plesk",2026-07-18 15:19:41,2026-07-18 15:19:42
6635,"samen-kaufen.eu","Google Xenon2026h2","Just a moment...",screenshot,0,"",2026-07-18 15:19:41,2026-07-18 15:19:42
6634,"jellyfin.mvosoftware.duckdns.org","Google Xenon2026h2","Jellyfin",screenshot,0,"",2026-07-18 15:19:41,2026-07-18 15:19:44
6632,"www.www.www.www.www.www.webmail2013.eaglesmail.net","Google Xenon2026h2","",screenshot,0,"",2026-07-18 15:19:41,2026-07-18 15:19:42
6631,"on.betnamo.com","Google Xenon2026h2","Deployment Paused",screenshot,0,"",2026-07-18 15:19:41,2026-07-18 15:19:42
6630,"store.pasiniorologi.com","Google Xenon2026h2","Pasini Store",screenshot,0,"",2026-07-18 15:19:41,2026-07-18 15:19:42
6629,"t.email.gpunex.com","Google Xenon2026h2","",screenshot,0,"",2026-07-18 15:19:41,2026-07-18 15:19:42
6626,"courseblogs.bard.edu","DigiCert Wyvern2026h2","Bard Course Blogs",screenshot,1,"powered by",2026-07-18 15:18:42,2026-07-18 15:19:05
6625,"em.socure.com","DigiCert Wyvern2026h2","404 - Page not found",screenshot,0,"",2026-07-18 15:18:42,2026-07-18 15:19:03
6624,"sbermarket.avito.blablacar.yandex.pay.wid8qe4wb.ye7.com","DigiCert Wyvern2026h2","ye7.com",screenshot,1,"powered by",2026-07-18 15:18:42,2026-07-18 15:19:04
6623,"houseselect.cl","DigiCert Wyvern2026h2","House Select: Corredora de propiedades en Santiago | house select",screenshot,0,"",2026-07-18 15:18:42,2026-07-18 15:19:03
6622,"oms-n-c48vj48aebht6c5i51j38.prd.workdaysuvcareers.com","DigiCert Wyvern2026h2","",screenshot,0,"",2026-07-18 15:18:42,2026-07-18 15:19:02
6621,"dialpad-dev.integrationglue.com","DigiCert Wyvern2026h2","Cloudflare Tunnel error | dialpad-dev.integrationglue.com | Cloudflare",screenshot,0,"",2026-07-18 15:18:42,2026-07-18 15:19:02
6620,"nogcam.com","DigiCert Wyvern2026h2","unstoppabledomains.com",screenshot,0,"",2026-07-18 15:18:42,2026-07-18 15:19:03
6619,"email.email.repmaster0.com","DigiCert Wyvern2026h2","",screenshot,0,"",2026-07-18 15:18:42,2026-07-18 15:19:02
6618,"debrassimplegarden.com","DigiCert Wyvern2026h2","Home - Debra's Simple Garden",screenshot,0,"",2026-07-18 15:18:42,2026-07-18 15:18:57
6617,"incruit.de","DigiCert Wyvern2026h2","incruit.de",screenshot,0,"",2026-07-18 15:18:42,2026-07-18 15:18:57
6616,"ozon.cdek.sberbank.avito.fjricozon.sberbank.wid8qe4wb.ye7.com","DigiCert Wyvern2026h2","ye7.com",screenshot,1,"powered by",2026-07-18 15:18:42,2026-07-18 15:19:00
6614,"api.dr-choice.com","Google Argon2026h2","api.dr-choice.com",screenshot,0,"",2026-07-18 15:18:42,2026-07-18 15:18:56
6613,"guiadef-12-brasil-com-f447f496.pages.dev","Google Argon2026h2","F12 Brasil: Auditoria Independente e Review 2026",screenshot,1,"login",2026-07-18 15:18:42,2026-07-18 15:18:57
6612,"valeriegrenierhypotheque.com","Google Argon2026h2","Meilleur Taux Hypothécaire Québec - Valérie Grenier Courtier Expert",screenshot,0,"",2026-07-18 15:18:42,2026-07-18 15:18:57
6611,"visiongrowthia.com","Google Argon2026h2","Visión Growth IA",screenshot,0,"",2026-07-18 15:18:42,2026-07-18 15:18:57
6610,"2gitlab.gitlab.gitlab.gitlab.git.chat.lizardlabs.pl","Google Argon2026h2","Mattermost Lizard Media®",screenshot,0,"",2026-07-18 15:18:42,2026-07-18 15:18:57
6609,"glowtory.com","Google Argon2026h2","GlamChic — Beauty, Skincare & Glow",screenshot,0,"",2026-07-18 15:18:42,2026-07-18 15:18:59
6608,"www.vavada-vfy9.top","Google Argon2026h2","Redirecting...",screenshot,0,"",2026-07-18 15:18:42,2026-07-18 15:18:57
6607,"nalsea.com","Google Argon2026h2","- 건강부터 경제까지, 삶의 흐름을 예측하고 안내합니다.",screenshot,0,"",2026-07-18 15:18:42,2026-07-18 15:18:57
6605,"elizavetatolmacheva.xyz","Google Argon2026h2","ElizavetaPortfolio",screenshot,0,"",2026-07-18 15:18:42,2026-07-18 15:18:55
6604,"kadriai.com","Google Argon2026h2","KADRI - Solutions Web & IA Innovantes",screenshot,0,"",2026-07-18 15:18:42,2026-07-18 15:18:50
6603,"miami01.audiomovers.com","Google Argon2026h2","404 Not Found",screenshot,1,"nginx",2026-07-18 15:18:42,2026-07-18 15:18:51
6602,"www.coinarabi.com","Google Argon2026h2","",screenshot,0,"",2026-07-18 15:18:42,2026-07-18 15:18:51
6601,"momhustledeals.com","Google Argon2026h2","",screenshot,1,"log in",2026-07-18 15:18:42,2026-07-18 15:18:54
6600,"happynestcol.com","Google Argon2027h1","",screenshot,0,"",2026-07-18 15:18:41,2026-07-18 15:18:51
6599,"pay.circuit.show","Google Argon2027h1","Pay Link Not Found",screenshot,1,"powered by",2026-07-18 15:18:41,2026-07-18 15:18:51
6598,"www.drovnerholdings.com","Google Argon2027h1","",screenshot,0,"",2026-07-18 15:18:41,2026-07-18 15:18:51
6596,"m.touhaowanjia-co.com.cn","Google Xenon2026h2","龙八·(头号玩家)唯一官方网站",screenshot,0,"",2026-07-18 15:18:41,2026-07-18 15:18:56
6595,"www.getstreakr.com","Google Xenon2026h2","Streakr - Competitive Social Habit Tracking",screenshot,1,"it works",2026-07-18 15:18:41,2026-07-18 15:18:51
6594,"macbook-pro-drs.taildcc7f7.ts.net","Google Xenon2026h2","Relay Remote",screenshot,0,"",2026-07-18 15:18:41,2026-07-18 15:18:44
6593,"va0e76uxmw.onrocket.site","Google Xenon2026h2","Assistance.PH",screenshot,1,"it works",2026-07-18 15:18:41,2026-07-18 15:18:45
6592,"90e.387.myftpupload.com","Google Xenon2026h2","VP Cleaning – A Cleaner You Can Rely On.",screenshot,0,"",2026-07-18 15:18:41,2026-07-18 15:18:45
6591,"herfy.itsheba.com","Google Xenon2026h2","Welcome to Herfy",screenshot,0,"",2026-07-18 15:18:41,2026-07-18 15:18:45
6590,"entreprise-rpc.com","Google Xenon2026h2","RPC - Plomberie Noueilles : pose de salle de bains, cuisine, dressing, parquet",screenshot,0,"",2026-07-18 15:18:41,2026-07-18 15:18:46
6589,"www.zlingshot.com","Google Xenon2026h2","Zlingshot — World's Fastest Market Research AI | Instant Business Insights",screenshot,1,"powered by",2026-07-18 15:18:41,2026-07-18 15:18:45
6585,"californiabrosburritoswa.com","Google Xenon2026h2","California Bros Burritos",screenshot,0,"",2026-07-18 15:18:41,2026-07-18 15:18:45
6584,"webmail.ab.gitlab.gitlab.shop.ohana.live","Google Xenon2026h2","",screenshot,0,"",2026-07-18 15:18:41,2026-07-18 15:18:45
6583,"jjfadvocacia.com.br","Google Xenon2026h2","JJF Advocacia e Consultoria",screenshot,0,"",2026-07-18 15:18:41,2026-07-18 15:18:45
6582,"8rd83dj2qzrl5bcx.heembeton.com","Google Xenon2026h2","MBS Groep: Prefab Beton Specialist met 5 unieke oplossingen | MBS",screenshot,0,"",2026-07-18 15:18:41,2026-07-18 15:18:44
6580,"moodr.mandsc.com","DigiCert Wyvern2026h2","Moodr Health",screenshot,0,"",2026-07-18 15:17:42,2026-07-18 15:18:27
6579,"sungoldsolarsystems.com","DigiCert Wyvern2026h2","Power Pet | Power Pet",screenshot,0,"",2026-07-18 15:17:42,2026-07-18 15:18:20
6578,"twww.srqlknmlkfehgfedcbamvl.8769876143fvzly6t7qvtgorcl.elgrecco-delbrueck.pageloft.de","DigiCert Wyvern2026h2","Pageloft — Productized websites for local businesses",screenshot,0,"",2026-07-18 15:17:42,2026-07-18 15:18:20
6577,"www.toxinfree.global","DigiCert Wyvern2026h2","ToxinFree — Global Asbestos Ban Map & Risk Checker | 200 Countries | ToxinFree",screenshot,0,"",2026-07-18 15:17:42,2026-07-18 15:18:21
6576,"cornucopialapizzeria.com","DigiCert Wyvern2026h2","Pizzeria Cornucopia: pizza tradizionale e rivisitata a domicilio | CORNUCOPIA LA PIZZERIA",screenshot,0,"",2026-07-18 15:17:42,2026-07-18 15:18:20
6575,"www.supapad.co","DigiCert Wyvern2026h2","supapad — 가벼운 보드, 쉬운 교실",screenshot,0,"",2026-07-18 15:17:42,2026-07-18 15:18:21
6574,"rogersluxurynyc.com","DigiCert Wyvern2026h2","Top New York Real Estate Expert | Christian Rogers",screenshot,0,"",2026-07-18 15:17:42,2026-07-18 15:18:22
6573,"70mbl74urphkgbaq.mygiftpoints.com","DigiCert Wyvern2026h2","70mbl74urphkgbaq.mygiftpoints.com",screenshot,0,"",2026-07-18 15:17:42,2026-07-18 15:18:20
6572,"itaboltportalservicoshml.cigam.cloud","DigiCert Wyvern2026h2","CIGAM",screenshot,0,"",2026-07-18 15:17:42,2026-07-18 15:18:22
6570,"backoffice.e-parcours-montagne.recshn.fr","DigiCert Wyvern2026h2","Access Denied",screenshot,0,"",2026-07-18 15:17:42,2026-07-18 15:18:20
6568,"cenafi.com","DigiCert Wyvern2026h2","Home",screenshot,0,"",2026-07-18 15:17:42,2026-07-18 15:18:20
6567,"avogadro.pw","DigiCert Wyvern2026h2","unstoppabledomains.com",screenshot,0,"",2026-07-18 15:17:42,2026-07-18 15:18:14
6566,"stwsvf.shop","DigiCert Wyvern2026h2","404 Not Found",screenshot,1,"nginx",2026-07-18 15:17:42,2026-07-18 15:18:14
6564,"freexmail.link","DigiCert Wyvern2026h2","unstoppabledomains.com",screenshot,0,"",2026-07-18 15:17:42,2026-07-18 15:18:14
6563,"majigdesigns.com","DigiCert Wyvern2026h2","Majig Designs Inc. - Innovative Household Products | Majig Designs Inc.",screenshot,0,"",2026-07-18 15:17:42,2026-07-18 15:18:14
6562,"bouwjemantelzorgwoning.nl","DigiCert Wyvern2026h2","bouwjemantelzorgwoning.nl is in afwachting",screenshot,0,"",2026-07-18 15:17:42,2026-07-18 15:18:14
6561,"overhaul.pobut-tech.space","DigiCert Wyvern2026h2","Головна сторінка - Швидкий і доступний ремонт пральної машини",screenshot,0,"",2026-07-18 15:17:42,2026-07-18 15:18:15
6558,"semillademares.com","DigiCert Wyvern2026h2","Agricultura Regenerativa y Conexión con la Naturaleza | Semilla de Mares",screenshot,0,"",2026-07-18 15:17:42,2026-07-18 15:18:14
6557,"tamling.store","DigiCert Wyvern2026h2","Tamling — Organic Teas & Herbs",screenshot,0,"",2026-07-18 15:17:42,2026-07-18 15:18:14
6556,"estimation.sebastiensuzanne.immo","DigiCert Wyvern2026h2","Estimation Golfe de Saint-Tropez | Estimez votre bien dans le Golfe de Saint-Tropez",screenshot,0,"",2026-07-18 15:17:42,2026-07-18 15:18:14
6555,"z3nab2e10f8e2002980421402b6d90f57edd5b845f1784387717.zendesk.com","DigiCert Wyvern2026h2","Se connecter à Trial Sandbox created via ZBT",screenshot,0,"",2026-07-18 15:17:42,2026-07-18 15:18:10
6554,"edu.robertschulze.name","DigiCert Wyvern2026h2","",screenshot,0,"",2026-07-18 15:17:42,2026-07-18 15:18:10
6553,"cdek.yandex.blablacar.yandex.pay.wid8qe4wb.ye7.com","DigiCert Wyvern2026h2","ye7.com",screenshot,1,"powered by",2026-07-18 15:17:42,2026-07-18 15:18:13
6552,"taniemonitory.pl","DigiCert Wyvern2026h2","taniemonitory.pl - Tanią, Nowoczesne Monitory PC",screenshot,0,"",2026-07-18 15:17:42,2026-07-18 15:18:10
6551,"px.northwoodsource.agency","DigiCert Wyvern2026h2","px.northwoodsource.agency (14×9)",screenshot,0,"",2026-07-18 15:17:42,2026-07-18 15:18:10
6550,"theswitchuationroom.com","DigiCert Wyvern2026h2","theswitchuationroom.com",screenshot,1,"powered by",2026-07-18 15:17:42,2026-07-18 15:18:10
6549,"7cd004425618e6b2baf99cd5.netcraze.io","DigiCert Wyvern2026h2","Error ""403 20""",screenshot,0,"",2026-07-18 15:17:42,2026-07-18 15:18:10
6548,"activeteam.sk","DigiCert Wyvern2026h2","Active Team Martin | Tréningy, tábory a lyžiarska škola",screenshot,0,"",2026-07-18 15:17:42,2026-07-18 15:18:10
6547,"bgcest.imiscloud.com.asidevops.com","DigiCert Wyvern2026h2","IIS Windows Server",screenshot,0,"",2026-07-18 15:17:42,2026-07-18 15:18:10
6546,"www.cambridgeweightplan.ph","DigiCert Wyvern2026h2","Redirecting...",screenshot,0,"",2026-07-18 15:17:42,2026-07-18 15:18:10
6545,"club-hosting.com","DigiCert Wyvern2026h2","Just a moment...",screenshot,0,"",2026-07-18 15:17:42,2026-07-18 15:18:09
6544,"sparkinfographics.com","DigiCert Wyvern2026h2","Impactful Infographics and Data Visualizations in Toronto | Spark Infographics",screenshot,0,"",2026-07-18 15:17:42,2026-07-18 15:18:10
6543,"vicupexchange.withub.com","DigiCert Wyvern2026h2","withub.com",screenshot,0,"",2026-07-18 15:17:42,2026-07-18 15:18:08
6541,"www.hhqcwppojiwww.app.clarigo.coaxys.com","DigiCert Wyvern2026h2","",screenshot,0,"",2026-07-18 15:17:42,2026-07-18 15:18:07
6540,"vinted327c88.zendesk.com","DigiCert Wyvern2026h2","",screenshot,0,"",2026-07-18 15:17:42,2026-07-18 15:18:08
6538,"self-suspended.ph","DigiCert Wyvern2026h2","Redirecting...",screenshot,0,"",2026-07-18 15:17:42,2026-07-18 15:18:08
6537,"seafoodplaza.link","DigiCert Wyvern2026h2","unstoppabledomains.com",screenshot,0,"",2026-07-18 15:17:42,2026-07-18 15:18:08
6536,"imgcreator.pro","DigiCert Wyvern2026h2","Nano Banana - AI Image Editor | Transform Images with Text",screenshot,0,"",2026-07-18 15:17:42,2026-07-18 15:18:09
6535,"nlt.nhi.sg","DigiCert Wyvern2026h2","Hành Trình Của NhiLe Team",screenshot,0,"",2026-07-18 15:17:42,2026-07-18 15:18:08
6534,"whm.87whm.2200.987210770532jtqdeupdate.srv1053780.hstgr.cloud","DigiCert Wyvern2026h2","Promptado",screenshot,0,"",2026-07-18 15:17:42,2026-07-18 15:18:08
6533,"stpatricksday.ie","DigiCert Wyvern2026h2","St Patrick’s Festival Dublin 2026 | Parade, Events & Irish Culture",screenshot,0,"",2026-07-18 15:17:42,2026-07-18 15:18:09
6531,"n8n.marlon-may.de","DigiCert Wyvern2026h2","n8n.io - Workflow Automation",screenshot,0,"",2026-07-18 15:17:42,2026-07-18 15:18:07
6530,"www.empulsentrendz.net","DigiCert Wyvern2026h2","Coming Soon",screenshot,0,"",2026-07-18 15:17:42,2026-07-18 15:18:04
6529,"advancedleader.wpenginepowered.com","DigiCert Wyvern2026h2","Your SUPER-powered WP Engine Site",screenshot,0,"",2026-07-18 15:17:42,2026-07-18 15:18:04
6527,"3006.hotels4sale.org","DigiCert Wyvern2026h2","403 Forbidden",screenshot,1,"nginx",2026-07-18 15:17:42,2026-07-18 15:18:04
6526,"famapol.com","DigiCert Wyvern2026h2","Máquinas para poliuretano y asesoría técnica especializada | Famapol",screenshot,0,"",2026-07-18 15:17:42,2026-07-18 15:18:04
6525,"webcasting-demo.mitigo.it","DigiCert Wyvern2026h2","Webcasting Platform - Demo",screenshot,0,"",2026-07-18 15:17:42,2026-07-18 15:18:04
6524,"zuizhinianlun.cn","DigiCert Wyvern2026h2","Attention Required! | Cloudflare",screenshot,0,"",2026-07-18 15:17:42,2026-07-18 15:18:03
6523,"bad4d483a1e5d1604d27c0b5.netcraze.io","DigiCert Wyvern2026h2","Error ""403 20""",screenshot,0,"",2026-07-18 15:17:42,2026-07-18 15:18:05
6522,"gala-hotel.ru","DigiCert Wyvern2026h2","Отель Gala Hotel г. Сургут официальный сайт",screenshot,0,"",2026-07-18 15:17:42,2026-07-18 15:18:06
6521,"jellyfin.fabiotp.com","DigiCert Wyvern2026h2","403 Forbidden",screenshot,0,"",2026-07-18 15:17:42,2026-07-18 15:18:04
6520,"cdek.pjfxxnalozhka.avito.comcar.yandex.pay.wid8qe4wb.ye7.com","DigiCert Wyvern2026h2","ye7.com",screenshot,1,"powered by",2026-07-18 15:17:42,2026-07-18 15:18:07
6519,"app.nhstudioz.tv","DigiCert Wyvern2026h2","503 Service Unavailable",screenshot,0,"",2026-07-18 15:17:42,2026-07-18 15:17:58
6518,"bailpowerapproval.com.ph","DigiCert Wyvern2026h2","Redirecting...",screenshot,0,"",2026-07-18 15:17:42,2026-07-18 15:17:58
6517,"schweizerhof-waidring.at","DigiCert Wyvern2026h2","Pension Schweizerhof - Waidring in Tirol – Herzlich willkommen",screenshot,0,"",2026-07-18 15:17:42,2026-07-18 15:17:58
6516,"www.passionstatemints.net","Google Argon2027h1","",screenshot,0,"",2026-07-18 15:17:42,2026-07-18 15:17:58
6515,"feltroofingcontractor.co.uk","Google Argon2027h1","",screenshot,0,"",2026-07-18 15:17:42,2026-07-18 15:17:58
6514,"www.napavalleyrideandrallytodefeatals.org","Google Argon2027h1","Endurance Events to Cure ALS | ALS Network",screenshot,0,"",2026-07-18 15:17:42,2026-07-18 15:18:03
6513,"www.sunsettersvb.com","Google Argon2027h1","",screenshot,0,"",2026-07-18 15:17:42,2026-07-18 15:17:59
6512,"www.notsec.xyz","Google Argon2027h1","",screenshot,0,"",2026-07-18 15:17:42,2026-07-18 15:17:58
6511,"www.passtown.xyz","Google Argon2027h1","",screenshot,0,"",2026-07-18 15:17:42,2026-07-18 15:17:58
6510,"www.dimitrina.com","Google Argon2027h1","",screenshot,0,"",2026-07-18 15:17:42,2026-07-18 15:17:59
6509,"www.vantagewindowcleaning.com","Google Argon2027h1","",screenshot,0,"",2026-07-18 15:17:42,2026-07-18 15:18:02
6508,"www.portal.media.home.support.glav-stroy.mrqz.kz","Google Argon2026h2","",screenshot,0,"",2026-07-18 15:17:42,2026-07-18 15:17:58
6507,"staging.admin.blog.webmail.thesummitchurch.live","Google Argon2026h2","",screenshot,0,"",2026-07-18 15:17:42,2026-07-18 15:17:52
6505,"ftp.www.remote.a-cell.info","Google Argon2026h2","Domain has been assigned",screenshot,0,"",2026-07-18 15:17:42,2026-07-18 15:17:52
6504,"www.flaggd.site","Google Argon2026h2","Flaggd — Remove Bad Google Reviews",screenshot,0,"",2026-07-18 15:17:42,2026-07-18 15:17:52
6503,"brnyapigroup.com","Google Argon2026h2","BRN YAPI GRUP | Insaat ve Mimarlik Mukemmelligi",screenshot,0,"",2026-07-18 15:17:42,2026-07-18 15:17:53
6501,"senior-nationals-bas.prathikshaphotography.com","Google Argon2026h2","Senior Nationals Basketball",screenshot,0,"",2026-07-18 15:17:42,2026-07-18 15:17:54
6499,"billing.cncsolutionsltd.com","Google Argon2026h2","Resource Access - Pangolin",screenshot,0,"",2026-07-18 15:17:42,2026-07-18 15:17:53
6498,"admin.honeyali.com","Google Argon2026h2","РОЗЫГРЫШ",screenshot,0,"",2026-07-18 15:17:42,2026-07-18 15:17:53
6497,"c8vdz96s.website.one","Google Argon2026h2","Hosted By One.com | Webhosting made simple",screenshot,0,"",2026-07-18 15:17:42,2026-07-18 15:17:52
6496,"neoflirts.com","Google Argon2026h2","neoflirts.com — DomainCharts",screenshot,0,"",2026-07-18 15:17:42,2026-07-18 15:17:52
6495,"centaurion.no","Google Argon2026h2","Parked at Loopia",screenshot,1,"login",2026-07-18 15:17:42,2026-07-18 15:17:46
6493,"inlymbo.dev","Google Argon2026h2","InLymbo",screenshot,1,"sign in",2026-07-18 15:17:42,2026-07-18 15:17:47
6492,"test.ibizasmartlockers.com","Google Argon2026h2","Ibiza Smart Lockers — Luggage storage 24/7",screenshot,0,"",2026-07-18 15:17:42,2026-07-18 15:17:46
6490,"casinovodkabet.top","Google Argon2026h2","403 Forbidden",screenshot,0,"",2026-07-18 15:17:42,2026-07-18 15:17:46
6489,"avisaakademi.com","Google Argon2026h2","Avisa Akademi | Videolu Eğitimlerimiz – Avisa Akademi",screenshot,0,"",2026-07-18 15:17:42,2026-07-18 15:17:46
6488,"n8n.adndev.fr","Google Argon2026h2","",screenshot,1,"it works",2026-07-18 15:17:42,2026-07-18 15:17:45
6487,"cerveceria.ph","Google Argon2026h2","Redirecting...",screenshot,0,"",2026-07-18 15:17:42,2026-07-18 15:17:46
6486,"www.portal.portal.chat.skyworldcommunityeng.mrqz.to","Google Argon2026h2","",screenshot,0,"",2026-07-18 15:17:42,2026-07-18 15:17:46
6485,"adonaidigitals.com","Google Argon2026h2","Database Error",screenshot,0,"",2026-07-18 15:17:42,2026-07-18 15:17:46
6483,"indonesialawyers.id","Google Xenon2026h2","Paramarta Advocaten — Indonesia Corporate & Private Law Counsellors",screenshot,0,"",2026-07-18 15:17:41,2026-07-18 15:17:43
6482,"15kwin.com","Google Xenon2026h2","15k - R$ 1.000 Saque No Mesmo Dia | Transferência Direta - 15k.com",screenshot,1,"login",2026-07-18 15:17:41,2026-07-18 15:17:44
6481,"caminoati.app","Google Xenon2026h2","caminoati.app",screenshot,0,"",2026-07-18 15:17:41,2026-07-18 15:17:45
6480,"smaglord.com","Google Xenon2026h2","Home - smaglord.com",screenshot,1,"powered by",2026-07-18 15:17:41,2026-07-18 15:17:45
6479,"superduperbundlepack.com","Google Xenon2026h2","Super Duper Bundle Pack - Get Trending Digital Product and E-Books Easily",screenshot,0,"",2026-07-18 15:17:41,2026-07-18 15:17:43
6478,"uhs.on.ca","Google Xenon2026h2","Home - Unionville Home Society",screenshot,0,"",2026-07-18 15:17:41,2026-07-18 15:17:44
6477,"jcrsaw.top","Google Xenon2026h2","INININ",screenshot,0,"",2026-07-18 15:17:41,2026-07-18 15:17:43
6476,"legafi-protection-group.searchsolutiontest.com","Google Xenon2026h2","HomePage - Legafi Protection Group",screenshot,1,"powered by",2026-07-18 15:17:41,2026-07-18 15:17:45
6474,"c5.ydqf.cc","Google Xenon2026h2","ydqf.cc | 522: Connection timed out",screenshot,0,"",2026-07-18 15:17:41,2026-07-18 15:17:43
6473,"www.kaiyun-k.com","Google Xenon2026h2","Redirecting...",screenshot,0,"",2026-07-18 15:17:41,2026-07-18 15:17:43
6472,"bookable.gr","Google Xenon2026h2","bookable.gr – Accommodation services",screenshot,0,"",2026-07-18 15:17:41,2026-07-18 15:17:45
6471,"www.state.fit","Google Xenon2026h2","state",screenshot,0,"",2026-07-18 15:17:41,2026-07-18 15:17:42
6470,"inst.instantlylink.org","DigiCert Wyvern2026h2","",screenshot,0,"",2026-07-18 15:16:42,2026-07-18 15:17:01
6469,"pedrogameirocoach.pt","DigiCert Wyvern2026h2","Pedro Gameiro - Online Coaching",screenshot,1,"powered by",2026-07-18 15:16:42,2026-07-18 15:17:05
6468,"mercanta.io","DigiCert Wyvern2026h2","404: NOT_FOUND",screenshot,0,"",2026-07-18 15:16:42,2026-07-18 15:17:01
6467,"agendamedrio.fourtuna.com.br","DigiCert Wyvern2026h2","🩺 Clínica Medrio - Sistema de Gestão",screenshot,0,"",2026-07-18 15:16:42,2026-07-18 15:17:01
6466,"qq.hyc2014.cn","DigiCert Wyvern2026h2","恭喜，站点创建成功！",screenshot,0,"",2026-07-18 15:16:42,2026-07-18 15:17:02
6465,"www.fieldessentials.co","DigiCert Wyvern2026h2","Store unavailable",screenshot,0,"",2026-07-18 15:16:42,2026-07-18 15:17:01
6464,"snake.lawrenceli.me","DigiCert Wyvern2026h2","Practice",screenshot,0,"",2026-07-18 15:16:42,2026-07-18 15:17:01
6461,"novamercatus.com","Google Argon2026h2","Default page",screenshot,1,"default page",2026-07-18 15:16:41,2026-07-18 15:16:55
6460,"mashedcelebs.com","Google Argon2026h2","",screenshot,1,"log in",2026-07-18 15:16:41,2026-07-18 15:16:55
6459,"vanventure.cz","Google Argon2026h2","Vanventure — Žij tam, kde tě to táhne",screenshot,0,"",2026-07-18 15:16:41,2026-07-18 15:16:55
6457,"mvd.ymvl.u0sqponqq0omloo0mkjj0hfee0cawhm.8whm.amazonaf-45bb-a6ee-e0c7fc93dc87.kennelstudio.com","Google Argon2026h2","",screenshot,0,"",2026-07-18 15:16:41,2026-07-18 15:16:55
6456,"klashwerks.zendesk.com","Google Argon2026h2","Just a moment...",screenshot,0,"",2026-07-18 15:16:41,2026-07-18 15:16:55
6455,"thainfcr.ph","Google Argon2026h2","Redirecting...",screenshot,0,"",2026-07-18 15:16:41,2026-07-18 15:16:55
6454,"jobye.ph","Google Argon2026h2","Redirecting...",screenshot,0,"",2026-07-18 15:16:41,2026-07-18 15:16:55
6452,"cockpit.maartenzuidland.nl","Google Argon2026h2","Tinyauth",screenshot,0,"",2026-07-18 15:16:41,2026-07-18 15:16:55
6451,"tblprimeintegrated.com","Google Argon2026h2","Integrated Facility & Industrial Supply Solutions",screenshot,0,"",2026-07-18 15:16:41,2026-07-18 15:16:56
6450,"anewdbrandone3f5bedf154.zendesk.com","Google Argon2026h2","Just a moment...",screenshot,0,"",2026-07-18 15:16:41,2026-07-18 15:16:50
6448,"230s.ph","Google Argon2026h2","Redirecting...",screenshot,0,"",2026-07-18 15:16:41,2026-07-18 15:16:50
6447,"kinnairdhotel.co.uk","Google Argon2026h2","Edinburgh | Kinnaird Guesthouse | Scotland",screenshot,0,"",2026-07-18 15:16:41,2026-07-18 15:16:50
6446,"qodgramadosummit.com.br","Google Argon2026h2","Vercel Security Checkpoint",screenshot,0,"",2026-07-18 15:16:41,2026-07-18 15:16:51
6445,"villaloslaureles.com","Google Argon2026h2","Villa Los Laureles | Luxury Villas with Private Pool | Playa Bejuco, Costa Rica",screenshot,0,"",2026-07-18 15:16:41,2026-07-18 15:16:50
6444,"pobin.direct.quickconnect.to","Google Argon2026h2","Hello! Welcome to Synology Web Station!",screenshot,0,"",2026-07-18 15:16:41,2026-07-18 15:16:50
6442,"japan234-play.com","Google Argon2026h2","JAPAN234 เว็บสล็อตส่งตรงจากญี่ปุ่น เชื่อถือได้ จ่ายจริงไม่มีโกง",screenshot,0,"",2026-07-18 15:16:41,2026-07-18 15:16:51
6441,"mail.milatinyada.com","Google Argon2026h2","Webmail Login",screenshot,1,"webmail",2026-07-18 15:16:41,2026-07-18 15:16:51
6440,"www.intelligencesia.com","Google Argon2027h1","",screenshot,0,"",2026-07-18 15:16:41,2026-07-18 15:16:51
6439,"topvacatureszuidholland.nl","Google Argon2027h1","",screenshot,0,"",2026-07-18 15:16:41,2026-07-18 15:16:50
6438,"salivenox.world","Google Xenon2026h2","Salivenox - Praxisnahe Videokurse für Business und Finanzen",screenshot,0,"",2026-07-18 15:16:41,2026-07-18 15:16:45
6436,"arcvista.com","Google Xenon2026h2","ArcVista Advisory | Financial Planning & Wealth Management",screenshot,0,"",2026-07-18 15:16:41,2026-07-18 15:16:48
6435,"brandthiscrm.com","Google Xenon2026h2","BrandThisAgency · CRM",screenshot,1,"powered by",2026-07-18 15:16:41,2026-07-18 15:16:45
6434,"gati.chargemod.com","Google Xenon2026h2","Ticket System",screenshot,1,"sign in",2026-07-18 15:16:41,2026-07-18 15:16:46
6432,"direct.agency-air.ru","Google Xenon2026h2","",screenshot,0,"",2026-07-18 15:16:41,2026-07-18 15:16:45
6431,"gallotze.xyz","Google Xenon2026h2","GALLOTZE - Advanced Digital Architecture",screenshot,1,"it works",2026-07-18 15:16:41,2026-07-18 15:16:44
6430,"en.ateamcarpentry.net","Google Xenon2026h2","ConnectYourDomain Error | Wix.com",screenshot,0,"",2026-07-18 15:16:41,2026-07-18 15:16:44
6429,"www.zelmirio.shop","Google Xenon2026h2","This store is unavailable",screenshot,0,"",2026-07-18 15:16:41,2026-07-18 15:16:44
6428,"katenmark.com","Google Xenon2026h2","Kate & Mark | Interior designers in kochi",screenshot,1,"log in",2026-07-18 15:16:41,2026-07-18 15:16:46
6426,"new.siamwellnessgroup.com","Google Xenon2026h2","Siam Wellness Group Public Company Limited. (SPA)",screenshot,0,"",2026-07-18 15:16:41,2026-07-18 15:16:43
6425,"www.martinschaefer.lima-city.de","DigiCert Wyvern2026h2","www.martinschaefer.lima-city.de - Webseite inaktiv",screenshot,1,"log in",2026-07-18 15:15:47,2026-07-18 15:16:31
6424,"schoppetage.de","DigiCert Wyvern2026h2","Schoppetage",screenshot,0,"",2026-07-18 15:15:47,2026-07-18 15:16:33
6423,"rietplas.com","DigiCert Wyvern2026h2","HOME — De Rietplas",screenshot,0,"",2026-07-18 15:15:47,2026-07-18 15:16:32
6421,"tec-prime.com","DigiCert Wyvern2026h2","Home | My+Store",screenshot,1,"login",2026-07-18 15:15:47,2026-07-18 15:16:32
6420,"larryporter.com","DigiCert Wyvern2026h2","Relationship & Life Coaching for Individuals and Couples | Dr. Larry Porter",screenshot,1,"it works",2026-07-18 15:15:47,2026-07-18 15:16:33
6417,"freejulianassange.org","DigiCert Wyvern2026h2","freejulianassange.org",screenshot,0,"",2026-07-18 15:15:47,2026-07-18 15:16:31
6416,"duc97.link","DigiCert Wyvern2026h2","unstoppabledomains.com",screenshot,0,"",2026-07-18 15:15:47,2026-07-18 15:16:32
6413,"surfeweb.corporacionumi.com","DigiCert Wyvern2026h2","Surf essentials at Surf City · El Salvador · Surf-e",screenshot,1,"sign in",2026-07-18 15:15:47,2026-07-18 15:16:26
6412,"polarpumpense1769080351.zendesk.com","DigiCert Wyvern2026h2","Se connecter à Polarpumpen.se",screenshot,0,"",2026-07-18 15:15:47,2026-07-18 15:16:26
6411,"www.grupoddm.tech","DigiCert Wyvern2026h2","Grupo DDM",screenshot,0,"",2026-07-18 15:15:47,2026-07-18 15:16:26
6410,"centerpartiet.tv","DigiCert Wyvern2026h2","Felsida | Centerpartiet",screenshot,0,"",2026-07-18 15:15:47,2026-07-18 15:16:27
6409,"imagepartners.kr","DigiCert Wyvern2026h2","Image Partners — The Digital Curator",screenshot,0,"",2026-07-18 15:15:47,2026-07-18 15:16:26
6408,"liablemotivate.net","DigiCert Wyvern2026h2","Liablemotivate",screenshot,0,"",2026-07-18 15:15:47,2026-07-18 15:16:26
6407,"booking-victoriasretreat-lp.pages.dev","DigiCert Wyvern2026h2","FIJISLOT: Booking Slot Gacor Resmi Di Victorias Retreat Pilihan Mudah Maxwin",screenshot,1,"login",2026-07-18 15:15:47,2026-07-18 15:16:27
6404,"kemidev.integrio.io","DigiCert Wyvern2026h2","Kemi Portal",screenshot,0,"",2026-07-18 15:15:47,2026-07-18 15:16:26
6403,"public-api.e-parcours-montagne.recshn.fr","DigiCert Wyvern2026h2","Access Denied",screenshot,0,"",2026-07-18 15:15:47,2026-07-18 15:16:19
6402,"matrix.office.colibriconcepts.de","DigiCert Wyvern2026h2","Synapse is running",screenshot,1,"it works",2026-07-18 15:15:47,2026-07-18 15:16:19
6401,"hainanhengxinyihongbaoyouxi.com.cn","DigiCert Wyvern2026h2","海南恒鑫亿红包游戏 - 官方平台 | 红包游戏 | 娱乐互动",screenshot,0,"",2026-07-18 15:15:47,2026-07-18 15:16:21
6400,"api.victones.com.br","DigiCert Wyvern2026h2","",screenshot,0,"",2026-07-18 15:15:47,2026-07-18 15:16:19
6399,"salgstraenerne.dk","DigiCert Wyvern2026h2","Salgstræning til B2B-salgsteams | Styrk jeres salg nu.",screenshot,0,"",2026-07-18 15:15:47,2026-07-18 15:16:22
6398,"kj1b.com","DigiCert Wyvern2026h2","kj1b.com - Ressources et information concernant kj1b Resources and Information.",screenshot,0,"",2026-07-18 15:15:47,2026-07-18 15:16:19
6397,"www.listenupeducation.info","DigiCert Wyvern2026h2","Coming Soon",screenshot,0,"",2026-07-18 15:15:47,2026-07-18 15:16:20
6396,"sistem.mufticlinic.com","DigiCert Wyvern2026h2","Mufti Clinic — Sistem Internal",screenshot,0,"",2026-07-18 15:15:47,2026-07-18 15:16:20
6394,"grandeaglecasino.org","DigiCert Wyvern2026h2","Grand Eagle Casino – 150% + 100 Freispiele Dazu",screenshot,0,"",2026-07-18 15:15:47,2026-07-18 15:16:19
6393,"www.americanag.careers","DigiCert Wyvern2026h2","Coming Soon",screenshot,0,"",2026-07-18 15:15:47,2026-07-18 15:16:20
6392,"hrhvja.top","DigiCert Wyvern2026h2","AI Insight Corp. - Aktienprognose 2025",screenshot,0,"",2026-07-18 15:15:47,2026-07-18 15:16:19
6391,"www.denverpromotionalgroup.com","DigiCert Wyvern2026h2","Coming Soon",screenshot,0,"",2026-07-18 15:15:47,2026-07-18 15:16:13
6389,"www.overlc.com","DigiCert Wyvern2026h2","overLc",screenshot,1,"login",2026-07-18 15:15:47,2026-07-18 15:16:14
6388,"tech4trades.co.uk","DigiCert Wyvern2026h2","404 Not Found",screenshot,1,"nginx",2026-07-18 15:15:47,2026-07-18 15:16:13
6387,"go.gwoq.com","DigiCert Wyvern2026h2","Sign in",screenshot,1,"sign in",2026-07-18 15:15:47,2026-07-18 15:16:14
6385,"gymprofit-platirecurente.ro","DigiCert Wyvern2026h2","Ghid Plăți Recurente Săli Fitness - Tot ce trebuie să știi | GymProfit",screenshot,0,"",2026-07-18 15:15:47,2026-07-18 15:16:14
6383,"outlawdrum.com.ph","DigiCert Wyvern2026h2","Redirecting...",screenshot,0,"",2026-07-18 15:15:47,2026-07-18 15:16:13
6382,"nikoletta.biz","DigiCert Wyvern2026h2","Главная - Отель Вілла Nikoletta",screenshot,0,"",2026-07-18 15:15:47,2026-07-18 15:16:15
6381,"krystaolson.com","DigiCert Wyvern2026h2","Home - Krysta Olson",screenshot,0,"",2026-07-18 15:15:47,2026-07-18 15:16:15
6379,"08654www.whm.whm.whm.talent.654api.162-244-93-78.sslip.io","DigiCert Wyvern2026h2","",screenshot,0,"",2026-07-18 15:15:47,2026-07-18 15:16:13
6377,"truepathlive.com","DigiCert Wyvern2026h2","Coming Soon",screenshot,0,"",2026-07-18 15:15:47,2026-07-18 15:16:11
6376,"zpituwww.www.update.admin.staging.www.51-159-188-120.plesk.page","DigiCert Wyvern2026h2","",screenshot,1,"plesk",2026-07-18 15:15:47,2026-07-18 15:16:10
6375,"powazpt.com","DigiCert Wyvern2026h2","Squarespace - Website Expired",screenshot,1,"login",2026-07-18 15:15:47,2026-07-18 15:16:11
6374,"dafabetcasinos.org","DigiCert Wyvern2026h2","Dafabet 공식 사이트 ᐉ Dafabet 로그인",screenshot,1,"login",2026-07-18 15:15:47,2026-07-18 15:16:12
6373,"googlev1.tellesiivan.com","DigiCert Wyvern2026h2","Google",screenshot,1,"sign in",2026-07-18 15:15:47,2026-07-18 15:16:12
6372,"mta-sts.mararealestate.co.za","DigiCert Wyvern2026h2","Afrihost Pure Mail",screenshot,1,"log in",2026-07-18 15:15:47,2026-07-18 15:16:12
6371,"mail.mararealestate.co.za","DigiCert Wyvern2026h2","Afrihost Pure Mail",screenshot,1,"log in",2026-07-18 15:15:47,2026-07-18 15:16:12
6370,"autodiscover.mararealestate.co.za","DigiCert Wyvern2026h2","",screenshot,0,"",2026-07-18 15:15:47,2026-07-18 15:16:11
6369,"autoconfig.mararealestate.co.za","DigiCert Wyvern2026h2","",screenshot,0,"",2026-07-18 15:15:47,2026-07-18 15:16:11
6368,"www.thesunshinehaus.com","DigiCert Wyvern2026h2","Coming Soon",screenshot,0,"",2026-07-18 15:15:47,2026-07-18 15:16:11
6367,"nohudoithuong.life","DigiCert Wyvern2026h2","Nổ Hũ – Doanh nghiệp giải trí trực tuyến đáng tin cậy.",screenshot,0,"",2026-07-18 15:15:47,2026-07-18 15:16:06
6365,"www.digartandrocks.com","DigiCert Wyvern2026h2","Coming Soon",screenshot,0,"",2026-07-18 15:15:47,2026-07-18 15:16:05
6363,"ntdvzas.sealiee.shop","DigiCert Wyvern2026h2","LuminalOS",screenshot,0,"",2026-07-18 15:15:47,2026-07-18 15:16:05
6362,"www.cortneybohrblog.com","Google Argon2027h1","",screenshot,0,"",2026-07-18 15:15:42,2026-07-18 15:16:05
6361,"industrialsafetyequipment.com","Google Argon2027h1","",screenshot,0,"",2026-07-18 15:15:42,2026-07-18 15:16:05
6360,"gambling-daily.com","Google Argon2027h1","",screenshot,0,"",2026-07-18 15:15:42,2026-07-18 15:16:05
6359,"cozycontentclub.com","Google Argon2027h1","",screenshot,0,"",2026-07-18 15:15:42,2026-07-18 15:16:05
6358,"www.beaztdog.lima-city.de","Google Argon2026h2","",screenshot,1,"log in",2026-07-18 15:15:42,2026-07-18 15:15:53
6357,"bzdolq09dlqy9bs3.rolffongue.com","Google Argon2026h2","404 - Page not found - RFPerformance",screenshot,0,"",2026-07-18 15:15:42,2026-07-18 15:15:55
6356,"abanoteassistant.com","Google Xenon2026h2","ABA Note Assistant",screenshot,1,"sign in",2026-07-18 15:15:41,2026-07-18 15:15:49
6355,"nrddirect.pics","Google Xenon2026h2","",screenshot,0,"",2026-07-18 15:15:41,2026-07-18 15:15:48
6354,"myhometownagent.pages.dev","Google Xenon2026h2","myhometownagent.pages.dev",screenshot,0,"",2026-07-18 15:15:41,2026-07-18 15:15:48
6353,"cms.vevtravels.in","Google Xenon2026h2","CMS Dashboard",screenshot,1,"sign in",2026-07-18 15:15:41,2026-07-18 15:15:50
6352,"betportal-casino-uk.uk","Google Xenon2026h2","Welcome to nginx!",screenshot,1,"welcome to nginx",2026-07-18 15:15:41,2026-07-18 15:15:49
6351,"super3-n-dh8vld49onb623hn9cg7e.prd.workdaysuvcareers.com","Google Xenon2026h2","",screenshot,0,"",2026-07-18 15:15:41,2026-07-18 15:15:48
6349,"xwvy.net.ph","Google Xenon2026h2","Redirecting...",screenshot,0,"",2026-07-18 15:15:41,2026-07-18 15:15:48
6348,"zhiqdubwnekg.ph","Google Xenon2026h2","Redirecting...",screenshot,0,"",2026-07-18 15:15:41,2026-07-18 15:16:05
6347,"santana.forourconsult.com","Google Xenon2026h2","",screenshot,0,"",2026-07-18 15:15:41,2026-07-18 15:16:05
6346,"test.kitagawa7771.com","Google Xenon2026h2","kitagawa7771.com",screenshot,1,"powered by",2026-07-18 15:15:41,2026-07-18 15:16:06
6345,"app.sellwithsterling.com","Google Xenon2026h2","HomePilot — sell your home without a listing agent",screenshot,1,"sign in",2026-07-18 15:15:41,2026-07-18 15:15:59
6344,"account.solvedepot.com","Google Xenon2026h2","",screenshot,1,"sign in",2026-07-18 15:15:41,2026-07-18 15:16:01
6342,"jnjsyndrome.com","Google Xenon2026h2","Jnj syndrome – Good",screenshot,0,"",2026-07-18 15:15:41,2026-07-18 15:16:01
6341,"serialeonlinesubtitrate-ro-74185.pages.dev","Google Xenon2026h2","",screenshot,0,"",2026-07-18 15:15:41,2026-07-18 15:15:58
6339,"pub-keys.leand.dev","DigiCert Wyvern2026h2","pub-keys",screenshot,0,"",2026-07-18 15:14:43,2026-07-18 15:15:59
6338,"cam.nsafran.com","DigiCert Wyvern2026h2","",screenshot,0,"",2026-07-18 15:14:43,2026-07-18 15:15:58
6336,"dsmuzikinc.com","DigiCert Wyvern2026h2","DS Muzik Productions",screenshot,0,"",2026-07-18 15:14:43,2026-07-18 15:16:01
6335,"ibae.agapecloud.com.br","DigiCert Wyvern2026h2","Àgape Cloud",screenshot,0,"",2026-07-18 15:14:43,2026-07-18 15:16:00
6334,"www.xanderborkowski.com","DigiCert Wyvern2026h2","Coming Soon",screenshot,0,"",2026-07-18 15:14:43,2026-07-18 15:15:59
6333,"fpj7.ph","DigiCert Wyvern2026h2","Redirecting...",screenshot,0,"",2026-07-18 15:14:43,2026-07-18 15:15:57
6332,"www.dangedmail.com","DigiCert Wyvern2026h2","Coming Soon",screenshot,0,"",2026-07-18 15:14:43,2026-07-18 15:15:56
6331,"z27fm.top","DigiCert Wyvern2026h2","",screenshot,0,"",2026-07-18 15:14:43,2026-07-18 15:15:58
6330,"gewerbestrom.pages.dev","DigiCert Wyvern2026h2","DGfE Stromkostenprüfung | Bestpreisgarantie für Gewerbe",screenshot,0,"",2026-07-18 15:14:43,2026-07-18 15:15:56
6329,"www.insurancebyphone.net","DigiCert Wyvern2026h2","Coming Soon",screenshot,0,"",2026-07-18 15:14:43,2026-07-18 15:15:56
6328,"www.writingbuddy.com","DigiCert Wyvern2026h2","Writing - Writing.Com",screenshot,1,"login",2026-07-18 15:14:43,2026-07-18 15:15:57
6327,"mto2mcs201.gcp.pub.webex.com","DigiCert Wyvern2026h2","mto2mcs201.gcp.pub.webex.com",screenshot,0,"",2026-07-18 15:14:43,2026-07-18 15:15:57
6325,"news.vikingsnutrition.com","DigiCert Wyvern2026h2","",screenshot,0,"",2026-07-18 15:14:43,2026-07-18 15:15:57
6324,"www.edizsatis.79ratio.tech","DigiCert Wyvern2026h2","Ediz Botanik Satış Sistemi",screenshot,0,"",2026-07-18 15:14:43,2026-07-18 15:15:57
6323,"jetcrafts.com","Google Argon2027h1","",screenshot,0,"",2026-07-18 15:14:41,2026-07-18 15:15:57
6322,"www.mygaiole.com","Google Argon2027h1","",screenshot,0,"",2026-07-18 15:14:41,2026-07-18 15:15:57
6321,"www.neymarskickz.com","Google Argon2027h1","",screenshot,0,"",2026-07-18 15:14:41,2026-07-18 15:15:54
6320,"www.sverigesanda.se","Google Argon2027h1","Luis de Miranda | Philosopher and Eudynamicist",screenshot,0,"",2026-07-18 15:14:41,2026-07-18 15:15:54
6319,"www.oceanimmersion.com","Google Argon2027h1","",screenshot,0,"",2026-07-18 15:14:41,2026-07-18 15:15:54
6318,"www.mygficonnect.info","Google Argon2027h1","",screenshot,0,"",2026-07-18 15:14:41,2026-07-18 15:15:54
6317,"www.unicornprojectconsultants.com","Google Argon2027h1","",screenshot,0,"",2026-07-18 15:14:41,2026-07-18 15:15:54
6316,"claimyourscore.com","Google Argon2026h2","Free Credit Repair Tools | DIY Dispute Letters | ClaimYourScore",screenshot,0,"",2026-07-18 15:14:41,2026-07-18 15:15:54
6315,"coloradosustainability.org","Google Argon2026h2","Coming Soon",screenshot,0,"",2026-07-18 15:14:41,2026-07-18 15:15:53
6314,"steamio.aitortita.com","Google Argon2026h2","Steamio",screenshot,1,"login",2026-07-18 15:14:41,2026-07-18 15:15:53
6312,"eatify.com","Google Argon2026h2","Coming Soon",screenshot,0,"",2026-07-18 15:14:41,2026-07-18 15:15:53
6310,"solanatubs.com","Google Argon2026h2","",screenshot,0,"",2026-07-18 15:14:41,2026-07-18 15:15:03
6309,"xn--stevadden-yhb4823f.ph","Google Argon2026h2","Redirecting...",screenshot,0,"",2026-07-18 15:14:41,2026-07-18 15:15:01
6308,"inceputurinoi.ro","Google Argon2026h2","Inceputuri Noi",screenshot,0,"",2026-07-18 15:14:41,2026-07-18 15:15:03
6306,"chucaisupei.com","Google Argon2026h2","广州出彩网络科技|广州出彩网络科技有限公司",screenshot,0,"",2026-07-18 15:14:41,2026-07-18 15:15:05
6304,"sceneworks-dashboard-demo.pages.dev","Google Argon2026h2","sceneworks-dashboard",screenshot,0,"",2026-07-18 15:14:41,2026-07-18 15:15:01
6303,"injuredatsea.com","Google Argon2026h2","Miami Boating Injury Lawyers - Contact Mase Seitz Briggs",screenshot,0,"",2026-07-18 15:14:41,2026-07-18 15:15:03
6302,"xwiki.cloudmanufaktur.digital","Google Argon2026h2","XWikiLogin - XWiki",screenshot,1,"login",2026-07-18 15:14:41,2026-07-18 15:15:01
6301,"phormstudio.fr","Google Xenon2026h2","Prochainement disponible",screenshot,0,"",2026-07-18 15:14:41,2026-07-18 15:15:01
6300,"portfolio.jamradi.com","Google Xenon2026h2","Francis Ongere",screenshot,0,"",2026-07-18 15:14:41,2026-07-18 15:15:01
6298,"www.yi6tv.com","Google Xenon2026h2","404 Not Found",screenshot,1,"nginx",2026-07-18 15:14:41,2026-07-18 15:14:55
6297,"mahub168.info","Google Xenon2026h2","mahub168 เว็บคาสิโนออนไลน์ครบวงจร สมัครง่าย สล็อตแตกไว แจกเครดิตฟรี เล่นสนุกได้ทุกวัน",screenshot,0,"",2026-07-18 15:14:41,2026-07-18 15:14:59
6296,"freerobux.thingpos.com","Google Xenon2026h2","Freerobux",screenshot,0,"",2026-07-18 15:14:41,2026-07-18 15:14:56
6295,"pinkroselogisticscity.com","Google Xenon2026h2","Coming Soon",screenshot,0,"",2026-07-18 15:14:41,2026-07-18 15:14:55
6294,"kmremodeling.org","Google Xenon2026h2","KM Remodeling | Patios & Driveways in NJ",screenshot,0,"",2026-07-18 15:14:41,2026-07-18 15:14:56
6293,"vpn-ui.vj-dev.com","Google Xenon2026h2","",screenshot,0,"",2026-07-18 15:14:41,2026-07-18 15:14:55
6292,"swamiji247.black","Google Xenon2026h2","Dashboard",screenshot,0,"",2026-07-18 15:14:41,2026-07-18 15:14:55
6291,"3144.3144banfeng.dpdns.org","Google Xenon2026h2","3144banfeng.dpdns.org | 522: Connection timed out",screenshot,0,"",2026-07-18 15:14:41,2026-07-18 15:14:55
6289,"vlarsson.se","Google Xenon2026h2","vlarsson.se",screenshot,0,"",2026-07-18 15:14:41,2026-07-18 15:14:55
6288,"aquasphere.tyarya.com","Google Xenon2026h2","",screenshot,0,"",2026-07-18 15:14:41,2026-07-18 15:14:55
6286,"pmi-leaderboard-2026.pages.dev","Google Xenon2026h2","Leaderboard",screenshot,0,"",2026-07-18 15:14:41,2026-07-18 15:14:49
6285,"www.bewell-health.shop","Google Xenon2026h2","Título",screenshot,0,"",2026-07-18 15:14:41,2026-07-18 15:14:49
6284,"www.086whm.whm.www.9086544020whm.mvd.whm.47-121-194-48.nip.io","Google Xenon2026h2","此结局",screenshot,1,"powered by",2026-07-18 15:14:41,2026-07-18 15:14:53
6283,"www.briaryl.watch","Google Xenon2026h2","briaryl.watch is registered at Namecheap",screenshot,1,"sign in",2026-07-18 15:14:41,2026-07-18 15:14:50
6282,"beamazed.com.cy","Google Xenon2026h2","BeAmazed. Κατάστημα κλειστό",screenshot,1,"powered by",2026-07-18 15:14:41,2026-07-18 15:14:49
6281,"botanicactus.com","Google Xenon2026h2","botanicactus.com - Terrariums, Cacti, Succulents, Houseplants, Botanical, Gardening, Botanicactus",screenshot,0,"",2026-07-18 15:14:41,2026-07-18 15:14:49
6280,"www.spacetime.glass","Google Xenon2026h2","spacetime.glass is registered at Namecheap",screenshot,0,"",2026-07-18 15:14:41,2026-07-18 15:14:49
6279,"7000miles.nyc","Google Xenon2026h2","7000Miles",screenshot,0,"",2026-07-18 15:14:41,2026-07-18 15:14:49
6278,"a1fb5173ce2041.site.godaddyarabicwsbonline.com","Google Xenon2026h2","HOME",screenshot,0,"",2026-07-18 15:14:41,2026-07-18 15:14:49
6276,"exactprowash.com","Google Xenon2026h2","Professional Exterior Property Cleaning Company| Exact Pro Wash",screenshot,0,"",2026-07-18 15:14:41,2026-07-18 15:14:53
6274,"9876www.update.2update.6543swgon888895dnaxe705t8.ye7n9.com","DigiCert Wyvern2026h2","404 Not Found",screenshot,0,"",2026-07-18 15:13:44,2026-07-18 15:14:43
6273,"xn--stemadden-1ib3023j.ph","DigiCert Wyvern2026h2","Redirecting...",screenshot,0,"",2026-07-18 15:13:44,2026-07-18 15:14:43
6270,"webmail.garageforecourt.co.zw","DigiCert Wyvern2026h2","Webmail Login",screenshot,1,"webmail",2026-07-18 15:13:44,2026-07-18 15:14:44
6267,"garageforecourt.co.zw.156-38-193-84.cpanel.site","DigiCert Wyvern2026h2","428 Technical Domain",screenshot,1,"cpanel",2026-07-18 15:13:44,2026-07-18 15:14:43
6262,"autodiscover.garageforecourt.co.zw","DigiCert Wyvern2026h2","",screenshot,0,"",2026-07-18 15:13:44,2026-07-18 15:14:37
6261,"www.herlevpilates.dk","DigiCert Wyvern2026h2","Træning med Den Intelligente Krop - Vil du træne med os?",screenshot,1,"log in",2026-07-18 15:13:44,2026-07-18 15:14:40
6260,"site-307.adviserportals3.co.uk","DigiCert Wyvern2026h2","Roberts Financial Consultancy Ltd - Home",screenshot,0,"",2026-07-18 15:13:44,2026-07-18 15:14:40
6259,"miiter.info","DigiCert Wyvern2026h2","Coming Soon",screenshot,0,"",2026-07-18 15:13:44,2026-07-18 15:14:37
6258,"servimetric.com","DigiCert Wyvern2026h2","Próximamente",screenshot,0,"",2026-07-18 15:13:44,2026-07-18 15:14:37
6256,"www.lifestylebykimberly.com","DigiCert Wyvern2026h2","Coming Soon",screenshot,0,"",2026-07-18 15:13:44,2026-07-18 15:14:37
6255,"optimizamiweb.online","DigiCert Wyvern2026h2","Crionexis Valur | Crypto Broker in the United Kingdom: Exchange Your Crypto | Official Website | London",screenshot,0,"",2026-07-18 15:13:44,2026-07-18 15:14:42
6254,"scr33ps.b0ln0k4.sipos.space","DigiCert Wyvern2026h2","",screenshot,0,"",2026-07-18 15:13:44,2026-07-18 15:14:37
6252,"www.lizavetacoach.ru","DigiCert Wyvern2026h2","Domain has been assigned",screenshot,0,"",2026-07-18 15:13:44,2026-07-18 15:14:37
6250,"www.thebeautifulbodies.com","DigiCert Wyvern2026h2","Coming Soon",screenshot,0,"",2026-07-18 15:13:44,2026-07-18 15:14:31
6249,"couvreur-vallee-de-ronsard.toitures-41.fr","DigiCert Wyvern2026h2","Couvreur Vallée-de-Ronsard - 41800 | Entreprise de Couverture",screenshot,0,"",2026-07-18 15:13:44,2026-07-18 15:14:31
6248,"photo.uxccc.com","DigiCert Wyvern2026h2","相册",screenshot,0,"",2026-07-18 15:13:44,2026-07-18 15:14:31
6247,"kelseyhalbert.com","DigiCert Wyvern2026h2","ConnectYourDomain Error | Wix.com",screenshot,0,"",2026-07-18 15:13:44,2026-07-18 15:14:31
6245,"36update.c033cd7f-f8ba-4223-b63b-3a16ed2d3318.kv1.me","DigiCert Wyvern2026h2","Nicholas Volkhin - From simple questions to complex software systems",screenshot,0,"",2026-07-18 15:13:44,2026-07-18 15:14:31
6244,"47status.admin.uiiqvkundenportal.etw-wilhelmshaven.de","DigiCert Wyvern2026h2","Webseite nicht gefunden | Locomotive",screenshot,0,"",2026-07-18 15:13:44,2026-07-18 15:14:31
6243,"lotus0001.com","DigiCert Wyvern2026h2","",screenshot,0,"",2026-07-18 15:13:44,2026-07-18 15:14:33
6242,"denizhalisinsaat.com","DigiCert Wyvern2026h2","Yakında",screenshot,0,"",2026-07-18 15:13:44,2026-07-18 15:14:31
6241,"beleto-consulting.de","DigiCert Wyvern2026h2","Coming Soon",screenshot,0,"",2026-07-18 15:13:44,2026-07-18 15:14:31
6240,"rtentpad.com.ph","DigiCert Wyvern2026h2","Redirecting...",screenshot,0,"",2026-07-18 15:13:44,2026-07-18 15:14:31
6238,"markhunter.info","DigiCert Wyvern2026h2","Coming Soon",screenshot,0,"",2026-07-18 15:13:44,2026-07-18 15:14:25
6237,"dcvw.de","DigiCert Wyvern2026h2","dcvw.de - Fahrzeug, Ersatzteile, Werkstatt, Tuning, Reparatur, Zubehör, DCVW",screenshot,0,"",2026-07-18 15:13:44,2026-07-18 15:14:25
6236,"yummworks.com","DigiCert Wyvern2026h2","Coming Soon",screenshot,0,"",2026-07-18 15:13:44,2026-07-18 15:14:25
6235,"doorscraftone.com","DigiCert Wyvern2026h2","Replacement Windows and Doors | Renewal by Andersen",screenshot,1,"sign in",2026-07-18 15:13:44,2026-07-18 15:14:26
6234,"1aly.com.ph","DigiCert Wyvern2026h2","Redirecting...",screenshot,0,"",2026-07-18 15:13:44,2026-07-18 15:14:25
6232,"www.millennialtrivia.com","DigiCert Wyvern2026h2","Coming Soon",screenshot,0,"",2026-07-18 15:13:44,2026-07-18 15:14:25
6231,"delacruse.hu","DigiCert Wyvern2026h2","DelaCruse",screenshot,0,"",2026-07-18 15:13:44,2026-07-18 15:14:25
6228,"v1.unifleets.com","DigiCert Wyvern2026h2","Unifleets",screenshot,0,"",2026-07-18 15:13:44,2026-07-18 15:14:25
6224,"www.blackevangelical.org","DigiCert Wyvern2026h2","Coming Soon",screenshot,0,"",2026-07-18 15:13:44,2026-07-18 15:14:19
6222,"www.ivy-house-forge.com","DigiCert Wyvern2026h2","Coming Soon",screenshot,0,"",2026-07-18 15:13:44,2026-07-18 15:14:19
6221,"18abnreenacting.org","DigiCert Wyvern2026h2","XVIII Corps Living History Group",screenshot,0,"",2026-07-18 15:13:44,2026-07-18 15:14:20
6220,"covidvitamin.com","DigiCert Wyvern2026h2","Coming Soon",screenshot,0,"",2026-07-18 15:13:44,2026-07-18 15:14:19
6219,"www.manageyourownbrand.com","DigiCert Wyvern2026h2","Coming Soon",screenshot,0,"",2026-07-18 15:13:44,2026-07-18 15:14:19
6218,"www.piaudioworks.com","DigiCert Wyvern2026h2","Coming Soon",screenshot,0,"",2026-07-18 15:13:44,2026-07-18 15:14:19
6217,"hypdmarketing.nl","DigiCert Wyvern2026h2","HYPD | Voorspelbare New Business Voor B2B",screenshot,0,"",2026-07-18 15:13:44,2026-07-18 15:14:19
6214,"www.theresourcefulclinician.org","DigiCert Wyvern2026h2","Coming Soon",screenshot,0,"",2026-07-18 15:13:44,2026-07-18 15:14:13
6213,"www.bravebutterfly.com","DigiCert Wyvern2026h2","BraveButterfly.com for sale",screenshot,0,"",2026-07-18 15:13:44,2026-07-18 15:14:13
6212,"wearfiji.co.uk","DigiCert Wyvern2026h2","Wear Fiji – Island Living | Consciously Made",screenshot,0,"",2026-07-18 15:13:44,2026-07-18 15:14:16
6211,"www.jarthurfinancial.org","DigiCert Wyvern2026h2","Coming Soon",screenshot,0,"",2026-07-18 15:13:44,2026-07-18 15:14:13
6210,"dayflow-planner.com","DigiCert Wyvern2026h2","Dayflow - Your Calm Scheduling Assistant",screenshot,0,"",2026-07-18 15:13:44,2026-07-18 15:14:13
6209,"warai.shop","DigiCert Wyvern2026h2","Captcha Challenge - STORES",screenshot,0,"",2026-07-18 15:13:44,2026-07-18 15:14:13
6208,"gabrielsfountain.com","DigiCert Wyvern2026h2","gabriels fountain",screenshot,0,"",2026-07-18 15:13:44,2026-07-18 15:14:13
6206,"www.krollres.com","DigiCert Wyvern2026h2","Coming Soon",screenshot,0,"",2026-07-18 15:13:44,2026-07-18 15:14:13
6205,"link.resetdentalhq.com","DigiCert Wyvern2026h2","404 - File or directory not found.",screenshot,0,"",2026-07-18 15:13:44,2026-07-18 15:14:12
6204,"shubhamkumar.me","DigiCert Wyvern2026h2","My World",screenshot,1,"signin",2026-07-18 15:13:44,2026-07-18 15:14:13
6202,"www.smalltown-movie.com","DigiCert Wyvern2026h2","Wilma, Wu and a stripper named Lorraine",screenshot,0,"",2026-07-18 15:13:44,2026-07-18 15:14:09
6201,"blogsbet.pages.dev","DigiCert Wyvern2026h2","blogsbet.pages.dev",screenshot,0,"",2026-07-18 15:13:44,2026-07-18 15:14:06
6200,"worshop.de","DigiCert Wyvern2026h2","jesus-pro-ject.de",screenshot,1,"powered by",2026-07-18 15:13:44,2026-07-18 15:14:07
6199,"jesus-pro-ject.de","DigiCert Wyvern2026h2","jesus-pro-ject.de",screenshot,1,"powered by",2026-07-18 15:13:44,2026-07-18 15:14:07
6198,"www.mobilenotarysvcs.com","DigiCert Wyvern2026h2","Coming Soon",screenshot,0,"",2026-07-18 15:13:44,2026-07-18 15:14:07
6197,"crypto-coffe.com","DigiCert Wyvern2026h2","Coming Soon",screenshot,0,"",2026-07-18 15:13:44,2026-07-18 15:14:07
6196,"www.hiddenlakeranchrv.com","DigiCert Wyvern2026h2","Coming Soon",screenshot,0,"",2026-07-18 15:13:44,2026-07-18 15:14:07
6195,"esenciagroup.live","DigiCert Wyvern2026h2","Squarespace - Website Expired",screenshot,1,"login",2026-07-18 15:13:44,2026-07-18 15:14:07
6194,"gitlab.football.ua","DigiCert Wyvern2026h2","Not Found",screenshot,0,"",2026-07-18 15:13:44,2026-07-18 15:14:06
6192,"ariyadc.com","DigiCert Wyvern2026h2","Coming Soon",screenshot,0,"",2026-07-18 15:13:44,2026-07-18 15:14:07
6190,"www.earthalmanack.com","DigiCert Wyvern2026h2","Coming Soon",screenshot,0,"",2026-07-18 15:13:44,2026-07-18 15:14:00
6189,"www.kaminy-seguin.ru","DigiCert Wyvern2026h2","Seguin - официальный дилер / Главная",screenshot,0,"",2026-07-18 15:13:44,2026-07-18 15:14:02
6188,"www.onmloupdate.gjihgfaupdate.yupdate.qpknixsnidgfqponidwwwwwwchasenrainbowsbigisland.comw.h2977615.stratoserver.net","DigiCert Wyvern2026h2","Reincarnate Mattermost",screenshot,0,"",2026-07-18 15:13:44,2026-07-18 15:14:01
6187,"atlouis.com","DigiCert Wyvern2026h2","Atelier Louis – Galerij met exclusieve Zuid-Afrikaanse kunst",screenshot,0,"",2026-07-18 15:13:44,2026-07-18 15:14:02
6185,"www.lordsyotos.com","DigiCert Wyvern2026h2","Coming Soon",screenshot,0,"",2026-07-18 15:13:44,2026-07-18 15:14:01
6184,"www.xn--gmqu79f.com","DigiCert Wyvern2026h2","狼人.com - Werewolf, Beast, Transformation, Pack, Howl, Moon, 狼人",screenshot,0,"",2026-07-18 15:13:44,2026-07-18 15:14:01
6183,"www.able.education","DigiCert Wyvern2026h2","Coming Soon",screenshot,0,"",2026-07-18 15:13:44,2026-07-18 15:14:01
6180,"xn--stevcmadde-zq2e.ph","Google Argon2026h2","Redirecting...",screenshot,0,"",2026-07-18 15:13:41,2026-07-18 15:14:01
6176,"castmagic.ai","Google Argon2026h2","Castmagic - 10x Audio Content With AI",screenshot,1,"signin",2026-07-18 15:13:41,2026-07-18 15:13:55
6174,"news-normea.isilog.fr","Google Argon2026h2","Signaler un abus email | Postmaster Sarbacane",screenshot,0,"",2026-07-18 15:13:41,2026-07-18 15:13:54
6173,"landings.news-normea.isilog.fr","Google Argon2026h2","Signaler un abus email | Postmaster Sarbacane",screenshot,0,"",2026-07-18 15:13:41,2026-07-18 15:13:55
6172,"img.news-normea.isilog.fr","Google Argon2026h2","Sarbacane Software",screenshot,0,"",2026-07-18 15:13:41,2026-07-18 15:13:54
6171,"forms.news-normea.isilog.fr","Google Argon2026h2","Signaler un abus email | Postmaster Sarbacane",screenshot,0,"",2026-07-18 15:13:41,2026-07-18 15:13:55
6170,"eye.news-normea.isilog.fr","Google Argon2026h2","Signaler un abus email | Postmaster Sarbacane",screenshot,0,"",2026-07-18 15:13:41,2026-07-18 15:13:55
6168,"alonaharpaz.com","Google Argon2026h2","Alona Harpaz",screenshot,0,"",2026-07-18 15:13:41,2026-07-18 15:13:55
6166,"badi.kz","Google Argon2026h2","Сайт в разработке",screenshot,0,"",2026-07-18 15:13:41,2026-07-18 15:13:52
6165,"a6a97558753b57c9aef54b6d.netcraze.io","Google Argon2026h2","403 Forbidden",screenshot,0,"",2026-07-18 15:13:41,2026-07-18 15:13:49
6164,"dearkindly.com","Google Argon2026h2","Coming Soon",screenshot,0,"",2026-07-18 15:13:41,2026-07-18 15:13:48
6163,"inthcm.i-0a56fcaef27984c52.prd.workdaysuv.com","Google Argon2026h2","",screenshot,0,"",2026-07-18 15:13:41,2026-07-18 15:13:48
6162,"www.morrisonbrothersbook.com","Google Argon2027h1","",screenshot,0,"",2026-07-18 15:13:41,2026-07-18 15:13:49
6161,"detroittreeremoval.com","Google Argon2027h1","Access Denied",screenshot,0,"",2026-07-18 15:13:41,2026-07-18 15:13:49
6160,"www.fabworld.co.in","Google Argon2027h1","",screenshot,0,"",2026-07-18 15:13:41,2026-07-18 15:13:49
6159,"dewi138.co","Google Xenon2026h2","DEWI138: Panduan Akses Resmi & Link Alternatif Terupdate",screenshot,0,"",2026-07-18 15:13:41,2026-07-18 15:13:49
6158,"shyne-card.com","Google Xenon2026h2","Coming Soon",screenshot,0,"",2026-07-18 15:13:41,2026-07-18 15:13:48
6156,"www.shelbywin-no.com","Google Xenon2026h2","shelbywin-no.com is registered at Namecheap",screenshot,0,"",2026-07-18 15:13:41,2026-07-18 15:13:49
6154,"summitrealtors.ca","Google Xenon2026h2","Summit Real Estate – We are a group of real estate advisors who will stop at nothing to ensure you make the best possible real estate purchase or sale",screenshot,0,"",2026-07-18 15:13:41,2026-07-18 15:13:46
6153,"xn--stevadden-e4a4273f.ph","Google Xenon2026h2","Redirecting...",screenshot,0,"",2026-07-18 15:13:41,2026-07-18 15:13:42
6152,"andrewzahner.com","Google Xenon2026h2","Coming Soon",screenshot,0,"",2026-07-18 15:13:41,2026-07-18 15:13:42
6150,"www.tapoosh.com","Google Xenon2026h2","tapoosh.com is registered at Namecheap",screenshot,0,"",2026-07-18 15:13:41,2026-07-18 15:13:43
6149,"cones.university","Google Xenon2026h2","Log in to the site | CONES University",screenshot,1,"log in",2026-07-18 15:13:41,2026-07-18 15:13:44
6148,"nftpass.sending.me","Google Xenon2026h2","",screenshot,0,"",2026-07-18 15:13:41,2026-07-18 15:13:44
6145,"ckw.us","Google Xenon2026h2","Redirecting...",screenshot,0,"",2026-07-18 15:13:41,2026-07-18 15:13:43
6144,"sistemaxerp.com.br","Google Xenon2026h2","Sistemax — Em breve",screenshot,0,"",2026-07-18 15:13:41,2026-07-18 15:13:42
6143,"www.sierra.gold","Google Xenon2026h2","sierra.gold is registered at Namecheap",screenshot,0,"",2026-07-18 15:13:41,2026-07-18 15:13:42
6140,"pwd.sulloman.com","DigiCert Wyvern2026h2","Passbolt | Open source password manager for teams",screenshot,0,"",2026-07-18 15:12:43,2026-07-18 15:13:32
6139,"crapsdeals.org","DigiCert Wyvern2026h2","crapsdeals.org",screenshot,0,"",2026-07-18 15:12:43,2026-07-18 15:13:31
6138,"www.getqp.com","DigiCert Wyvern2026h2","Coming Soon",screenshot,0,"",2026-07-18 15:12:43,2026-07-18 15:13:30
6136,"labubujoy.com","DigiCert Wyvern2026h2","labubujoy.com is registered at Namecheap",screenshot,1,"sign in",2026-07-18 15:12:43,2026-07-18 15:13:31
6135,"www.maggiesunstrum.com","DigiCert Wyvern2026h2","Coming Soon",screenshot,0,"",2026-07-18 15:12:43,2026-07-18 15:13:30
6134,"www.bigdipperinnovationfund.com","DigiCert Wyvern2026h2","Squarespace - No Such Website",screenshot,0,"",2026-07-18 15:12:43,2026-07-18 15:13:31
6133,"designchat.app","DigiCert Wyvern2026h2","Redirecting...",screenshot,0,"",2026-07-18 15:12:43,2026-07-18 15:13:31
6132,"sikapifrefri.beget.app","DigiCert Wyvern2026h2","Login - Adminer",screenshot,1,"login",2026-07-18 15:12:43,2026-07-18 15:13:31
6131,"www.notaweddingwebsite.com","DigiCert Wyvern2026h2","Squarespace - Website Expired",screenshot,1,"login",2026-07-18 15:12:43,2026-07-18 15:13:31
6129,"shinko-ps.isjpn.com","DigiCert Wyvern2026h2","",screenshot,0,"",2026-07-18 15:12:43,2026-07-18 15:13:25
6128,"www.jkworksafe.com","DigiCert Wyvern2026h2","Em breve",screenshot,0,"",2026-07-18 15:12:43,2026-07-18 15:13:24
6127,"blueprinthealthcare.co.uk","DigiCert Wyvern2026h2","Another Website Hosted by Krystal",screenshot,0,"",2026-07-18 15:12:43,2026-07-18 15:13:24
6124,"178-105-139-135.cprapid.com","DigiCert Wyvern2026h2","",screenshot,0,"",2026-07-18 15:12:43,2026-07-18 15:13:24
6123,"ilchioscodialessandra.com","DigiCert Wyvern2026h2","403 Forbidden",screenshot,1,"nginx",2026-07-18 15:12:43,2026-07-18 15:13:25
6122,"www.aloura.pro","Google Argon2027h1","",screenshot,0,"",2026-07-18 15:12:42,2026-07-18 15:13:28
6121,"crowd79.tv","Google Argon2027h1","",screenshot,0,"",2026-07-18 15:12:42,2026-07-18 15:13:25
6120,"juleppublicityco.com","Google Argon2027h1","",screenshot,0,"",2026-07-18 15:12:42,2026-07-18 15:13:26
6119,"www.tneigroup.net","Google Argon2027h1","",screenshot,0,"",2026-07-18 15:12:42,2026-07-18 15:13:25
6117,"www.thecouncilofcooper.com","Google Argon2026h2","Coming Soon",screenshot,0,"",2026-07-18 15:12:41,2026-07-18 15:13:18
6116,"www.smallsandwich.com","Google Argon2026h2","Coming Soon",screenshot,0,"",2026-07-18 15:12:41,2026-07-18 15:13:18
6113,"www.spenglereivoelker.de","Google Argon2026h2","Spenglerei Völker Potsdam | Metallverarbeitung, Dachdeckungen & Blech nach Maß",screenshot,0,"",2026-07-18 15:12:41,2026-07-18 15:13:19
6112,"oauthapistg.eogresources.com","Google Argon2026h2","",screenshot,0,"",2026-07-18 15:12:41,2026-07-18 15:13:18
6111,"oauthstg.eogresources.com","Google Argon2026h2","",screenshot,0,"",2026-07-18 15:12:41,2026-07-18 15:13:19
6110,"winifred.flk.sabina.be96247553850d056885eb12c96e8121.org","Google Argon2026h2","EasyLight — простое, быстрое и стабильное подключение",screenshot,0,"",2026-07-18 15:12:41,2026-07-18 15:13:19
6109,"www.just-cardboard.com","Google Argon2026h2","Coming Soon",screenshot,0,"",2026-07-18 15:12:41,2026-07-18 15:13:18
6107,"davidcrockettgraham.org","Google Xenon2026h2","David Crockett Graham Historical Fund",screenshot,0,"",2026-07-18 15:12:41,2026-07-18 15:13:20
6105,"www.reheatedlunch.com","Google Xenon2026h2","Coming Soon",screenshot,0,"",2026-07-18 15:12:41,2026-07-18 15:13:12
6104,"www.dvnteam.com","Google Xenon2026h2","Coming Soon",screenshot,0,"",2026-07-18 15:12:41,2026-07-18 15:13:12
6103,"webmail.mannatlawn.com","Google Xenon2026h2","500 Internal Server Error",screenshot,0,"",2026-07-18 15:12:41,2026-07-18 15:13:13
6102,"webdisk.mannatlawn.com","Google Xenon2026h2","500 Internal Server Error",screenshot,0,"",2026-07-18 15:12:41,2026-07-18 15:13:13
6101,"mannatlawn.com","Google Xenon2026h2","Mannat Lawn & Banquet Hall – Make Your Event Memorable One !!",screenshot,0,"",2026-07-18 15:12:41,2026-07-18 15:13:15
6100,"mail.mannatlawn.com","Google Xenon2026h2","Mannat Lawn & Banquet Hall – Make Your Event Memorable One !!",screenshot,0,"",2026-07-18 15:12:41,2026-07-18 15:13:14
6099,"cpcontacts.mannatlawn.com","Google Xenon2026h2","500 Internal Server Error",screenshot,0,"",2026-07-18 15:12:41,2026-07-18 15:13:13
6098,"cpcalendars.mannatlawn.com","Google Xenon2026h2","500 Internal Server Error",screenshot,0,"",2026-07-18 15:12:41,2026-07-18 15:13:13
6097,"cpanel.mannatlawn.com","Google Xenon2026h2","500 Internal Server Error",screenshot,0,"",2026-07-18 15:12:41,2026-07-18 15:13:13
6096,"autodiscover.mannatlawn.com","Google Xenon2026h2","",screenshot,0,"",2026-07-18 15:12:41,2026-07-18 15:13:13
6095,"emmmusic.com","Google Xenon2026h2","Coming Soon",screenshot,0,"",2026-07-18 15:12:41,2026-07-18 15:13:12
6093,"www.revealer.hair","Google Xenon2026h2","revealer.hair is registered at Namecheap",screenshot,0,"",2026-07-18 15:12:41,2026-07-18 15:13:07
6092,"ipv6-i-022c47954a2c2f20d-sae001-ix.vocga.nflxvideo.net","Google Xenon2026h2","",screenshot,0,"",2026-07-18 15:12:41,2026-07-18 15:13:07
6091,"ipv4-i-022c47954a2c2f20d-sae001-ix.vocga.nflxvideo.net","Google Xenon2026h2","",screenshot,0,"",2026-07-18 15:12:41,2026-07-18 15:13:07
6090,"www.steadfastmaine.com","Google Xenon2026h2","Coming Soon",screenshot,0,"",2026-07-18 15:12:41,2026-07-18 15:13:06
6089,"www.totolotto4d.com","Google Xenon2026h2","totolotto4d.com is registered at Namecheap",screenshot,0,"",2026-07-18 15:12:41,2026-07-18 15:13:07
6088,"raporton.pl","Google Xenon2026h2","RaportON — Generator raportów serwisowych",screenshot,0,"",2026-07-18 15:12:41,2026-07-18 15:13:07
6087,"www.accudynereader.com","Google Xenon2026h2","accudynereader.com is registered at Namecheap",screenshot,0,"",2026-07-18 15:12:41,2026-07-18 15:13:07
6084,"www.coloboard.com","Google Xenon2026h2","coloboard.com is registered at Namecheap",screenshot,0,"",2026-07-18 15:12:41,2026-07-18 15:13:07
6083,"www.tymtable.com","DigiCert Wyvern2026h2","tymtable.com is registered at Namecheap",screenshot,0,"",2026-07-18 15:11:44,2026-07-18 15:13:07
6080,"xtyl.com.ph","DigiCert Wyvern2026h2","Redirecting...",screenshot,0,"",2026-07-18 15:11:44,2026-07-18 15:13:00
6072,"togel165.org","DigiCert Wyvern2026h2","togel165.org is registered at Namecheap",screenshot,1,"sign in",2026-07-18 15:11:44,2026-07-18 15:13:01
6071,"pageatlas.online","DigiCert Wyvern2026h2","Home | PageAtlas",screenshot,1,"sign in",2026-07-18 15:11:44,2026-07-18 15:13:01
6069,"mtrdirectstay.com","DigiCert Wyvern2026h2","Coming Soon",screenshot,0,"",2026-07-18 15:11:44,2026-07-18 15:12:54
6068,"www.argonme.com","DigiCert Wyvern2026h2","argonme.com is registered at Namecheap",screenshot,0,"",2026-07-18 15:11:44,2026-07-18 15:12:55
6067,"ridethetimeline.com","DigiCert Wyvern2026h2","Coming Soon",screenshot,0,"",2026-07-18 15:11:44,2026-07-18 15:12:54
6066,"whm.bogott-family.com","DigiCert Wyvern2026h2","WHM Login",screenshot,1,"cpanel",2026-07-18 15:11:44,2026-07-18 15:12:54
6065,"webmail.bogott-family.com","DigiCert Wyvern2026h2","Webmail Login",screenshot,1,"webmail",2026-07-18 15:11:44,2026-07-18 15:12:54
6064,"webdisk.bogott-family.com","DigiCert Wyvern2026h2","Error 503 - Service Unavailable",screenshot,0,"",2026-07-18 15:11:44,2026-07-18 15:12:54
6063,"mail.bogott-family.com","DigiCert Wyvern2026h2","The Bogott Family - Welcome to the Bogott home",screenshot,0,"",2026-07-18 15:11:44,2026-07-18 15:12:55
6062,"kbogott.littlebizwebs.net","DigiCert Wyvern2026h2","The Bogott Family - Welcome to the Bogott home",screenshot,0,"",2026-07-18 15:11:44,2026-07-18 15:12:55
6061,"cpcontacts.bogott-family.com","DigiCert Wyvern2026h2","Error 503 - Service Unavailable",screenshot,0,"",2026-07-18 15:11:44,2026-07-18 15:12:54
6060,"cpcalendars.bogott-family.com","DigiCert Wyvern2026h2","Error 503 - Service Unavailable",screenshot,0,"",2026-07-18 15:11:44,2026-07-18 15:12:54
6059,"cpanel.bogott-family.com","DigiCert Wyvern2026h2","cPanel Login",screenshot,1,"cpanel",2026-07-18 15:11:44,2026-07-18 15:12:55
6057,"autodiscover.bogott-family.com","DigiCert Wyvern2026h2","",screenshot,0,"",2026-07-18 15:11:44,2026-07-18 15:12:48
6056,"suqya.net","DigiCert Wyvern2026h2","منصّة سُقيا | توصيل مياه شرب نقية للمنازل والشركات وخدمة محطات التنقية",screenshot,0,"",2026-07-18 15:11:44,2026-07-18 15:12:50
6055,"www.xn--gemsezeit-s9a.de","DigiCert Wyvern2026h2","gemüsezeit.de - Vitamine, Ernte, Saison, Fruchtig, Garten, Bio, Gemüsezeit",screenshot,0,"",2026-07-18 15:11:44,2026-07-18 15:12:48
6054,"70betve.com","DigiCert Wyvern2026h2","70bet - Cassino Online Brasil Slots Cassino Ao Vivo Apostas - 70bet.com",screenshot,0,"",2026-07-18 15:11:44,2026-07-18 15:12:49
6053,"www.purifiedbrideministries.net","DigiCert Wyvern2026h2","Coming Soon",screenshot,0,"",2026-07-18 15:11:44,2026-07-18 15:12:48
6052,"wllnu.com","DigiCert Wyvern2026h2","wllnu",screenshot,0,"",2026-07-18 15:11:44,2026-07-18 15:12:49
6051,"jandnsparadisepines.com","DigiCert Wyvern2026h2","Just a moment...",screenshot,0,"",2026-07-18 15:11:44,2026-07-18 15:12:48
6050,"virnafarm.com","DigiCert Wyvern2026h2","Squarespace - Website Expired",screenshot,1,"login",2026-07-18 15:11:44,2026-07-18 15:12:49
6049,"www.greenreserve.org","DigiCert Wyvern2026h2","Coming Soon",screenshot,0,"",2026-07-18 15:11:44,2026-07-18 15:12:48
6048,"nfty.net.ph","DigiCert Wyvern2026h2","Redirecting...",screenshot,0,"",2026-07-18 15:11:44,2026-07-18 15:12:48
6047,"leadlibrary.com","DigiCert Wyvern2026h2","Coming Soon",screenshot,0,"",2026-07-18 15:11:44,2026-07-18 15:12:48
6045,"rivasolutionsinc.com","DigiCert Wyvern2026h2","Homepage - RIVA",screenshot,0,"",2026-07-18 15:11:44,2026-07-18 15:12:43
6044,"www.macire.nl","DigiCert Wyvern2026h2","Soverin",screenshot,1,"sign in",2026-07-18 15:11:44,2026-07-18 15:12:45
6043,"www.gentlemanjeff.com","DigiCert Wyvern2026h2","Coming Soon",screenshot,0,"",2026-07-18 15:11:44,2026-07-18 15:12:42
6042,"happypurrsco.commercehq.com","DigiCert Wyvern2026h2","",screenshot,0,"",2026-07-18 15:11:44,2026-07-18 15:12:43
6041,"www.liqu.app","DigiCert Wyvern2026h2","Liqu — Follow The Money",screenshot,0,"",2026-07-18 15:11:44,2026-07-18 15:12:43
6040,"www.childfree.dating","DigiCert Wyvern2026h2","childfree.dating is registered at Namecheap",screenshot,0,"",2026-07-18 15:11:44,2026-07-18 15:12:43
6039,"wandb.zip","DigiCert Wyvern2026h2","Coming Soon",screenshot,0,"",2026-07-18 15:11:44,2026-07-18 15:12:42
6038,"1334449.xyz","DigiCert Wyvern2026h2","",screenshot,0,"",2026-07-18 15:11:44,2026-07-18 15:12:42
6036,"laylafeast.co","DigiCert Wyvern2026h2","Delicious Mediterranean Sweets – Layla's Delicacies",screenshot,1,"log in",2026-07-18 15:11:44,2026-07-18 15:12:45
6035,"wccwawww.purchase.stage-fs.powr.tv","DigiCert Wyvern2026h2","wccwawww.purchase.stage-fs.powr.tv",screenshot,0,"",2026-07-18 15:11:44,2026-07-18 15:12:42
6030,"extsec.co.uk","DigiCert Wyvern2026h2","Extreme Auto Locksmiths Ltd | Auto Locksmith Birmingham | Call: 07775 888 819",screenshot,0,"",2026-07-18 15:11:44,2026-07-18 15:12:37
6029,"autolocksmithwestmidlands.co.uk","DigiCert Wyvern2026h2","Extreme Auto Locksmiths Ltd | Auto Locksmith Birmingham | Call: 07775 888 819",screenshot,0,"",2026-07-18 15:11:44,2026-07-18 15:12:36
6028,"24hrkeyassist.co.uk","DigiCert Wyvern2026h2","Extreme Auto Locksmiths Ltd | Auto Locksmith Birmingham | Call: 07775 888 819",screenshot,0,"",2026-07-18 15:11:44,2026-07-18 15:12:36
6027,"24hrcarkeys.co.uk","DigiCert Wyvern2026h2","Extreme Auto Locksmiths Ltd | Auto Locksmith Birmingham | Call: 07775 888 819",screenshot,0,"",2026-07-18 15:11:44,2026-07-18 15:12:36
6026,"goalroom.online","DigiCert Wyvern2026h2","Chatterfy",screenshot,0,"",2026-07-18 15:11:44,2026-07-18 15:12:36
6025,"www.easycoldoutreach.com","DigiCert Wyvern2026h2","Coming Soon",screenshot,0,"",2026-07-18 15:11:44,2026-07-18 15:12:36
6024,"flirtyneighbors.space","DigiCert Wyvern2026h2","404 Not Found",screenshot,1,"nginx",2026-07-18 15:11:44,2026-07-18 15:12:36
6023,"mvl.z0xvmvl.r0pnr0pnwhm.mhgfalkjehcb98765876543210cvie5vujb80s9e4tapig.91.107.193.189.sslip.io","DigiCert Wyvern2026h2","",screenshot,0,"",2026-07-18 15:11:44,2026-07-18 15:12:36
6021,"toiletpaperlight.com","DigiCert Wyvern2026h2","Coming Soon",screenshot,0,"",2026-07-18 15:11:44,2026-07-18 15:12:30
6020,"m.itechnologyelectronicservices.com","DigiCert Wyvern2026h2","",screenshot,0,"",2026-07-18 15:11:44,2026-07-18 15:12:30
6019,"scannerbox.us","DigiCert Wyvern2026h2","ScannerBox.us - Streaming live audio feeds to Logitech Squeezebox Radio",screenshot,0,"",2026-07-18 15:11:44,2026-07-18 15:12:31
6017,"www.poynette.org","DigiCert Wyvern2026h2","Coming Soon",screenshot,0,"",2026-07-18 15:11:44,2026-07-18 15:12:30
6016,"www.modacolectiva.com","DigiCert Wyvern2026h2","Coming Soon",screenshot,0,"",2026-07-18 15:11:44,2026-07-18 15:12:30
6015,"data.tropicalfarmersgroup.com","DigiCert Wyvern2026h2","NESSUP Dashboard",screenshot,0,"",2026-07-18 15:11:44,2026-07-18 15:12:31
6014,"supa.mazzdigi.com","DigiCert Wyvern2026h2","",screenshot,0,"",2026-07-18 15:11:44,2026-07-18 15:12:31
6013,"residences-service.eu","DigiCert Wyvern2026h2","residences-service.eu",screenshot,0,"",2026-07-18 15:11:44,2026-07-18 15:12:30
6012,"www.comebackcitycapital.com","DigiCert Wyvern2026h2","Coming Soon",screenshot,0,"",2026-07-18 15:11:44,2026-07-18 15:12:30
6011,"10mfxx.qzz.io","DigiCert Wyvern2026h2","New API",screenshot,0,"",2026-07-18 15:11:44,2026-07-18 15:12:34
6006,"www.mezcalboyz.com","DigiCert Wyvern2026h2","Coming Soon",screenshot,0,"",2026-07-18 15:11:44,2026-07-18 15:12:24
6005,"montedeouro.ddns.net","DigiCert Wyvern2026h2","JBet",screenshot,0,"",2026-07-18 15:11:44,2026-07-18 15:12:25
6004,"tl4u.ph","DigiCert Wyvern2026h2","Redirecting...",screenshot,0,"",2026-07-18 15:11:44,2026-07-18 15:12:24
6003,"indent.email","DigiCert Wyvern2026h2","Coming Soon",screenshot,0,"",2026-07-18 15:11:44,2026-07-18 15:12:24
6002,"www.corporativodelsuresteintegra.com","DigiCert Wyvern2026h2","Próximamente",screenshot,0,"",2026-07-18 15:11:44,2026-07-18 15:12:24
6001,"777cjg.com","DigiCert Wyvern2026h2","藏精阁",screenshot,0,"",2026-07-18 15:11:44,2026-07-18 15:12:25
6000,"www.creditmonitoringintel.com","DigiCert Wyvern2026h2","Coming Soon",screenshot,0,"",2026-07-18 15:11:44,2026-07-18 15:12:24
5999,"xn--stemadden-c4a5571f.ph","DigiCert Wyvern2026h2","Redirecting...",screenshot,0,"",2026-07-18 15:11:44,2026-07-18 15:12:24
5997,"www.mascapre.com","DigiCert Wyvern2026h2","Coming Soon",screenshot,0,"",2026-07-18 15:11:44,2026-07-18 15:12:18
5996,"mta-sts.aleph-alpha-research.com","DigiCert Wyvern2026h2","",screenshot,0,"",2026-07-18 15:11:44,2026-07-18 15:12:18
5995,"webmail.rangkumnews.com","DigiCert Wyvern2026h2","Webmail Login",screenshot,1,"webmail",2026-07-18 15:11:44,2026-07-18 15:12:19
5993,"rangkumnews.com","DigiCert Wyvern2026h2","RangkumNews.com is under construction",screenshot,0,"",2026-07-18 15:11:44,2026-07-18 15:12:19
5992,"mail.rangkumnews.com","DigiCert Wyvern2026h2","RangkumNews.com is under construction",screenshot,0,"",2026-07-18 15:11:44,2026-07-18 15:12:19
5989,"cpanel.rangkumnews.com","DigiCert Wyvern2026h2","cPanel Login",screenshot,1,"cpanel",2026-07-18 15:11:44,2026-07-18 15:12:19
5988,"autodiscover.rangkumnews.com","DigiCert Wyvern2026h2","",screenshot,0,"",2026-07-18 15:11:44,2026-07-18 15:12:19
5987,"autoconfig.rangkumnews.com","DigiCert Wyvern2026h2","",screenshot,0,"",2026-07-18 15:11:44,2026-07-18 15:12:19
5985,"www.luxehallrental.com","DigiCert Wyvern2026h2","Coming Soon",screenshot,0,"",2026-07-18 15:11:44,2026-07-18 15:12:12
5984,"www.hobbiesandsuch.com","DigiCert Wyvern2026h2","Coming Soon",screenshot,0,"",2026-07-18 15:11:44,2026-07-18 15:12:12
5983,"www.gregorywilliamsspeaks.com","DigiCert Wyvern2026h2","Gregory Williams Speaks",screenshot,0,"",2026-07-18 15:11:44,2026-07-18 15:12:13
5982,"virtualtourcompleto.metaltech.net","DigiCert Wyvern2026h2","Metaltech Srl",screenshot,0,"",2026-07-18 15:11:44,2026-07-18 15:12:12
5981,"www.laraseiferd.net","DigiCert Wyvern2026h2","Coming Soon",screenshot,0,"",2026-07-18 15:11:44,2026-07-18 15:12:12
5979,"inst.datanetworkboost.com","DigiCert Wyvern2026h2","",screenshot,0,"",2026-07-18 15:11:44,2026-07-18 15:12:12
5978,"landings.infos.fcversoud.fr","DigiCert Wyvern2026h2","Signaler un abus email | Postmaster Sarbacane",screenshot,0,"",2026-07-18 15:11:44,2026-07-18 15:12:12
5977,"infos.fcversoud.fr","DigiCert Wyvern2026h2","Signaler un abus email | Postmaster Sarbacane",screenshot,0,"",2026-07-18 15:11:44,2026-07-18 15:12:12
5976,"img.infos.fcversoud.fr","DigiCert Wyvern2026h2","Sarbacane Software",screenshot,0,"",2026-07-18 15:11:44,2026-07-18 15:12:12
5975,"forms.infos.fcversoud.fr","DigiCert Wyvern2026h2","Signaler un abus email | Postmaster Sarbacane",screenshot,0,"",2026-07-18 15:11:44,2026-07-18 15:12:12
5973,"integration.i-04891dbc795844245.prd.workdaysuv.com","DigiCert Wyvern2026h2","",screenshot,0,"",2026-07-18 15:11:44,2026-07-18 15:12:06
5972,"lowlands-tola-vida.com","DigiCert Wyvern2026h2","DNS points to prohibited IP | lowlands-tola-vida.com | Cloudflare",screenshot,1,"login",2026-07-18 15:11:44,2026-07-18 15:12:06
5971,"www.barnabas.com.au","DigiCert Wyvern2026h2","Squarespace - Website Expired",screenshot,1,"login",2026-07-18 15:11:44,2026-07-18 15:12:06
5970,"kind.reneebuice.com","DigiCert Wyvern2026h2","Kind Diners Society - Save 20% at South Florida Restaurants",screenshot,1,"it works",2026-07-18 15:11:43,2026-07-18 15:12:08
5969,"x2xoxkd6xnpelyt3zwiewd0pbsvrnvoh.ph","DigiCert Wyvern2026h2","Redirecting...",screenshot,0,"",2026-07-18 15:11:43,2026-07-18 15:12:06
5968,"wethebrand.co","DigiCert Wyvern2026h2","Squarespace - Website Expired",screenshot,1,"login",2026-07-18 15:11:43,2026-07-18 15:12:06
5967,"kitepharmaceuticals.steeprockinc.com","DigiCert Wyvern2026h2","Kite Customer Insights & KOL Portal",screenshot,1,"sign in",2026-07-18 15:11:43,2026-07-18 15:12:07
5966,"www.georgebathrooms.com","DigiCert Wyvern2026h2","George Bathrooms - Luxury Bathroom Renovations in Warwickshire & The Midlands",screenshot,0,"",2026-07-18 15:11:43,2026-07-18 15:12:07
5965,"www.lgupdate.update.876543210543210321076update.status.en.37-27-88-135.nip.io","DigiCert Wyvern2026h2","Jordan's Math Work - V7",screenshot,0,"",2026-07-18 15:11:43,2026-07-18 15:12:10
5964,"www.comfimationtech.com","DigiCert Wyvern2026h2","Coming Soon",screenshot,0,"",2026-07-18 15:11:43,2026-07-18 15:12:06
5963,"youkma.ir","DigiCert Wyvern2026h2","ابزار آلات یوکام",screenshot,0,"",2026-07-18 15:11:43,2026-07-18 15:12:11
5961,"www.3www.wwwproduction-argo.144-76-43-236.plesk.page","Google Argon2026h2","",screenshot,0,"",2026-07-18 15:11:41,2026-07-18 15:12:00
5956,"falkwingroup.ca","Google Argon2026h2","Home - Falkwin Group",screenshot,0,"",2026-07-18 15:11:41,2026-07-18 15:12:06
5955,"terraqastro.info","Google Argon2026h2","terraqastro.info | 502: Bad gateway",screenshot,0,"",2026-07-18 15:11:41,2026-07-18 15:12:01
5953,"marksetbot.it","Google Argon2026h2","Home - MarkSetBot",screenshot,0,"",2026-07-18 15:11:41,2026-07-18 15:12:05
5951,"ukkostutka.jonisutinen.fi","Google Argon2026h2","Ukkostutka",screenshot,0,"",2026-07-18 15:11:41,2026-07-18 15:12:00
5946,"sex-photos.de","Google Argon2026h2","sex-photos.de - Passionate, Sensual, Erotic, Intimate, Provocative, Seductive, Sex Photos",screenshot,0,"",2026-07-18 15:11:41,2026-07-18 15:11:54
5944,"www.myfuelsite.net","Google Argon2027h1","",screenshot,0,"",2026-07-18 15:11:41,2026-07-18 15:11:54
5943,"www.hism.org","Google Argon2027h1","",screenshot,0,"",2026-07-18 15:11:41,2026-07-18 15:11:54
5942,"www.armoreddisciple.store","Google Argon2027h1","",screenshot,0,"",2026-07-18 15:11:41,2026-07-18 15:11:54
5941,"www.paddlebroads.com","Google Argon2027h1","",screenshot,0,"",2026-07-18 15:11:41,2026-07-18 15:11:55
5940,"www.stantoneyecare.net","Google Argon2027h1","",screenshot,0,"",2026-07-18 15:11:41,2026-07-18 15:11:54
5939,"losangeleswalktocureals.org","Google Argon2027h1","2026 Los Angeles Walk & Roll to Cure ALS - ALS Network",screenshot,1,"login",2026-07-18 15:11:41,2026-07-18 15:11:56
5937,"xn--stevcmaddn-8nb.ph","Google Xenon2026h2","Redirecting...",screenshot,0,"",2026-07-18 15:11:41,2026-07-18 15:11:48
5935,"www.getmovierecs.com","Google Xenon2026h2","Coming Soon",screenshot,0,"",2026-07-18 15:11:41,2026-07-18 15:11:48
5931,"www.freedom.republican","Google Xenon2026h2","Coming Soon",screenshot,0,"",2026-07-18 15:11:41,2026-07-18 15:11:48
5930,"www.englishrealtyone.com","Google Xenon2026h2","Coming Soon",screenshot,0,"",2026-07-18 15:11:41,2026-07-18 15:11:48
5929,"www.lalira.net","Google Xenon2026h2","Coming Soon",screenshot,0,"",2026-07-18 15:11:41,2026-07-18 15:11:48
5928,"music.evolvingsound.com","Google Xenon2026h2","Evolving Sound",screenshot,0,"",2026-07-18 15:11:41,2026-07-18 15:11:49
5927,"www.zhenpinganghk.com","Google Xenon2026h2","Coming Soon",screenshot,0,"",2026-07-18 15:11:41,2026-07-18 15:11:48
5925,"daddygreenspizza.com","Google Xenon2026h2","Squarespace - Website Expired",screenshot,1,"login",2026-07-18 15:11:41,2026-07-18 15:11:42
5924,"neu2024.embags.com","Google Xenon2026h2","Embags Aluminiumkoffer | Individuell B2B | Spezialkoffer",screenshot,0,"",2026-07-18 15:11:41,2026-07-18 15:11:47
5923,"balldroping.site","Google Xenon2026h2","Marbelicious: Misket Oyunu",screenshot,0,"",2026-07-18 15:11:41,2026-07-18 15:11:42
5922,"brottbyrelaxohalsase.brottbyrelaxhalsa.se","Google Xenon2026h2","404 Not Found",screenshot,1,"powered by",2026-07-18 15:11:41,2026-07-18 15:11:42
5921,"brottbyrelaxohalsa.se","Google Xenon2026h2","Brottby Relax & Hälsa - Din massageterapeut i Brottby",screenshot,0,"",2026-07-18 15:11:41,2026-07-18 15:11:44
5920,"www.sugidama-sake.com","Google Xenon2026h2","Coming Soon",screenshot,0,"",2026-07-18 15:11:41,2026-07-18 15:11:42
5919,"505lancaster.com","Google Xenon2026h2","Squarespace - Website Expired",screenshot,1,"login",2026-07-18 15:11:41,2026-07-18 15:11:42
5917,"kube.billv.ca","Google Xenon2026h2","authentik",screenshot,1,"powered by",2026-07-18 15:11:41,2026-07-18 15:11:46
5916,"reneautackle.com","Google Xenon2026h2","",screenshot,0,"",2026-07-18 15:11:41,2026-07-18 15:11:43
5914,"www.nutmegparty.com","Google Xenon2026h2","Coming Soon",screenshot,0,"",2026-07-18 15:11:41,2026-07-18 15:11:41
5913,"trkv3.honorprovidersgastro.com","DigiCert Wyvern2026h2","",screenshot,0,"",2026-07-18 15:10:42,2026-07-18 15:11:30
5911,"prestongroup.com","DigiCert Wyvern2026h2","Preston Group — Smart Entity | PrestonGroup.com",screenshot,1,"powered by",2026-07-18 15:10:42,2026-07-18 15:11:30
5910,"www.pacetarrytown.com","DigiCert Wyvern2026h2","Coming Soon",screenshot,0,"",2026-07-18 15:10:42,2026-07-18 15:11:30
5909,"www.kartil.com","DigiCert Wyvern2026h2","Coming Soon",screenshot,0,"",2026-07-18 15:10:42,2026-07-18 15:11:30
5908,"littlerockpartybuscompany.com","DigiCert Wyvern2026h2","Party Bus Rentals Little Rock, Arkansas | Get Online Quotes",screenshot,1,"it works",2026-07-18 15:10:42,2026-07-18 15:11:30
5907,"uiuxdesignresources.com","DigiCert Wyvern2026h2","Coming Soon",screenshot,0,"",2026-07-18 15:10:42,2026-07-18 15:11:30
5906,"www.epicendeavorstravel.net","DigiCert Wyvern2026h2","Coming Soon",screenshot,0,"",2026-07-18 15:10:42,2026-07-18 15:11:30
5904,"www.amorandcoquito.org","DigiCert Wyvern2026h2","Coming Soon",screenshot,0,"",2026-07-18 15:10:42,2026-07-18 15:11:24
5903,"tokenature.com","DigiCert Wyvern2026h2","Coming Soon",screenshot,0,"",2026-07-18 15:10:42,2026-07-18 15:11:24
5902,"website-d19b9fbe.pie.cbz.mybluehost.me","DigiCert Wyvern2026h2","Shapukeni Investment CC",screenshot,0,"",2026-07-18 15:10:42,2026-07-18 15:11:24
5901,"space-targeting.net","DigiCert Wyvern2026h2","Coming Soon",screenshot,0,"",2026-07-18 15:10:42,2026-07-18 15:11:24
5900,"triicannabis.com","Google Argon2027h1","",screenshot,0,"",2026-07-18 15:10:41,2026-07-18 15:11:24
5899,"www.aliofnc.com","Google Argon2027h1","Home | Advanced Landscape & Irrigation",screenshot,0,"",2026-07-18 15:10:41,2026-07-18 15:11:25
5898,"www.oceanight.shop","Google Argon2027h1","",screenshot,0,"",2026-07-18 15:10:41,2026-07-18 15:11:24
5896,"www.bronxsurveyor.com","Google Argon2026h2","bronxsurveyor.com is registered at Namecheap",screenshot,0,"",2026-07-18 15:10:41,2026-07-18 15:11:25
5895,"ncy.dev","Google Argon2026h2","Naveen Yellamaddi - ERP & Integration Architect",screenshot,1,"it works",2026-07-18 15:10:41,2026-07-18 15:11:24
5894,"panel.degliuomini.com.ar","Google Argon2026h2","Panel de Control",screenshot,0,"",2026-07-18 15:10:41,2026-07-18 15:11:29
5892,"www-142655446.eu1.prod.hubspot-at-test.com","Google Argon2026h2","Not Found",screenshot,0,"",2026-07-18 15:10:41,2026-07-18 15:11:18
5890,"www.lotw.hockey","Google Argon2026h2","Page not found - SportsEngine Play",screenshot,1,"sign in",2026-07-18 15:10:41,2026-07-18 15:11:19
5889,"z3npaulnguyen-it.zendesk.com","Google Argon2026h2","Sign in to Zendesk",screenshot,1,"sign in",2026-07-18 15:10:41,2026-07-18 15:11:19
5888,"laliracoffee.com","Google Argon2026h2","Coming Soon",screenshot,0,"",2026-07-18 15:10:41,2026-07-18 15:11:18
5887,"www.petivo.us","Google Argon2026h2","Negozio non disponibile",screenshot,0,"",2026-07-18 15:10:41,2026-07-18 15:11:18
5886,"www.keskinmonarchx.com","Google Argon2026h2","Coming Soon",screenshot,0,"",2026-07-18 15:10:41,2026-07-18 15:11:18
5885,"885050h.com","Google Argon2026h2","Redirecting...",screenshot,0,"",2026-07-18 15:10:41,2026-07-18 15:11:18
5884,"webmail.bigbensfreight.com","Google Argon2026h2","Webmail Login",screenshot,1,"webmail",2026-07-18 15:10:41,2026-07-18 15:11:19
5882,"mail.bigbensfreight.com","Google Argon2026h2","",screenshot,0,"",2026-07-18 15:10:41,2026-07-18 15:11:18
5880,"cpcalendars.bigbensfreight.com","Google Argon2026h2","503 Service Unavailable",screenshot,0,"",2026-07-18 15:10:41,2026-07-18 15:11:12
5879,"cpanel.bigbensfreight.com","Google Argon2026h2","cPanel Login",screenshot,1,"cpanel",2026-07-18 15:10:41,2026-07-18 15:11:13
5878,"bigbensfreight.com","Google Argon2026h2","",screenshot,0,"",2026-07-18 15:10:41,2026-07-18 15:11:12
5877,"autodiscover.bigbensfreight.com","Google Argon2026h2","",screenshot,0,"",2026-07-18 15:10:41,2026-07-18 15:11:12
5876,"www.filgummy.shop","Google Argon2026h2","",screenshot,0,"",2026-07-18 15:10:41,2026-07-18 15:11:12
5875,"dfwmedsurgcenter.com","Google Argon2026h2","Coming Soon",screenshot,0,"",2026-07-18 15:10:41,2026-07-18 15:11:12
5874,"www.www.www.stats.tanyajeevankaushiknidhi.com","Google Argon2026h2","",screenshot,0,"",2026-07-18 15:10:41,2026-07-18 15:11:12
5872,"git.git.gitlab.git.git.mail8.52dfg.cn","Google Xenon2026h2","",screenshot,0,"",2026-07-18 15:10:41,2026-07-18 15:11:12
5871,"elta.vn","Google Xenon2026h2","Ventilation in Vietnam | Our Distributors | Elta Asia",screenshot,0,"",2026-07-18 15:10:41,2026-07-18 15:11:13
5870,"www.easymoneymoves.com","Google Xenon2026h2","Coming Soon",screenshot,0,"",2026-07-18 15:10:41,2026-07-18 15:11:12
5868,"cafefemenino.com.pe","Google Xenon2026h2","Café Femenino | Tienda Online de Café Orgánico",screenshot,0,"",2026-07-18 15:10:41,2026-07-18 15:11:11
5867,"facturacion.fitosana.com.ve","Google Xenon2026h2","Index of /",screenshot,0,"",2026-07-18 15:10:41,2026-07-18 15:11:06
5866,"xn--stevadden-jib2623f.ph","Google Xenon2026h2","Redirecting...",screenshot,0,"",2026-07-18 15:10:41,2026-07-18 15:11:06
5865,"cadefi-fiscal.com","Google Xenon2026h2","Próximamente",screenshot,0,"",2026-07-18 15:10:41,2026-07-18 15:11:06
5864,"ancopp.com","Google Xenon2026h2","Coming Soon",screenshot,0,"",2026-07-18 15:10:41,2026-07-18 15:11:06
5863,"gym-repairs.co.uk","Google Xenon2026h2","Fitness Equipment - REJB Sports Services",screenshot,0,"",2026-07-18 15:10:41,2026-07-18 15:11:06
5862,"www.cy-fight.com","Google Xenon2026h2","Coming Soon",screenshot,0,"",2026-07-18 15:10:41,2026-07-18 15:11:06
5861,"www.labpass.info","Google Xenon2026h2","Coming Soon",screenshot,0,"",2026-07-18 15:10:41,2026-07-18 15:11:06
5860,"145.jp","Google Xenon2026h2","使い方｜AkaDako教材集",screenshot,0,"",2026-07-18 15:10:41,2026-07-18 15:11:09
5856,"www.williamspoolco.com","Google Xenon2026h2","Swimming Pool Service",screenshot,1,"login",2026-07-18 15:10:41,2026-07-18 15:11:01
5855,"www.rmh-newyork.org","Google Xenon2026h2","Error 403 Forbidden",screenshot,0,"",2026-07-18 15:10:41,2026-07-18 15:11:00
5854,"z3nab-c3c3df-dcbfd92e3a049e0e560547c71d8a8b9bb1b771.zendesk.com","DigiCert Wyvern2026h2","Se connecter à z3nab-c3c3df-dcbfd92e3a049e0e560547c71d8a8b9bb1b771",screenshot,0,"",2026-07-18 15:09:43,2026-07-18 15:11:03
5853,"phasmongus.com","DigiCert Wyvern2026h2","Phasmong Us",screenshot,0,"",2026-07-18 15:09:43,2026-07-18 15:11:01
5852,"gacapulco.net","DigiCert Wyvern2026h2","Coming Soon",screenshot,0,"",2026-07-18 15:09:43,2026-07-18 15:11:00
5851,"cyberfirebird.pages.dev","DigiCert Wyvern2026h2","CYBER FIREBIRD | Kart Track Safety System",screenshot,0,"",2026-07-18 15:09:43,2026-07-18 15:11:00
5850,"xx.sursen.top","DigiCert Wyvern2026h2","400 Bad Request",screenshot,1,"nginx",2026-07-18 15:09:43,2026-07-18 15:11:00
5849,"ondocybersecurity.com","DigiCert Wyvern2026h2","Coming Soon",screenshot,0,"",2026-07-18 15:09:43,2026-07-18 15:11:00
5848,"eb47f125-7a07-41fe-8938-8f98b0e40ff7.integration-tapp.plus","DigiCert Wyvern2026h2","Sign in ・ Cloudflare Access",screenshot,1,"log in",2026-07-18 15:09:43,2026-07-18 15:11:00
5846,"mail.gyroscopegaming.com","DigiCert Wyvern2026h2","Poczta :: Welcome to Poczta",screenshot,1,"login",2026-07-18 15:09:43,2026-07-18 15:11:00
5844,"atuin.nik-avg.org","DigiCert Wyvern2026h2","",screenshot,0,"",2026-07-18 15:09:43,2026-07-18 15:10:54
5843,"ntableplus.ph","DigiCert Wyvern2026h2","Redirecting...",screenshot,0,"",2026-07-18 15:09:43,2026-07-18 15:10:54
5842,"mybltnews.one","DigiCert Wyvern2026h2","Coming Soon",screenshot,0,"",2026-07-18 15:09:43,2026-07-18 15:10:54
5841,"laytonium.com","DigiCert Wyvern2026h2","Laytonium",screenshot,0,"",2026-07-18 15:09:43,2026-07-18 15:10:54
5840,"silverscissorsbarber.com","DigiCert Wyvern2026h2","Coming Soon",screenshot,0,"",2026-07-18 15:09:43,2026-07-18 15:10:54
5839,"www.romeovincenzomaria.it","DigiCert Wyvern2026h2","www.romeovincenzomaria.it",screenshot,0,"",2026-07-18 15:09:43,2026-07-18 15:10:54
5838,"cumbrialawcentre.ph","DigiCert Wyvern2026h2","Redirecting...",screenshot,0,"",2026-07-18 15:09:43,2026-07-18 15:10:54
5837,"8ec2b76949828a9a4ff8da64.keenetic.io","DigiCert Wyvern2026h2","403 Forbidden",screenshot,0,"",2026-07-18 15:09:43,2026-07-18 15:10:54
5836,"virtual-drone.com","DigiCert Wyvern2026h2","Virtual Drone by Drone Digital",screenshot,1,"it works",2026-07-18 15:09:43,2026-07-18 15:10:54
5835,"blobitory.i-04891dbc795844245.prd.workdaysuv.com","DigiCert Wyvern2026h2","",screenshot,0,"",2026-07-18 15:09:43,2026-07-18 15:10:54
5834,"music.producerstoolbox.com","DigiCert Wyvern2026h2","Producer's Toolbox",screenshot,0,"",2026-07-18 15:09:43,2026-07-18 15:10:55
5832,"gadtaura.gob.ec","DigiCert Wyvern2026h2","GAD | TAURA |",screenshot,1,"webmail",2026-07-18 15:09:43,2026-07-18 15:10:49
5831,"offvglochf10whm.4020nctieupdate.admin.35.202.82.212.sslip.io","DigiCert Wyvern2026h2","Not Found",screenshot,0,"",2026-07-18 15:09:43,2026-07-18 15:10:48
5830,"haunted701.com","DigiCert Wyvern2026h2","Coming Soon",screenshot,0,"",2026-07-18 15:09:43,2026-07-18 15:10:48
5828,"rillist.com","DigiCert Wyvern2026h2","Coming Soon",screenshot,0,"",2026-07-18 15:09:43,2026-07-18 15:10:48
5827,"www.clinicalinformatics.dev","DigiCert Wyvern2026h2","Coming Soon",screenshot,0,"",2026-07-18 15:09:43,2026-07-18 15:10:48
5826,"dasc-global.com","DigiCert Wyvern2026h2","Parked Domain name on Hostinger DNS system",screenshot,0,"",2026-07-18 15:09:43,2026-07-18 15:10:48
5825,"loyal9.org","DigiCert Wyvern2026h2","Coming Soon",screenshot,0,"",2026-07-18 15:09:43,2026-07-18 15:10:48
5824,"stretch-robot.com","DigiCert Wyvern2026h2","Coming Soon",screenshot,0,"",2026-07-18 15:09:43,2026-07-18 15:10:48
5823,"bigcoin88login.club","DigiCert Wyvern2026h2","bigcoin88 login - Live Casino Indonesia, weekly reload bonus credit",screenshot,1,"login",2026-07-18 15:09:43,2026-07-18 15:10:48
5822,"chrisehammond.com","DigiCert Wyvern2026h2","chrisehammond.com - Connect With Chris",screenshot,0,"",2026-07-18 15:09:43,2026-07-18 15:10:49
5820,"ahacreator-studio.studio","DigiCert Wyvern2026h2","AhaCreator | The world's #1 AI-native influencer marketing platform with 120k+ active creators",screenshot,1,"log in",2026-07-18 15:09:43,2026-07-18 15:10:42
5819,"canela.life","DigiCert Wyvern2026h2","Parked Domain name on Hostinger DNS system",screenshot,0,"",2026-07-18 15:09:43,2026-07-18 15:10:42
5818,"website-12dc5bdd.gas.pme.mybluehost.me","DigiCert Wyvern2026h2","",screenshot,0,"",2026-07-18 15:09:43,2026-07-18 15:10:42
5817,"natureofseattle.com","DigiCert Wyvern2026h2","Coming Soon",screenshot,0,"",2026-07-18 15:09:43,2026-07-18 15:10:42
5815,"www.grandmacharleys.com","DigiCert Wyvern2026h2","Coming Soon",screenshot,0,"",2026-07-18 15:09:43,2026-07-18 15:10:42
5814,"valuebuyingpoint.shop","DigiCert Wyvern2026h2","Blog",screenshot,0,"",2026-07-18 15:09:43,2026-07-18 15:10:42
5813,"www.rw-schluesseldienst.com","DigiCert Wyvern2026h2","RW Schlüsseldienst Berlin | Pankow & Prenzlauer Berg | 24h Notdienst",screenshot,0,"",2026-07-18 15:09:43,2026-07-18 15:10:43
5812,"www.afaithundersiege.com","DigiCert Wyvern2026h2","A Faith Under Siege",screenshot,0,"",2026-07-18 15:09:43,2026-07-18 15:10:44
5811,"aspiradoras10.top","DigiCert Wyvern2026h2","WordPress › Error",screenshot,0,"",2026-07-18 15:09:43,2026-07-18 15:10:42
5810,"www.korean-glam.tn","DigiCert Wyvern2026h2","Korean Skincare Tunisia | Authentic K-Beauty | Korean Glam By Ameni",screenshot,1,"login",2026-07-18 15:09:43,2026-07-18 15:10:42
5808,"www.prepara.mx","DigiCert Wyvern2026h2","prepara.mx",screenshot,0,"",2026-07-18 15:09:43,2026-07-18 15:10:36
5807,"manpro.club","DigiCert Wyvern2026h2","Coming Soon",screenshot,0,"",2026-07-18 15:09:43,2026-07-18 15:10:36
5806,"bible.voyage","DigiCert Wyvern2026h2","Bible Voyage",screenshot,0,"",2026-07-18 15:09:43,2026-07-18 15:10:37
5805,"digital-brochure.pages.dev","DigiCert Wyvern2026h2","חוברת דיגיטלית",screenshot,0,"",2026-07-18 15:09:43,2026-07-18 15:10:36
5803,"hamptonssocialclub.com","DigiCert Wyvern2026h2","Coming Soon",screenshot,0,"",2026-07-18 15:09:43,2026-07-18 15:10:36
5802,"www.scholarship.technique-baroda.com","DigiCert Wyvern2026h2","404 Not Found",screenshot,1,"powered by",2026-07-18 15:09:43,2026-07-18 15:10:38
5800,"xlz.mailrez.com","DigiCert Wyvern2026h2","",screenshot,0,"",2026-07-18 15:09:43,2026-07-18 15:10:35
5799,"groupdynamics.com","DigiCert Wyvern2026h2","Philadelphia Focus Groups & Qualitative Research | Group Dynamics",screenshot,0,"",2026-07-18 15:09:43,2026-07-18 15:10:37
5798,"daniel-designs.com","DigiCert Wyvern2026h2","Squarespace - Website Expired",screenshot,1,"login",2026-07-18 15:09:43,2026-07-18 15:10:36
5796,"www.www.www.www.www.www.notexistssend.digitalocean.bocah.team","DigiCert Wyvern2026h2","",screenshot,0,"",2026-07-18 15:09:43,2026-07-18 15:10:29
5795,"wincantonsurveyors.co.uk","DigiCert Wyvern2026h2","Wincanton Surveyors - Surveyors for property surveys",screenshot,0,"",2026-07-18 15:09:43,2026-07-18 15:10:31
5794,"mail.wincantonsurveyors.co.uk","DigiCert Wyvern2026h2","Index of /",screenshot,0,"",2026-07-18 15:09:43,2026-07-18 15:10:29
5792,"kiribex.net","DigiCert Wyvern2026h2","Coming Soon",screenshot,0,"",2026-07-18 15:09:43,2026-07-18 15:10:30
5791,"despachosolano.com","DigiCert Wyvern2026h2","Próximamente",screenshot,1,"webmail",2026-07-18 15:09:43,2026-07-18 15:10:30
5790,"r1de.in","DigiCert Wyvern2026h2","HOME -",screenshot,0,"",2026-07-18 15:09:43,2026-07-18 15:10:33
5789,"twitter.0000.contact","DigiCert Wyvern2026h2","00˸00 (@0000EST) / X",screenshot,0,"",2026-07-18 15:09:43,2026-07-18 15:10:34
5788,"xywm.ngo.ph","DigiCert Wyvern2026h2","Redirecting...",screenshot,0,"",2026-07-18 15:09:43,2026-07-18 15:10:30
5787,"dansdeepdives.com","DigiCert Wyvern2026h2","Squarespace - Website Expired",screenshot,1,"login",2026-07-18 15:09:43,2026-07-18 15:10:30
5786,"www.longevuzuberaba.com.br","DigiCert Wyvern2026h2","Longevuz Uberaba — Condição Exclusiva de Inauguração",screenshot,0,"",2026-07-18 15:09:43,2026-07-18 15:10:31
5784,"propertyjefe.com","DigiCert Wyvern2026h2","Coming Soon",screenshot,0,"",2026-07-18 15:09:43,2026-07-18 15:10:24
5783,"westernproducts.us","DigiCert Wyvern2026h2","Parked Domain name on Hostinger DNS system",screenshot,0,"",2026-07-18 15:09:43,2026-07-18 15:10:24
5782,"kodamistudio.com","DigiCert Wyvern2026h2","Próximamente",screenshot,0,"",2026-07-18 15:09:43,2026-07-18 15:10:24
5781,"www.paapyslove.fr","DigiCert Wyvern2026h2","Just a moment...",screenshot,0,"",2026-07-18 15:09:43,2026-07-18 15:10:24
5780,"www.incidentanalytix.llc","DigiCert Wyvern2026h2","Coming Soon",screenshot,0,"",2026-07-18 15:09:43,2026-07-18 15:10:24
5779,"www.litigiifaliment.md","DigiCert Wyvern2026h2","Domain has been assigned.",screenshot,0,"",2026-07-18 15:09:43,2026-07-18 15:10:24
5778,"gerbilhealingspa.com","DigiCert Wyvern2026h2","Coming Soon",screenshot,0,"",2026-07-18 15:09:43,2026-07-18 15:10:24
5777,"elusivecharities.com","DigiCert Wyvern2026h2","Coming Soon",screenshot,0,"",2026-07-18 15:09:43,2026-07-18 15:10:24
5776,"juneteenthcorporatepartnerships.com","DigiCert Wyvern2026h2","Coming Soon",screenshot,0,"",2026-07-18 15:09:43,2026-07-18 15:10:24
5775,"mitre.coffee","DigiCert Wyvern2026h2","Mitre House",screenshot,0,"",2026-07-18 15:09:43,2026-07-18 15:10:25
5774,"maindset.sk","DigiCert Wyvern2026h2","403 Forbidden",screenshot,0,"",2026-07-18 15:09:43,2026-07-18 15:10:24
5771,"flpt.clothing","DigiCert Wyvern2026h2","Sign in ・ Cloudflare Access",screenshot,1,"log in",2026-07-18 15:09:43,2026-07-18 15:10:18
5770,"fireflycounselingservices.net","DigiCert Wyvern2026h2","Firefly Counseling Services",screenshot,0,"",2026-07-18 15:09:43,2026-07-18 15:10:19
5769,"sagaprompts.in","DigiCert Wyvern2026h2","Parked Domain name on Hostinger DNS system",screenshot,0,"",2026-07-18 15:09:43,2026-07-18 15:10:18
5766,"www.cubanmovements.com","DigiCert Wyvern2026h2","CUBAN MOVEMENTS",screenshot,1,"powered by",2026-07-18 15:09:43,2026-07-18 15:10:19
5765,"qualifiedleadpodcast.com","DigiCert Wyvern2026h2","Coming Soon",screenshot,0,"",2026-07-18 15:09:43,2026-07-18 15:10:18
5764,"cms.ttime.be","DigiCert Wyvern2026h2","Administration - login",screenshot,1,"login",2026-07-18 15:09:43,2026-07-18 15:10:18
5762,"smoke-brand-1784386999576.zendesk.com","DigiCert Wyvern2026h2","Just a moment...",screenshot,0,"",2026-07-18 15:09:43,2026-07-18 15:10:18
5760,"www.bambamtax.com","DigiCert Wyvern2026h2","Coming Soon",screenshot,0,"",2026-07-18 15:09:43,2026-07-18 15:10:12
5759,"skyhookahdistribution.com","DigiCert Wyvern2026h2","SkyHookah Distribution - Hookah, shisha, accessories",screenshot,0,"",2026-07-18 15:09:43,2026-07-18 15:10:12
5758,"www-861348934.30.qa.hubspot-at-test.com","DigiCert Wyvern2026h2","Not Found",screenshot,0,"",2026-07-18 15:09:43,2026-07-18 15:10:11
5756,"sociosdetoros.com","DigiCert Wyvern2026h2","Próximamente",screenshot,0,"",2026-07-18 15:09:43,2026-07-18 15:10:12
5755,"threadsby3.com","DigiCert Wyvern2026h2","Threads by 3",screenshot,1,"powered by",2026-07-18 15:09:43,2026-07-18 15:10:13
5751,"www.blocalgeorgia.org","DigiCert Wyvern2026h2","Coming Soon",screenshot,0,"",2026-07-18 15:09:43,2026-07-18 15:10:11
5750,"awafi.etqantco.com","DigiCert Wyvern2026h2","Login",screenshot,1,"powered by",2026-07-18 15:09:43,2026-07-18 15:10:12
5748,"jpmt-uxtfl7o8ju.com","Google Argon2027h1","",screenshot,0,"",2026-07-18 15:09:41,2026-07-18 15:10:09
5747,"alfaromeoweek.com","Google Argon2027h1","",screenshot,0,"",2026-07-18 15:09:41,2026-07-18 15:10:06
5746,"www.metrodetroitmover.com","Google Argon2027h1","",screenshot,0,"",2026-07-18 15:09:41,2026-07-18 15:10:06
5745,"hawaiiwalkandrolltocureals.org","Google Argon2027h1","2026 Hawaii Walk & Roll to Cure ALS - ALS Network",screenshot,1,"login",2026-07-18 15:09:41,2026-07-18 15:10:07
5744,"www.alsgwcsplash.org","Google Argon2027h1","Executive Splash",screenshot,0,"",2026-07-18 15:09:41,2026-07-18 15:10:07
5743,"www.eventticketwarehouse.com","Google Argon2027h1","Access Denied",screenshot,0,"",2026-07-18 15:09:41,2026-07-18 15:10:06
5742,"www.myfriendflow.com","Google Argon2027h1","",screenshot,0,"",2026-07-18 15:09:41,2026-07-18 15:10:06
5741,"admin.vertelier.com","Google Argon2026h2","Vertelier Admin",screenshot,1,"login",2026-07-18 15:09:41,2026-07-18 15:10:06
5740,"bijouboost.com","Google Argon2026h2","Coming Soon",screenshot,0,"",2026-07-18 15:09:41,2026-07-18 15:10:05
5736,"sgkitmtv.de","Google Argon2026h2","",screenshot,0,"",2026-07-18 15:09:41,2026-07-18 15:09:59
5735,"algo.restaurant","Google Argon2026h2","Coming Soon",screenshot,0,"",2026-07-18 15:09:41,2026-07-18 15:09:59
5734,"data.golawyerline.com","Google Argon2026h2","",screenshot,0,"",2026-07-18 15:09:41,2026-07-18 15:09:59
5731,"xn--steueadden-jw9d.ph","Google Argon2026h2","Redirecting...",screenshot,0,"",2026-07-18 15:09:41,2026-07-18 15:10:00
5730,"wms.innotronix.in","Google Argon2026h2","Error",screenshot,0,"",2026-07-18 15:09:41,2026-07-18 15:10:00
5729,"nataleeartiste.com","Google Argon2026h2","À propos | nataleeartiste.com",screenshot,0,"",2026-07-18 15:09:41,2026-07-18 15:10:00
5728,"www.gjihgfednotexistszutwrqponn0ljj0hfedcbihgfedcbmvd.9876143fvzly6t7qvtgorcl.elgrecco-delbrueck.pageloft.de","Google Argon2026h2","Pageloft — Productized websites for local businesses",screenshot,0,"",2026-07-18 15:09:41,2026-07-18 15:09:59
5727,"dirtyturtlelabs.com","Google Argon2026h2","Coming Soon",screenshot,0,"",2026-07-18 15:09:41,2026-07-18 15:10:00
5726,"test.topdropmarket.campudus.com","Google Argon2026h2","",screenshot,0,"",2026-07-18 15:09:41,2026-07-18 15:09:59
5724,"freewillfence.com","Google Xenon2026h2","Home - Free Will Fence",screenshot,0,"",2026-07-18 15:09:41,2026-07-18 15:09:59
5723,"www.flaviolages.com.br","Google Xenon2026h2","Flávio Lages | Assistente Técnico Autorizado Roland DG - Sul do Brasil",screenshot,0,"",2026-07-18 15:09:41,2026-07-18 15:09:54
5722,"www.maeirtrinkets.com","Google Xenon2026h2","Maéir Trinkets | Premium Jewelry",screenshot,0,"",2026-07-18 15:09:41,2026-07-18 15:09:54
5720,"tessakampen.com","Google Xenon2026h2","Tessa Kampen | It's time to become who you were created to be.",screenshot,0,"",2026-07-18 15:09:41,2026-07-18 15:09:55
5719,"empresasdeinteligenciaartificialhuelva.com","Google Xenon2026h2","Transporte de Mercancías España [desde 49€]: ¡Cotiza Fácil!",screenshot,0,"",2026-07-18 15:09:41,2026-07-18 15:09:55
5718,"fullscalefab.com","Google Xenon2026h2","ConnectYourDomain Error | Wix.com",screenshot,0,"",2026-07-18 15:09:41,2026-07-18 15:09:54
5717,"vwww.utsvutsupdate.gfaupdate.yupdate.utorutsnipkjetsnmlkjihcbawonderlandvape.comwwwcomcomwww2.h2862589.stratoserver.net","Google Xenon2026h2","Mattermost",screenshot,0,"",2026-07-18 15:09:41,2026-07-18 15:09:53
5714,"landings.actu-client-normea.isilog.fr","Google Xenon2026h2","Signaler un abus email | Postmaster Sarbacane",screenshot,0,"",2026-07-18 15:09:41,2026-07-18 15:09:54
5712,"forms.actu-client-normea.isilog.fr","Google Xenon2026h2","Signaler un abus email | Postmaster Sarbacane",screenshot,0,"",2026-07-18 15:09:41,2026-07-18 15:09:48
5711,"eye.actu-client-normea.isilog.fr","Google Xenon2026h2","Signaler un abus email | Postmaster Sarbacane",screenshot,0,"",2026-07-18 15:09:41,2026-07-18 15:09:47
5710,"actu-client-normea.isilog.fr","Google Xenon2026h2","Signaler un abus email | Postmaster Sarbacane",screenshot,0,"",2026-07-18 15:09:41,2026-07-18 15:09:47
5709,"692.review.vpt-backup.com","Google Xenon2026h2","",screenshot,0,"",2026-07-18 15:09:41,2026-07-18 15:09:48
5707,"www.indiaeducationawards.com","Google Xenon2026h2","indiaeducationawards.com is registered at Namecheap",screenshot,0,"",2026-07-18 15:09:41,2026-07-18 15:09:48
5705,"property.6143210cf801-2b40-412a-ad95-2a3c19cd6c22.okww17.com","Google Xenon2026h2","property.6143210cf801-2b40-412a-ad95-2a3c19cd6c22.okww17.com",screenshot,0,"",2026-07-18 15:09:41,2026-07-18 15:09:48
5703,"hgl.vc","Google Xenon2026h2","High Growth Labs AI: Business Growth Accelerator | Sales and Marketing",screenshot,0,"",2026-07-18 15:09:41,2026-07-18 15:09:51
5702,"xn--stevcmadde-dq2e.ph","Google Xenon2026h2","Redirecting...",screenshot,0,"",2026-07-18 15:09:41,2026-07-18 15:09:47
5700,"www.o-ibf.com","DigiCert Wyvern2026h2","Squarespace - Website Expired",screenshot,1,"login",2026-07-18 15:08:44,2026-07-18 15:09:05
5698,"ffsandusr0googles.ph","DigiCert Wyvern2026h2","Redirecting...",screenshot,0,"",2026-07-18 15:08:44,2026-07-18 15:08:59
5697,"www.letmegptit.com","DigiCert Wyvern2026h2","Coming Soon",screenshot,0,"",2026-07-18 15:08:44,2026-07-18 15:08:59
5696,"ldhggs.com","DigiCert Wyvern2026h2","Attention Required! | Cloudflare",screenshot,0,"",2026-07-18 15:08:44,2026-07-18 15:08:58
5695,"dashboard.ammper.q.synota-app.com","DigiCert Wyvern2026h2","Synota",screenshot,0,"",2026-07-18 15:08:44,2026-07-18 15:09:00
5694,"webmail.focustrendsystem.hu","DigiCert Wyvern2026h2","Webmail Login",screenshot,1,"webmail",2026-07-18 15:08:44,2026-07-18 15:08:59
5692,"mail.focustrendsystem.hu","DigiCert Wyvern2026h2","Index of /",screenshot,0,"",2026-07-18 15:08:44,2026-07-18 15:08:59
5691,"focustrendsystem.hu","DigiCert Wyvern2026h2","Focus Trend Creative Agency - Marketingkommunikációs ügynökség",screenshot,0,"",2026-07-18 15:08:44,2026-07-18 15:09:03
5688,"cpanel.focustrendsystem.hu","DigiCert Wyvern2026h2","cPanel Login",screenshot,1,"cpanel",2026-07-18 15:08:44,2026-07-18 15:08:59
5686,"plomeriacorregidora.net","Google Argon2027h1","",screenshot,0,"",2026-07-18 15:08:41,2026-07-18 15:08:55
5685,"trinity-improvements.com","Google Argon2027h1","",screenshot,0,"",2026-07-18 15:08:41,2026-07-18 15:08:53
5684,"www.onyxglobal.xyz","Google Argon2027h1","",screenshot,0,"",2026-07-18 15:08:41,2026-07-18 15:08:53
5683,"alsride.org","Google Argon2027h1","Endurance Events to Cure ALS | ALS Network",screenshot,0,"",2026-07-18 15:08:41,2026-07-18 15:08:58
5682,"www.combinismproposed.org","Google Argon2027h1","",screenshot,0,"",2026-07-18 15:08:41,2026-07-18 15:08:53
5681,"immakingmoves.com","Google Argon2027h1","",screenshot,0,"",2026-07-18 15:08:41,2026-07-18 15:08:53
5680,"demo.www.portal.forum.admin.shop.skyworldcommunityhi.mrqz.to","Google Argon2026h2","",screenshot,0,"",2026-07-18 15:08:41,2026-07-18 15:08:54
5678,"campconfetti.com","Google Argon2026h2","Coming Soon",screenshot,0,"",2026-07-18 15:08:41,2026-07-18 15:08:53
5677,"www.pnyuw.gdn","Google Argon2026h2","Redirecting...",screenshot,0,"",2026-07-18 15:08:41,2026-07-18 15:08:53
5674,"umbriastreaming.it","Google Argon2026h2","Home - Umbriastreaming",screenshot,0,"",2026-07-18 15:08:41,2026-07-18 15:08:52
5672,"www.brandingballoon.com","Google Argon2026h2","Coming Soon",screenshot,0,"",2026-07-18 15:08:41,2026-07-18 15:08:47
5671,"topangalocations.com","Google Argon2026h2","Topanga Locations",screenshot,0,"",2026-07-18 15:08:41,2026-07-18 15:08:47
5670,"true-leaf-live.pages.dev","Google Argon2026h2","반도체 현장 일자리",screenshot,0,"",2026-07-18 15:08:41,2026-07-18 15:08:46
5669,"kprd.workdaysuv.comwhm.tt0rpx0vtkjv0trqq0omm0kihcba880647660425476543210opensirpls.66-179-94-228.backname.io","Google Argon2026h2","ZK-Learn!",screenshot,0,"",2026-07-18 15:08:41,2026-07-18 15:08:48
5668,"mkt.sollarshopping.com.br","Google Argon2026h2","Sollar Shopping | Piscina aquecida o ano todo",screenshot,0,"",2026-07-18 15:08:41,2026-07-18 15:08:47
5667,"easyprofit.app","Google Xenon2026h2","Coming Soon",screenshot,0,"",2026-07-18 15:08:41,2026-07-18 15:08:47
5666,"www.thecountrymoose.com","Google Xenon2026h2","thecountrymoose.com is registered at Namecheap",screenshot,0,"",2026-07-18 15:08:41,2026-07-18 15:08:47
5665,"planna.db26.co.uk","Google Xenon2026h2","Planna — floor plans",screenshot,0,"",2026-07-18 15:08:41,2026-07-18 15:08:47
5663,"update.whm.p0nlt0rpwildcardprobe-1778496227807347074.go.bryanside.org.51-222-206-184.nip.io","Google Xenon2026h2","DayDream X",screenshot,0,"",2026-07-18 15:08:41,2026-07-18 15:08:45
5662,"api.admastrategy.com","Google Xenon2026h2","Error",screenshot,0,"",2026-07-18 15:08:41,2026-07-18 15:08:44
5661,"sport.newbingo37.pro","Google Xenon2026h2","404 Not Found",screenshot,1,"nginx",2026-07-18 15:08:41,2026-07-18 15:08:44
5660,"ljubereckij-rajon.vodaizkolodca.ru","Google Xenon2026h2","Копка колодцев в Люберцах и в Люберецком районе - Цена колодца под ключ от ""Империи колодцев""",screenshot,0,"",2026-07-18 15:08:41,2026-07-18 15:08:46
5659,"roouzy.com","Google Xenon2026h2","RouZy",screenshot,0,"",2026-07-18 15:08:41,2026-07-18 15:08:45
5657,"cesamalmacen.caocaz.com","Google Xenon2026h2","¡Muy Pronto!",screenshot,1,"login",2026-07-18 15:08:41,2026-07-18 15:08:45
5656,"www.midextor.sbs","Google Xenon2026h2","midextor.sbs is registered at Namecheap",screenshot,0,"",2026-07-18 15:08:41,2026-07-18 15:08:45
5655,"cherylgarrett.com","Google Xenon2026h2","Coming Soon",screenshot,0,"",2026-07-18 15:08:41,2026-07-18 15:08:44
5654,"www.sensorymuse.com","Google Xenon2026h2","sensorymuse.com is registered at Namecheap",screenshot,0,"",2026-07-18 15:08:41,2026-07-18 15:08:45
5653,"www-42252944.40.prod.hubspot-at-test.com","Google Xenon2026h2","Not Found",screenshot,0,"",2026-07-18 15:08:41,2026-07-18 15:08:44
5651,"hotelthezambori.com","DigiCert Wyvern2026h2","hotelthezambori.com",screenshot,1,"powered by",2026-07-18 15:07:44,2026-07-18 15:08:39
5650,"plahub.com","DigiCert Wyvern2026h2","Coming Soon",screenshot,0,"",2026-07-18 15:07:44,2026-07-18 15:08:38
5649,"relaxingadventurestours.com","DigiCert Wyvern2026h2","Relaxing Adventures - History and Eco Boat Tour, Sandbar Charter",screenshot,1,"powered by",2026-07-18 15:07:44,2026-07-18 15:08:38
5648,"aliplast.ph","DigiCert Wyvern2026h2","Redirecting...",screenshot,0,"",2026-07-18 15:07:44,2026-07-18 15:08:39
5646,"takibi.me","DigiCert Wyvern2026h2","404: NOT_FOUND",screenshot,0,"",2026-07-18 15:07:44,2026-07-18 15:08:38
5645,"ephraimwasse.com","DigiCert Wyvern2026h2","EPHRAIM WASSE",screenshot,0,"",2026-07-18 15:07:44,2026-07-18 15:08:39
5644,"xiasage780.dpdns.org","DigiCert Wyvern2026h2","",screenshot,0,"",2026-07-18 15:07:44,2026-07-18 15:08:38
5643,"truthledger.co","DigiCert Wyvern2026h2","404: NOT_FOUND",screenshot,0,"",2026-07-18 15:07:44,2026-07-18 15:08:38
5642,"www.gctennis.co.kr","DigiCert Wyvern2026h2",":: 과천시테니스협회 ::",screenshot,0,"",2026-07-18 15:07:44,2026-07-18 15:08:43
5640,"plumbperfectionllc.space","DigiCert Wyvern2026h2","Your domain is suspended",screenshot,1,"login",2026-07-18 15:07:44,2026-07-18 15:08:32
5639,"www.xn--fuballschule-m9a.de","DigiCert Wyvern2026h2","fußballschule.de - Training, Camps, Technik, Taktik, Kinder, Förderung, Fußballschule",screenshot,0,"",2026-07-18 15:07:44,2026-07-18 15:08:33
5638,"mariamestre.net","DigiCert Wyvern2026h2","maria mestre",screenshot,0,"",2026-07-18 15:07:44,2026-07-18 15:08:33
5635,"clawgamble.xyz","DigiCert Wyvern2026h2","Parked Domain name on Hostinger DNS system",screenshot,0,"",2026-07-18 15:07:44,2026-07-18 15:08:33
5633,"www.maalexi.com","DigiCert Wyvern2026h2","Maalexi | MAATEX — World's First Agricultural RWA Exchange",screenshot,0,"",2026-07-18 15:07:44,2026-07-18 15:08:33
5632,"facilityqi.co.uk","DigiCert Wyvern2026h2","Squarespace - Website Expired",screenshot,1,"login",2026-07-18 15:07:44,2026-07-18 15:08:33
5631,"dojopayments.com","DigiCert Wyvern2026h2","Coming Soon",screenshot,0,"",2026-07-18 15:07:44,2026-07-18 15:08:32
5630,"kinglear.org","DigiCert Wyvern2026h2","Coming Soon",screenshot,0,"",2026-07-18 15:07:44,2026-07-18 15:08:33
5629,"www.corridordefended.com","DigiCert Wyvern2026h2","Coming Soon",screenshot,0,"",2026-07-18 15:07:44,2026-07-18 15:08:32
5628,"www.farmingtonelectricandconstruction.com","DigiCert Wyvern2026h2","farmingtonelectricandconstruction.com is registered at Namecheap",screenshot,0,"",2026-07-18 15:07:44,2026-07-18 15:08:30
5627,"cloudpublisher.net","DigiCert Wyvern2026h2","Jetpack — Essential Security & Performance for WordPress",screenshot,1,"powered by",2026-07-18 15:07:44,2026-07-18 15:08:30
5626,"inst.consultingbenefitgrp.com","DigiCert Wyvern2026h2","",screenshot,0,"",2026-07-18 15:07:44,2026-07-18 15:08:29
5625,"travelboost.net","DigiCert Wyvern2026h2","Coming Soon",screenshot,0,"",2026-07-18 15:07:44,2026-07-18 15:08:29
5624,"www.test.visualthinkingdesign.com","DigiCert Wyvern2026h2","Lutheran Sports Association",screenshot,1,"powered by",2026-07-18 15:07:44,2026-07-18 15:08:32
5623,"www.lsatest.visualthinkingdesign.com","DigiCert Wyvern2026h2","Index of /",screenshot,0,"",2026-07-18 15:07:44,2026-07-18 15:08:29
5622,"visualthinkingdesign.com","DigiCert Wyvern2026h2","My Blog – My WordPress Blog",screenshot,1,"powered by",2026-07-18 15:07:44,2026-07-18 15:08:30
5620,"builderscompendium.com","DigiCert Wyvern2026h2","Coming Soon",screenshot,0,"",2026-07-18 15:07:44,2026-07-18 15:08:29
5619,"newlevelbespoke.co.uk","DigiCert Wyvern2026h2","NEW LEVEL BESPOKE | Transform Your Space Today",screenshot,0,"",2026-07-18 15:07:44,2026-07-18 15:08:30
5618,"raysmcompany.com","DigiCert Wyvern2026h2","raysmcompany.com",screenshot,1,"powered by",2026-07-18 15:07:44,2026-07-18 15:08:30
5617,"madcapcentral-stage.com","DigiCert Wyvern2026h2","User Login | Flare Online",screenshot,1,"login",2026-07-18 15:07:44,2026-07-18 15:08:32
5616,"39.179.153.160.host.secureserver.net","DigiCert Wyvern2026h2","",screenshot,1,"cpanel",2026-07-18 15:07:44,2026-07-18 15:08:24
5615,"hootuo.com","DigiCert Wyvern2026h2","Hootuo — Sports Performance Technology",screenshot,0,"",2026-07-18 15:07:44,2026-07-18 15:08:25
5614,"website-f18f3a49.jzz.owo.mybluehost.me","DigiCert Wyvern2026h2","Welcome — Coming Soon",screenshot,1,"powered by",2026-07-18 15:07:44,2026-07-18 15:08:24
5613,"daniel7judgephotography.com","DigiCert Wyvern2026h2","Private Site",screenshot,1,"log in",2026-07-18 15:07:44,2026-07-18 15:08:24
5611,"betterhelping.com","DigiCert Wyvern2026h2","Coming Soon",screenshot,0,"",2026-07-18 15:07:44,2026-07-18 15:08:23
5610,"ayeshaskitchen.ca","DigiCert Wyvern2026h2","Squarespace - Website Expired",screenshot,1,"login",2026-07-18 15:07:44,2026-07-18 15:08:23
5609,"forlorndefense.com","DigiCert Wyvern2026h2","Coming Soon",screenshot,0,"",2026-07-18 15:07:44,2026-07-18 15:08:23
5604,"c3ify.com","DigiCert Wyvern2026h2","Parked Domain name on Hostinger DNS system",screenshot,0,"",2026-07-18 15:07:44,2026-07-18 15:08:17
5603,"is.amperservis.sk","DigiCert Wyvern2026h2","Prihláste sa prosím | Amper Servis",screenshot,0,"",2026-07-18 15:07:44,2026-07-18 15:08:17
5602,"sindipoledanceyandexru.impulsecrm.ru","DigiCert Wyvern2026h2","impulse CRM",screenshot,0,"",2026-07-18 15:07:44,2026-07-18 15:08:19
5601,"grinning-tiger.com","DigiCert Wyvern2026h2","Grinning-Tiger",screenshot,0,"",2026-07-18 15:07:44,2026-07-18 15:08:17
5600,"vmi2754906.contaboserver.net","DigiCert Wyvern2026h2","WireGuard Configurations | WGDashboard",screenshot,0,"",2026-07-18 15:07:44,2026-07-18 15:08:17
5599,"shrewsburycardiology.co.uk","DigiCert Wyvern2026h2","shrewsburycardiology.co.uk",screenshot,0,"",2026-07-18 15:07:44,2026-07-18 15:08:17
5598,"blobitory.i-0a56fcaef27984c52.prd.workdaysuv.com","DigiCert Wyvern2026h2","",screenshot,0,"",2026-07-18 15:07:44,2026-07-18 15:08:17
5597,"alliancebernstein.com.ph","DigiCert Wyvern2026h2","Redirecting...",screenshot,0,"",2026-07-18 15:07:44,2026-07-18 15:08:17
5592,"fulset.be","DigiCert Wyvern2026h2","Parked Domain name on Hostinger DNS system",screenshot,0,"",2026-07-18 15:07:44,2026-07-18 15:08:11
5591,"fkhelper.pages.dev","DigiCert Wyvern2026h2","理论法 · 法考刷题",screenshot,0,"",2026-07-18 15:07:44,2026-07-18 15:08:11
5590,"saniservice.dk","DigiCert Wyvern2026h2","Forside - Saniservice ApS",screenshot,0,"",2026-07-18 15:07:44,2026-07-18 15:08:11
5589,"doctormars.org","DigiCert Wyvern2026h2","Squarespace - Website Expired",screenshot,1,"login",2026-07-18 15:07:44,2026-07-18 15:08:12
5588,"vaccaro.univaccaro.com.br","DigiCert Wyvern2026h2","",screenshot,0,"",2026-07-18 15:07:44,2026-07-18 15:08:12
5587,"arkkitekktura.com","DigiCert Wyvern2026h2","ŌME Interior Design Studio — Residential & Multi-Family Projects",screenshot,0,"",2026-07-18 15:07:44,2026-07-18 15:08:12
5586,"granolamed.com","DigiCert Wyvern2026h2","Coming Soon",screenshot,0,"",2026-07-18 15:07:44,2026-07-18 15:08:11
5584,"sandbox.sponser.sg","DigiCert Wyvern2026h2","sponser.sg",screenshot,0,"",2026-07-18 15:07:44,2026-07-18 15:08:11
5583,"mobile.vermontrxcard.com","DigiCert Wyvern2026h2","Vermont Rx Card - Free Statewide Prescription Assistance Program",screenshot,1,"login",2026-07-18 15:07:44,2026-07-18 15:08:14
5582,"solicitar.pages.dev","DigiCert Wyvern2026h2","Pagefy · Solicite sua landing page",screenshot,0,"",2026-07-18 15:07:44,2026-07-18 15:08:11
5581,"grayslakeimplants.com","DigiCert Wyvern2026h2","Coming Soon",screenshot,0,"",2026-07-18 15:07:44,2026-07-18 15:08:11
5580,"www-890196558.00.qa.hubspot-at-test.com","DigiCert Wyvern2026h2","Not Found",screenshot,0,"",2026-07-18 15:07:44,2026-07-18 15:08:09
5578,"peaceloveshirts.org","DigiCert Wyvern2026h2","Coming Soon",screenshot,0,"",2026-07-18 15:07:44,2026-07-18 15:08:09
5577,"smcapitalsas.com","DigiCert Wyvern2026h2","Parked Domain name on Hostinger DNS system",screenshot,0,"",2026-07-18 15:07:44,2026-07-18 15:08:09
5575,"isaiahmichaelsfoundation.com","DigiCert Wyvern2026h2","Home | Isaiah Michaels Foundation",screenshot,0,"",2026-07-18 15:07:44,2026-07-18 15:08:10
5574,"luckyhils.de","DigiCert Wyvern2026h2","403 Forbidden",screenshot,0,"",2026-07-18 15:07:44,2026-07-18 15:08:09
5573,"andyblairtattoo.com","DigiCert Wyvern2026h2","Andy Blair",screenshot,0,"",2026-07-18 15:07:44,2026-07-18 15:08:10
5572,"babyphoto.de","DigiCert Wyvern2026h2","babyphoto.de - Adorable, Smile, Portrait, Newborn, Cute, Family, Babyphoto",screenshot,0,"",2026-07-18 15:07:44,2026-07-18 15:08:09
5571,"tubsd155161b8d7ccce654497ae2cb8cf66135.zendesk.com","DigiCert Wyvern2026h2","Just a moment...",screenshot,0,"",2026-07-18 15:07:44,2026-07-18 15:08:09
5570,"parrotandkids.com","DigiCert Wyvern2026h2","Coming Soon",screenshot,0,"",2026-07-18 15:07:44,2026-07-18 15:08:09
5569,"mediumcreative.co.uk","DigiCert Wyvern2026h2","Medium Design & Marketing",screenshot,0,"",2026-07-18 15:07:44,2026-07-18 15:08:10
5568,"mcgarvey.social","DigiCert Wyvern2026h2","Coming Soon",screenshot,0,"",2026-07-18 15:07:44,2026-07-18 15:08:03
5567,"lykhemdatahub.shop","DigiCert Wyvern2026h2","LYKHEM DATA HUB · DataBundle",screenshot,0,"",2026-07-18 15:07:44,2026-07-18 15:08:03
5566,"sign-up-with-xero.nexvia.com.au","DigiCert Wyvern2026h2","Nexvia",screenshot,0,"",2026-07-18 15:07:44,2026-07-18 15:08:03
5565,"backofenplatten.de","DigiCert Wyvern2026h2","backofenplatten.de - Kochzonen, Glaskeramik, Herdplatten, Ceranfelder, Kochfelder, Induktionsplatten, Backofenplatten",screenshot,0,"",2026-07-18 15:07:44,2026-07-18 15:08:03
5563,"ygqte1eafdb6a-be8d-4b53-960f-7f593e8e5fac.hvpmag.co.uk","Google Argon2026h2","InstallerONLINE - your hub for plumbing, heating, electrical, renewables, building",screenshot,1,"login",2026-07-18 15:07:41,2026-07-18 15:08:04
5561,"ucs.fablab-karlsruhe.de","Google Argon2026h2","502 Bad Gateway",screenshot,0,"",2026-07-18 15:07:41,2026-07-18 15:08:06
5560,"blazebattle457.info","Google Argon2026h2","Game Polygon Fantasy: Action RPG",screenshot,0,"",2026-07-18 15:07:41,2026-07-18 15:08:04
5557,"sb-agent-9ca40cdab3b9d593.pages.dev","Google Argon2026h2","大明王朝 - 盛世荣耀",screenshot,0,"",2026-07-18 15:07:41,2026-07-18 15:08:03
5556,"www.liveandhealth.shop","Google Argon2026h2","Título",screenshot,0,"",2026-07-18 15:07:41,2026-07-18 15:07:57
5555,"genoby.space","Google Argon2026h2","Genocomp — Component Library",screenshot,1,"sign in",2026-07-18 15:07:41,2026-07-18 15:07:57
5554,"centreforhealthcoaching.co.uk","Google Argon2026h2","Hosted By One.com | Webhosting made simple",screenshot,0,"",2026-07-18 15:07:41,2026-07-18 15:07:57
5552,"www.jordanschrage.com","Google Argon2026h2","Coming Soon",screenshot,0,"",2026-07-18 15:07:41,2026-07-18 15:07:57
5551,"www.pickdropexpress.com","Google Argon2026h2","Home - pickdropexpress.com",screenshot,1,"it works",2026-07-18 15:07:41,2026-07-18 15:08:02
5550,"www.bambunetes.net","Google Argon2026h2","Coming Soon",screenshot,0,"",2026-07-18 15:07:41,2026-07-18 15:07:57
5549,"fifteen.slipstream.markets","Google Argon2026h2","Slipstream Trader",screenshot,1,"sign in",2026-07-18 15:07:41,2026-07-18 15:07:58
5547,"pscomplete.us","Google Argon2027h1","",screenshot,0,"",2026-07-18 15:07:41,2026-07-18 15:07:57
5546,"autoshowonline.com","Google Argon2027h1","Access Denied",screenshot,0,"",2026-07-18 15:07:41,2026-07-18 15:07:57
5545,"pay.americanhomecare4u.com","Google Argon2027h1","Pay Link Not Found",screenshot,1,"powered by",2026-07-18 15:07:41,2026-07-18 15:07:57
5544,"www.stamfordwoodworking.co.uk","Google Argon2027h1","",screenshot,0,"",2026-07-18 15:07:41,2026-07-18 15:07:51
5543,"www.pumpstexas.com","Google Argon2027h1","",screenshot,0,"",2026-07-18 15:07:41,2026-07-18 15:07:51
5542,"appgcc.com","Google Argon2027h1","",screenshot,0,"",2026-07-18 15:07:41,2026-07-18 15:07:51
5541,"www.ceasoftware.com","Google Argon2027h1","Access Denied",screenshot,0,"",2026-07-18 15:07:41,2026-07-18 15:07:51
5540,"310265.sbs","Google Xenon2026h2","",screenshot,0,"",2026-07-18 15:07:41,2026-07-18 15:07:52
5538,"arrowgamma.com","Google Xenon2026h2","Coming Soon",screenshot,0,"",2026-07-18 15:07:41,2026-07-18 15:07:51
5537,"gvlc.de","Google Xenon2026h2","gvlc.de - Entspannung, Wellness, Ernährung, Lebensstil, Naturheilkunde, Gesundheit, GVLC",screenshot,0,"",2026-07-18 15:07:41,2026-07-18 15:07:51
5536,"overseascountryclub.co","Google Xenon2026h2","Overseas Country Club – Overseas Country Club",screenshot,0,"",2026-07-18 15:07:41,2026-07-18 15:07:51
5535,"emailer-api.ignougalaxy.com","Google Xenon2026h2","",screenshot,0,"",2026-07-18 15:07:41,2026-07-18 15:07:51
5533,"ihaxit.us","Google Xenon2026h2","ihaxit.us",screenshot,0,"",2026-07-18 15:07:41,2026-07-18 15:07:51
5532,"terrabulnes.cl","Google Xenon2026h2","TerraBulnes | Inicio",screenshot,0,"",2026-07-18 15:07:41,2026-07-18 15:07:47
5531,"r-ainoptics.com","Google Xenon2026h2","Heart To Heart",screenshot,0,"",2026-07-18 15:07:41,2026-07-18 15:07:46
5530,"www.snapgens.com","Google Xenon2026h2","SnapGens - AI Video, Image & Voice Studio",screenshot,1,"powered by",2026-07-18 15:07:41,2026-07-18 15:07:45
5529,"samsungsigma.de","Google Xenon2026h2","Samsung Sigma Hub",screenshot,0,"",2026-07-18 15:07:41,2026-07-18 15:07:45
5528,"intentc-dev.pages.dev","Google Xenon2026h2","intentc — a compiler for product intent",screenshot,1,"it works",2026-07-18 15:07:41,2026-07-18 15:07:45
5526,"editor.autcardz.com","Google Xenon2026h2","n8n.io - Workflow Automation",screenshot,0,"",2026-07-18 15:07:41,2026-07-18 15:07:47
5525,"realtybyalex.com","Google Xenon2026h2","Alex Vorotnikoff",screenshot,0,"",2026-07-18 15:07:41,2026-07-18 15:07:46
5524,"keenetic8588.keenetic.link","Google Xenon2026h2","Error ""403 20""",screenshot,0,"",2026-07-18 15:07:41,2026-07-18 15:07:49
5523,"www.entheoswellness.net","Google Xenon2026h2","Coming Soon",screenshot,0,"",2026-07-18 15:07:41,2026-07-18 15:07:45
5520,"yh03.85310.pizza","Google Xenon2026h2","",screenshot,0,"",2026-07-18 15:07:41,2026-07-18 15:07:44
5519,"thingos-homepage-thingos-review-fi-4iavvb.review.thingos.app","DigiCert Wyvern2026h2","",screenshot,0,"",2026-07-18 15:06:44,2026-07-18 15:07:33
5518,"pangaea.lpcon.info","DigiCert Wyvern2026h2","Domain Default page",screenshot,1,"default page",2026-07-18 15:06:44,2026-07-18 15:07:33
5517,"www.five-rivers.org","DigiCert Wyvern2026h2","Five Rivers Child Care | Independent Fostering Agency",screenshot,0,"",2026-07-18 15:06:44,2026-07-18 15:07:34
5515,"ammper.q.synota-app.com","DigiCert Wyvern2026h2","ammper.q.synota-app.com",screenshot,0,"",2026-07-18 15:06:44,2026-07-18 15:07:33
5514,"aliplast.com.ph","DigiCert Wyvern2026h2","Redirecting...",screenshot,0,"",2026-07-18 15:06:44,2026-07-18 15:07:31
5512,"www.cataloocheerental.com","DigiCert Wyvern2026h2","Coming Soon",screenshot,0,"",2026-07-18 15:06:44,2026-07-18 15:07:31
5511,"sexyinvoice.com","DigiCert Wyvern2026h2","Coming Soon",screenshot,0,"",2026-07-18 15:06:44,2026-07-18 15:07:31
5510,"maspethmetalworks.com","DigiCert Wyvern2026h2","Coming Soon",screenshot,0,"",2026-07-18 15:06:44,2026-07-18 15:07:31
5509,"api.drov.tr","DigiCert Wyvern2026h2","api.drov.tr",screenshot,0,"",2026-07-18 15:06:44,2026-07-18 15:07:30
5508,"regiment-music.com","DigiCert Wyvern2026h2","Your Site Title",screenshot,0,"",2026-07-18 15:06:44,2026-07-18 15:07:31
5507,"tuhipotecabarata.es","DigiCert Wyvern2026h2","Parked Domain name on Hostinger DNS system",screenshot,0,"",2026-07-18 15:06:44,2026-07-18 15:07:31
5506,"skyboxla.com","DigiCert Wyvern2026h2","skyboxLA",screenshot,0,"",2026-07-18 15:06:44,2026-07-18 15:07:33
5505,"www.lenador.impresite.net","DigiCert Wyvern2026h2","El Leñador - Pizzeria y Parrilladas",screenshot,0,"",2026-07-18 15:06:44,2026-07-18 15:07:31
5504,"www.cataleya.impresite.net","DigiCert Wyvern2026h2","cataleya.impresite.net - New York",screenshot,0,"",2026-07-18 15:06:44,2026-07-18 15:07:32
5503,"ptmadesimple.com","DigiCert Wyvern2026h2","Coming Soon",screenshot,0,"",2026-07-18 15:06:44,2026-07-18 15:07:31
5502,"celeydancefactory.com","DigiCert Wyvern2026h2","Parked at Loopia",screenshot,1,"login",2026-07-18 15:06:44,2026-07-18 15:07:25
5501,"supremevillagio.co","Google Argon2027h1","",screenshot,0,"",2026-07-18 15:06:41,2026-07-18 15:07:26
5500,"www.leangreendragon.com","Google Argon2027h1","",screenshot,0,"",2026-07-18 15:06:41,2026-07-18 15:07:26
5499,"bmff5-b3gzb-ujstrx.xyz","Google Argon2027h1","",screenshot,0,"",2026-07-18 15:06:41,2026-07-18 15:07:26
5498,"www.aidisquiet.xyz","Google Argon2027h1","",screenshot,0,"",2026-07-18 15:06:41,2026-07-18 15:07:26
5497,"skillco.in","Google Argon2026h2","Home - Skill Co",screenshot,0,"",2026-07-18 15:06:41,2026-07-18 15:07:28
5496,"solutions9.com","Google Argon2026h2","Solutions9.com — Premium Domain For Sale | Atom",screenshot,0,"",2026-07-18 15:06:41,2026-07-18 15:07:27
5495,"r-n-o.de","Google Argon2026h2","r-n-o.de - Mode, Design, Accessoires, Kunst, Schmuck, Trends, R N O",screenshot,0,"",2026-07-18 15:06:41,2026-07-18 15:07:25
5494,"kqm9r.gbr.guillermo.evsqh.inrsp.geodatafuse.com","Google Argon2026h2","EasyLight — простое, быстрое и стабильное подключение",screenshot,0,"",2026-07-18 15:06:41,2026-07-18 15:07:26
5492,"yh08.85310.pizza","Google Argon2026h2","",screenshot,0,"",2026-07-18 15:06:41,2026-07-18 15:07:28
5491,"xn--stevadden-yhb0423f.ph","Google Argon2026h2","Redirecting...",screenshot,0,"",2026-07-18 15:06:41,2026-07-18 15:07:25
5490,"zh.maps-bulgaria.com","Google Argon2026h2","保加利亚的地图-地图保加利亚(东欧的欧洲)",screenshot,0,"",2026-07-18 15:06:41,2026-07-18 15:07:23
5489,"vi.maps-bulgaria.com","Google Argon2026h2","maps-bulgaria.com | 502: Bad gateway",screenshot,0,"",2026-07-18 15:06:41,2026-07-18 15:07:24
5488,"ur.maps-bulgaria.com","Google Argon2026h2","maps-bulgaria.com | 502: Bad gateway",screenshot,0,"",2026-07-18 15:06:41,2026-07-18 15:07:24
5487,"uk.maps-bulgaria.com","Google Argon2026h2","Карта Болгарії карти Болгарії (Східна Європа - Європа)",screenshot,0,"",2026-07-18 15:06:41,2026-07-18 15:07:25
5486,"tr.maps-bulgaria.com","Google Argon2026h2","(Doğu Avrupa - Türkiye)Bulgaristan haritası - Haritalar Bulgaristan",screenshot,0,"",2026-07-18 15:06:41,2026-07-18 15:07:25
5485,"tl.maps-bulgaria.com","Google Argon2026h2","maps-bulgaria.com | 502: Bad gateway",screenshot,0,"",2026-07-18 15:06:41,2026-07-18 15:07:23
5484,"th.maps-bulgaria.com","Google Argon2026h2","maps-bulgaria.com | 502: Bad gateway",screenshot,0,"",2026-07-18 15:06:41,2026-07-18 15:07:23
5483,"ta.maps-bulgaria.com","Google Argon2026h2","maps-bulgaria.com | 502: Bad gateway",screenshot,0,"",2026-07-18 15:06:41,2026-07-18 15:07:24
5482,"sw.maps-bulgaria.com","Google Argon2026h2","maps-bulgaria.com | 502: Bad gateway",screenshot,0,"",2026-07-18 15:06:41,2026-07-18 15:07:24
5481,"sv.maps-bulgaria.com","Google Argon2026h2","maps-bulgaria.com | 502: Bad gateway",screenshot,0,"",2026-07-18 15:06:41,2026-07-18 15:07:24
5480,"sr.maps-bulgaria.com","Google Argon2026h2","Карта Бугарске мапе Бугарске (Источна Европа - Европа)",screenshot,0,"",2026-07-18 15:06:41,2026-07-18 15:07:25
5479,"sq.maps-bulgaria.com","Google Argon2026h2","maps-bulgaria.com | 502: Bad gateway",screenshot,0,"",2026-07-18 15:06:41,2026-07-18 15:07:24
5478,"sl.maps-bulgaria.com","Google Argon2026h2","Bolgarija zemljevid - Karte, Bolgarija (Vzhodni Evropi - Evropa)",screenshot,0,"",2026-07-18 15:06:41,2026-07-18 15:07:22
5477,"sk.maps-bulgaria.com","Google Argon2026h2","Bulharsko mapy - Mapy Bulharsko (Východná Európa - Európa)",screenshot,0,"",2026-07-18 15:06:41,2026-07-18 15:07:23
5476,"ru.maps-bulgaria.com","Google Argon2026h2","maps-bulgaria.com | 502: Bad gateway",screenshot,0,"",2026-07-18 15:06:41,2026-07-18 15:07:22
5475,"ro.maps-bulgaria.com","Google Argon2026h2","Bulgaria hartă - Hărți Bulgaria (Europa de Est - Europa)",screenshot,0,"",2026-07-18 15:06:41,2026-07-18 15:07:23
5474,"pt.maps-bulgaria.com","Google Argon2026h2","maps-bulgaria.com | 502: Bad gateway",screenshot,0,"",2026-07-18 15:06:41,2026-07-18 15:07:22
5473,"pl.maps-bulgaria.com","Google Argon2026h2","Mapa Bułgarii karty Bułgarii (Europa Wschodnia - Europa)",screenshot,0,"",2026-07-18 15:06:41,2026-07-18 15:07:23
5472,"pa.maps-bulgaria.com","Google Argon2026h2","maps-bulgaria.com | 502: Bad gateway",screenshot,0,"",2026-07-18 15:06:41,2026-07-18 15:07:22
5471,"no.maps-bulgaria.com","Google Argon2026h2","Bulgaria kart - Kart Bulgaria (Øst-Europa - Europa)",screenshot,0,"",2026-07-18 15:06:41,2026-07-18 15:07:23
5470,"nl.maps-bulgaria.com","Google Argon2026h2","Bulgarije kaart - Kaarten Bulgarije (Oost-Europa - Europa)",screenshot,0,"",2026-07-18 15:06:41,2026-07-18 15:07:23
5469,"ms.maps-bulgaria.com","Google Argon2026h2","Bulgaria peta - Peta Bulgaria (Eropah Timur - Eropa)",screenshot,0,"",2026-07-18 15:06:41,2026-07-18 15:07:23
5468,"mn.maps-bulgaria.com","Google Argon2026h2","maps-bulgaria.com | 502: Bad gateway",screenshot,0,"",2026-07-18 15:06:41,2026-07-18 15:07:22
5467,"mk.maps-bulgaria.com","Google Argon2026h2","Бугарија мапата - Мапи на Бугарија (Источна Европа - Европа)",screenshot,0,"",2026-07-18 15:06:41,2026-07-18 15:07:23
5466,"maps-bulgaria.com","Google Argon2026h2","Bulgaria map - Maps Bulgaria (Eastern Europe - Europe)",screenshot,0,"",2026-07-18 15:06:41,2026-07-18 15:07:20
5465,"lv.maps-bulgaria.com","Google Argon2026h2","maps-bulgaria.com | 502: Bad gateway",screenshot,0,"",2026-07-18 15:06:41,2026-07-18 15:07:20
5464,"lt.maps-bulgaria.com","Google Argon2026h2","Bulgarijos žemėlapis - Žemėlapiai Bulgarija (Rytų Europa - Europa)",screenshot,0,"",2026-07-18 15:06:41,2026-07-18 15:07:21
5463,"ko.maps-bulgaria.com","Google Argon2026h2","maps-bulgaria.com | 502: Bad gateway",screenshot,0,"",2026-07-18 15:06:41,2026-07-18 15:07:20
5462,"kn.maps-bulgaria.com","Google Argon2026h2","maps-bulgaria.com | 502: Bad gateway",screenshot,0,"",2026-07-18 15:06:41,2026-07-18 15:07:20
5461,"ka.maps-bulgaria.com","Google Argon2026h2","maps-bulgaria.com | 502: Bad gateway",screenshot,0,"",2026-07-18 15:06:41,2026-07-18 15:07:20
5460,"ja.maps-bulgaria.com","Google Argon2026h2","maps-bulgaria.com | 502: Bad gateway",screenshot,0,"",2026-07-18 15:06:41,2026-07-18 15:07:20
5459,"it.maps-bulgaria.com","Google Argon2026h2","maps-bulgaria.com | 502: Bad gateway",screenshot,0,"",2026-07-18 15:06:41,2026-07-18 15:07:20
5458,"is.maps-bulgaria.com","Google Argon2026h2","Búlgaríu kort - Kort Búlgaríu (Austur-Evrópu - Evrópu)",screenshot,0,"",2026-07-18 15:06:41,2026-07-18 15:07:21
5457,"id.maps-bulgaria.com","Google Argon2026h2","maps-bulgaria.com | 502: Bad gateway",screenshot,0,"",2026-07-18 15:06:41,2026-07-18 15:07:20
5456,"hy.maps-bulgaria.com","Google Argon2026h2","maps-bulgaria.com | 502: Bad gateway",screenshot,0,"",2026-07-18 15:06:41,2026-07-18 15:07:20
5455,"hu.maps-bulgaria.com","Google Argon2026h2","Bulgária térkép - Térkép Bulgária (Kelet - Európa)",screenshot,0,"",2026-07-18 15:06:41,2026-07-18 15:07:21
5454,"ht.maps-bulgaria.com","Google Argon2026h2","maps-bulgaria.com | 502: Bad gateway",screenshot,0,"",2026-07-18 15:06:41,2026-07-18 15:07:15
5453,"hr.maps-bulgaria.com","Google Argon2026h2","Karta Bugarske kartice Bugarskoj (Istočna Europa - Europa)",screenshot,0,"",2026-07-18 15:06:41,2026-07-18 15:07:19
5452,"hi.maps-bulgaria.com","Google Argon2026h2","maps-bulgaria.com | 502: Bad gateway",screenshot,0,"",2026-07-18 15:06:41,2026-07-18 15:07:15
5451,"he.maps-bulgaria.com","Google Argon2026h2","maps-bulgaria.com | 502: Bad gateway",screenshot,0,"",2026-07-18 15:06:41,2026-07-18 15:07:16
5450,"gu.maps-bulgaria.com","Google Argon2026h2","maps-bulgaria.com | 502: Bad gateway",screenshot,0,"",2026-07-18 15:06:41,2026-07-18 15:07:16
5449,"gl.maps-bulgaria.com","Google Argon2026h2","maps-bulgaria.com | 502: Bad gateway",screenshot,0,"",2026-07-18 15:06:41,2026-07-18 15:07:15
5448,"fr.maps-bulgaria.com","Google Argon2026h2","La bulgarie carte Cartes de la Bulgarie (Europe de l'est - Europe)",screenshot,0,"",2026-07-18 15:06:41,2026-07-18 15:07:14
5447,"fi.maps-bulgaria.com","Google Argon2026h2","maps-bulgaria.com | 502: Bad gateway",screenshot,0,"",2026-07-18 15:06:41,2026-07-18 15:07:15
5446,"fa.maps-bulgaria.com","Google Argon2026h2","maps-bulgaria.com | 502: Bad gateway",screenshot,0,"",2026-07-18 15:06:41,2026-07-18 15:07:16
5445,"eu.maps-bulgaria.com","Google Argon2026h2","maps-bulgaria.com | 502: Bad gateway",screenshot,0,"",2026-07-18 15:06:41,2026-07-18 15:07:14
5444,"et.maps-bulgaria.com","Google Argon2026h2","maps-bulgaria.com | 502: Bad gateway",screenshot,0,"",2026-07-18 15:06:41,2026-07-18 15:07:16
5443,"es.maps-bulgaria.com","Google Argon2026h2","Bulgaria mapa Mapas de Bulgaria (el este de Europa - Europa)",screenshot,0,"",2026-07-18 15:06:41,2026-07-18 15:07:19
5442,"el.maps-bulgaria.com","Google Argon2026h2","Βουλγαρία χάρτης - Χάρτες της Βουλγαρίας (Ανατολική Ευρώπη - Ευρώπη)",screenshot,0,"",2026-07-18 15:06:41,2026-07-18 15:07:08
5441,"de.maps-bulgaria.com","Google Argon2026h2","maps-bulgaria.com | 502: Bad gateway",screenshot,0,"",2026-07-18 15:06:41,2026-07-18 15:07:08
5440,"da.maps-bulgaria.com","Google Argon2026h2","maps-bulgaria.com | 502: Bad gateway",screenshot,0,"",2026-07-18 15:06:41,2026-07-18 15:07:09
5439,"cs.maps-bulgaria.com","Google Argon2026h2","maps-bulgaria.com | 502: Bad gateway",screenshot,0,"",2026-07-18 15:06:41,2026-07-18 15:07:08
5438,"ca.maps-bulgaria.com","Google Argon2026h2","maps-bulgaria.com | 502: Bad gateway",screenshot,0,"",2026-07-18 15:06:41,2026-07-18 15:07:09
5437,"bs.maps-bulgaria.com","Google Argon2026h2","maps-bulgaria.com | 502: Bad gateway",screenshot,0,"",2026-07-18 15:06:41,2026-07-18 15:07:08
5436,"bn.maps-bulgaria.com","Google Argon2026h2","maps-bulgaria.com | 502: Bad gateway",screenshot,0,"",2026-07-18 15:06:41,2026-07-18 15:07:08
5433,"az.maps-bulgaria.com","Google Argon2026h2","maps-bulgaria.com | 502: Bad gateway",screenshot,0,"",2026-07-18 15:06:41,2026-07-18 15:07:08
5431,"af.maps-bulgaria.com","Google Argon2026h2","maps-bulgaria.com | 502: Bad gateway",screenshot,0,"",2026-07-18 15:06:41,2026-07-18 15:07:08
5430,"reply.easywebsignintd.com","Google Argon2026h2","easywebsignintd.com",screenshot,1,"signin",2026-07-18 15:06:41,2026-07-18 15:07:03
5429,"nasserver4.tianoi.com","Google Argon2026h2","",screenshot,0,"",2026-07-18 15:06:41,2026-07-18 15:07:03
5428,"kklin16896.com","Google Argon2026h2","Kklin16888 | Take App",screenshot,0,"",2026-07-18 15:06:41,2026-07-18 15:07:03
5427,"zopviral.xyz","Google Argon2026h2","ZopViral",screenshot,0,"",2026-07-18 15:06:41,2026-07-18 15:07:04
5426,"riveranimalhospital.com","Google Xenon2026h2","Best Vet Hospital In Muncie, IN | Riverview Animal Hospital",screenshot,1,"powered by",2026-07-18 15:06:41,2026-07-18 15:07:04
5425,"cyberpolicypassport.org","Google Xenon2026h2","Coming Soon",screenshot,0,"",2026-07-18 15:06:41,2026-07-18 15:07:02
5424,"killa-musici.com","Google Xenon2026h2","Private Site",screenshot,1,"log in",2026-07-18 15:06:41,2026-07-18 15:07:03
5423,"intfin.i-00f29fc9c538883f8.prd.workdaysuv.com","Google Xenon2026h2","",screenshot,0,"",2026-07-18 15:06:41,2026-07-18 15:07:02
5422,"www.jstk.ulm.ac.id","Google Xenon2026h2","Just a moment...",screenshot,0,"",2026-07-18 15:06:41,2026-07-18 15:07:02
5420,"xn--9oc8ae2cm.xn--fpcrj9c3d","Google Xenon2026h2","Lovable App",screenshot,0,"",2026-07-18 15:06:41,2026-07-18 15:07:03
5419,"studio-mars.com","Google Xenon2026h2","Studio MARS - Snemalni Studio Trebnje",screenshot,0,"",2026-07-18 15:06:41,2026-07-18 15:07:03
5418,"mail.juegolegalespana.com","Google Xenon2026h2","Los mejores casinos en España",screenshot,0,"",2026-07-18 15:06:41,2026-07-18 15:06:57
5417,"juegolegalespana.com","Google Xenon2026h2","HTTP 429",screenshot,1,"cpanel",2026-07-18 15:06:41,2026-07-18 15:06:57
5416,"banknotecoin.com","Google Xenon2026h2","banknotecoin.com for sale | Spaceship.com",screenshot,0,"",2026-07-18 15:06:41,2026-07-18 15:06:57
5414,"aidynamicmodel.net","Google Xenon2026h2","Aidynamicmodel - Dynamic Modeling Systems",screenshot,0,"",2026-07-18 15:06:41,2026-07-18 15:06:58
5413,"login.zeldachange.com","Google Xenon2026h2","",screenshot,0,"",2026-07-18 15:06:41,2026-07-18 15:06:56
5410,"baselactioninfo.co","Google Xenon2026h2","Basel Action Network",screenshot,0,"",2026-07-18 15:06:41,2026-07-18 15:06:58
5409,"organicaseara.com.br","Google Xenon2026h2","Orgânica Seara - A Escolha Saudável",screenshot,0,"",2026-07-18 15:06:41,2026-07-18 15:06:58
5408,"pigeonpost.fun","Google Xenon2026h2","Pigeon Post",screenshot,0,"",2026-07-18 15:06:41,2026-07-18 15:06:57
5407,"franklindefi.com","DigiCert Wyvern2026h2","Coming Soon",screenshot,0,"",2026-07-18 15:05:47,2026-07-18 15:06:56
5406,"millionaireonmedicaid.com","DigiCert Wyvern2026h2","Coming Soon",screenshot,0,"",2026-07-18 15:05:47,2026-07-18 15:06:50
5405,"amorgrati.com","DigiCert Wyvern2026h2","Coming Soon",screenshot,0,"",2026-07-18 15:05:47,2026-07-18 15:06:50
5404,"nolimitfragrances.com","DigiCert Wyvern2026h2","Coming Soon",screenshot,0,"",2026-07-18 15:05:47,2026-07-18 15:06:50
5403,"allindiatmc.com","DigiCert Wyvern2026h2","Parked Domain name on Hostinger DNS system",screenshot,0,"",2026-07-18 15:05:47,2026-07-18 15:06:50
5402,"brigitte-hoornaert.dudevantaudedans.org","DigiCert Wyvern2026h2","Brigitte Hoornaert",screenshot,0,"",2026-07-18 15:05:47,2026-07-18 15:06:51
5400,"www.butteusa.com","DigiCert Wyvern2026h2","Coming Soon",screenshot,0,"",2026-07-18 15:05:47,2026-07-18 15:06:50
5398,"thebureaumiami.com","DigiCert Wyvern2026h2","Coming Soon",screenshot,0,"",2026-07-18 15:05:47,2026-07-18 15:06:50
5397,"poptuners.com","DigiCert Wyvern2026h2","POP Tuning",screenshot,0,"",2026-07-18 15:05:47,2026-07-18 15:06:51
5396,"rlstherapeutic.info","DigiCert Wyvern2026h2","Parked Domain name on Hostinger DNS system",screenshot,0,"",2026-07-18 15:05:47,2026-07-18 15:06:50
5394,"www.qliphops.org","DigiCert Wyvern2026h2","qliphops.org is registered at Namecheap",screenshot,0,"",2026-07-18 15:05:47,2026-07-18 15:06:49
5393,"account.glassspinepress.com.au","DigiCert Wyvern2026h2","",screenshot,1,"sign in",2026-07-18 15:05:47,2026-07-18 15:06:50
5392,"stephmod.dev","DigiCert Wyvern2026h2","Coming Soon",screenshot,0,"",2026-07-18 15:05:47,2026-07-18 15:06:48
5391,"premiumticket.de","DigiCert Wyvern2026h2","premiumticket.de - Exklusiv, Sport, Erlebnis, VIP, Theater, Konzert, Premiumticket",screenshot,0,"",2026-07-18 15:05:47,2026-07-18 15:06:48
5390,"redscreenbusinesssolutions.com","DigiCert Wyvern2026h2","Redscreen Business Solutions",screenshot,0,"",2026-07-18 15:05:47,2026-07-18 15:06:49
5389,"bitstokvel.com","DigiCert Wyvern2026h2","BitStokvel — Peer-to-peer stokvel for South Africa",screenshot,1,"log in",2026-07-18 15:05:47,2026-07-18 15:06:49
5388,"ftp15.alip.be","DigiCert Wyvern2026h2","Apache2 Debian Default Page: It works",screenshot,1,"it works",2026-07-18 15:05:47,2026-07-18 15:06:48
5387,"admin.eldoradocasino-chs.top","DigiCert Wyvern2026h2","Эльдорадо казино официальный сайт: личный кабинет Eldorado, регистрация",screenshot,0,"",2026-07-18 15:05:47,2026-07-18 15:06:49
5386,"www.keithpaciello.com","DigiCert Wyvern2026h2","Coming Soon",screenshot,0,"",2026-07-18 15:05:47,2026-07-18 15:06:48
5385,"xn--steernadden-t15e.ph","DigiCert Wyvern2026h2","Redirecting...",screenshot,0,"",2026-07-18 15:05:47,2026-07-18 15:06:48
5384,"hermes-workspace-wgag.srv1112250.hstgr.cloud","DigiCert Wyvern2026h2","Hermes Workspace",screenshot,0,"",2026-07-18 15:05:47,2026-07-18 15:06:49
5383,"rosmalen.nl","DigiCert Wyvern2026h2","Home - Gemeente ’s-Hertogenbosch",screenshot,0,"",2026-07-18 15:05:47,2026-07-18 15:06:49
5382,"drheidigullett.com","DigiCert Wyvern2026h2","Coming Soon",screenshot,0,"",2026-07-18 15:05:47,2026-07-18 15:06:42
5381,"www.tessaprietorealty.ph","DigiCert Wyvern2026h2","Redirecting...",screenshot,0,"",2026-07-18 15:05:47,2026-07-18 15:06:42
5380,"learnly.com.ng","DigiCert Wyvern2026h2","Learnly | Pass Exams in One Sitting",screenshot,0,"",2026-07-18 15:05:47,2026-07-18 15:06:43
5379,"6admin.www.oops.combanks.infod.apps.connectlive2023.com","DigiCert Wyvern2026h2","Bizzabo | 404 | Social Networking in conferences, meetups and events made easy with Bizzabo’s mobile networking solution",screenshot,0,"",2026-07-18 15:05:47,2026-07-18 15:06:43
5378,"coronavirus-sd.com","DigiCert Wyvern2026h2","coronavirus-sd.com",screenshot,0,"",2026-07-18 15:05:47,2026-07-18 15:06:42
5376,"stuffinghouse.com","DigiCert Wyvern2026h2","Coming Soon",screenshot,0,"",2026-07-18 15:05:47,2026-07-18 15:06:42
5374,"www.xn--ein.com","DigiCert Wyvern2026h2","㿑.com - Traditional, Cultural, Functional, Decorative, Artisanal, Handmade, 㿑",screenshot,0,"",2026-07-18 15:05:47,2026-07-18 15:06:42
5373,"www.bitcoinforbuilders.com","DigiCert Wyvern2026h2","Coming Soon",screenshot,0,"",2026-07-18 15:05:47,2026-07-18 15:06:42
5372,"sistema-integrador.online","DigiCert Wyvern2026h2","Parked Domain name on Hostinger DNS system",screenshot,0,"",2026-07-18 15:05:47,2026-07-18 15:06:42
5371,"outdoorplanetarium.com","DigiCert Wyvern2026h2","Coming Soon",screenshot,0,"",2026-07-18 15:05:47,2026-07-18 15:06:42
5370,"blobitory.n-kg8vc16dn60h50fbblmf4.prd.workdaysuv.com","DigiCert Wyvern2026h2","",screenshot,0,"",2026-07-18 15:05:47,2026-07-18 15:06:40
5369,"solentia.net","DigiCert Wyvern2026h2","Coming Soon",screenshot,0,"",2026-07-18 15:05:47,2026-07-18 15:06:40
5368,"bassreadyproductions.com","DigiCert Wyvern2026h2","Squarespace - Website Expired",screenshot,1,"login",2026-07-18 15:05:47,2026-07-18 15:06:40
5367,"shop.test.portal.greenhub.mrqz.kz","DigiCert Wyvern2026h2","",screenshot,0,"",2026-07-18 15:05:47,2026-07-18 15:06:40
5366,"adriveforwine.com","DigiCert Wyvern2026h2","A Drive for Wine | Book Your Wine Tour Today",screenshot,0,"",2026-07-18 15:05:47,2026-07-18 15:06:41
5365,"webmail.ulsterwic.org","DigiCert Wyvern2026h2","Webmail Login",screenshot,1,"webmail",2026-07-18 15:05:47,2026-07-18 15:06:40
5363,"ulsterwic.org","DigiCert Wyvern2026h2","WIC Division - Ulster County",screenshot,1,"powered by",2026-07-18 15:05:47,2026-07-18 15:06:42
5362,"mail.ulsterwic.org","DigiCert Wyvern2026h2","Index of /",screenshot,0,"",2026-07-18 15:05:47,2026-07-18 15:06:40
5359,"cpanel.ulsterwic.org","DigiCert Wyvern2026h2","cPanel Login",screenshot,1,"cpanel",2026-07-18 15:05:47,2026-07-18 15:06:40
5358,"autodiscover.ulsterwic.org","DigiCert Wyvern2026h2","",screenshot,0,"",2026-07-18 15:05:47,2026-07-18 15:06:34
5357,"autoconfig.ulsterwic.org","DigiCert Wyvern2026h2","",screenshot,0,"",2026-07-18 15:05:47,2026-07-18 15:06:34
5356,"gettingvulnerable.com","DigiCert Wyvern2026h2","Coming Soon",screenshot,0,"",2026-07-18 15:05:47,2026-07-18 15:06:34
5355,"feeed.top","DigiCert Wyvern2026h2","404: NOT_FOUND",screenshot,0,"",2026-07-18 15:05:47,2026-07-18 15:06:34
5354,"cvilleinvestmentclub.com","DigiCert Wyvern2026h2","Coming Soon",screenshot,0,"",2026-07-18 15:05:47,2026-07-18 15:06:34
5353,"myownvpn.keenetic.pro","DigiCert Wyvern2026h2","KeeneticOS Web Panel",screenshot,0,"",2026-07-18 15:05:47,2026-07-18 15:06:37
5352,"ww38.aflontechs.com","DigiCert Wyvern2026h2","aflontechs.com",screenshot,0,"",2026-07-18 15:05:47,2026-07-18 15:06:34
5351,"www.cheapvacantland.com","DigiCert Wyvern2026h2","Coming Soon",screenshot,0,"",2026-07-18 15:05:47,2026-07-18 15:06:34
5350,"mail.aristocratmuzik.com","DigiCert Wyvern2026h2","ANA SAYFA",screenshot,0,"",2026-07-18 15:05:47,2026-07-18 15:06:35
5348,"n8n.explorenshare.comn.infowww.warwickmusic.com","DigiCert Wyvern2026h2","Page not found",screenshot,1,"it works",2026-07-18 15:05:47,2026-07-18 15:06:35
5346,"intcore.i-04891dbc795844245.prd.workdaysuv.com","DigiCert Wyvern2026h2","",screenshot,0,"",2026-07-18 15:05:47,2026-07-18 15:06:28
5345,"glutey.it","DigiCert Wyvern2026h2","Parked Domain name on Hostinger DNS system",screenshot,0,"",2026-07-18 15:05:47,2026-07-18 15:06:28
5343,"27v5n5fe.cc","DigiCert Wyvern2026h2","Redirecting...",screenshot,0,"",2026-07-18 15:05:47,2026-07-18 15:06:28
5342,"observer.as41047.net","DigiCert Wyvern2026h2","LibreNMS",screenshot,1,"login",2026-07-18 15:05:47,2026-07-18 15:06:29
5341,"www.whirlwindkennels.com","DigiCert Wyvern2026h2","Dedicated to the preservation of Siberian Huskies and Canadian Eskimo Dogs",screenshot,0,"",2026-07-18 15:05:47,2026-07-18 15:06:28
5339,"spoolman.bundespiksminister.de","DigiCert Wyvern2026h2","Spoolman",screenshot,0,"",2026-07-18 15:05:47,2026-07-18 15:06:28
5338,"allasfinance.com","DigiCert Wyvern2026h2","ALLAS FINANCE | Excellence in Wealth Management",screenshot,0,"",2026-07-18 15:05:47,2026-07-18 15:06:28
5337,"bitt.995986.xyz","DigiCert Wyvern2026h2","995986.xyz | 502: Bad gateway",screenshot,0,"",2026-07-18 15:05:47,2026-07-18 15:06:28
5336,"www.siasoapsandcandles.com.laundryxpress.pk","DigiCert Wyvern2026h2","Index of /",screenshot,0,"",2026-07-18 15:05:47,2026-07-18 15:06:28
5334,"www.lossenderosdelriobec.com","DigiCert Wyvern2026h2","Squarespace - Website Expired",screenshot,0,"",2026-07-18 15:05:47,2026-07-18 15:06:22
5332,"link.artisticdentalstudio.net","DigiCert Wyvern2026h2","SMTP2GO",screenshot,0,"",2026-07-18 15:05:47,2026-07-18 15:06:22
5331,"www.usevendo.com","DigiCert Wyvern2026h2","Vendo — Chatbots IA de confiance pour Shopify & WordPress",screenshot,0,"",2026-07-18 15:05:47,2026-07-18 15:06:22
5330,"direwolf-6a633f8c50-0afc8c2bc7f5.herokuapp.com","DigiCert Wyvern2026h2","",screenshot,0,"",2026-07-18 15:05:47,2026-07-18 15:06:22
5329,"oloyefashion.com","DigiCert Wyvern2026h2","DiLjar - Alışverişin En Şık Hali",screenshot,0,"",2026-07-18 15:05:47,2026-07-18 15:06:22
5328,"gpcc.i-04891dbc795844245.prd.workdaysuv.com","DigiCert Wyvern2026h2","",screenshot,0,"",2026-07-18 15:05:47,2026-07-18 15:06:22
5327,"501c3ribbon.org","DigiCert Wyvern2026h2","Coming Soon",screenshot,0,"",2026-07-18 15:05:47,2026-07-18 15:06:22
5325,"gitlab.git.git.gitlab.git.gcaxoys.app.kudify.coaxys.com","DigiCert Wyvern2026h2","",screenshot,0,"",2026-07-18 15:05:47,2026-07-18 15:06:22
5323,"sicherimzug.feuerrot01.customer.planetary-quantum.net","DigiCert Wyvern2026h2","Service Unavailable",screenshot,0,"",2026-07-18 15:05:47,2026-07-18 15:06:22
5322,"rnqjdwww.assets.jenkins.steigersamenstellen.nl","DigiCert Wyvern2026h2","rnqjdassets.jenkins.steigersamenstellen.nl is bezet",screenshot,0,"",2026-07-18 15:05:47,2026-07-18 15:06:16
5321,"www.wildcardprobe-1779007855330613256.makashate.update.321wwwdev.34-71-227-236.sslip.io","DigiCert Wyvern2026h2","Firezone",screenshot,1,"sign in",2026-07-18 15:05:47,2026-07-18 15:06:17
5320,"mattea-ergo.com","DigiCert Wyvern2026h2","Ergothérapeute pédiatrique à Sauve (Gard) – Mattéa GUEGUIN | MEEX",screenshot,0,"",2026-07-18 15:05:47,2026-07-18 15:06:16
5319,"tcw529.ph","DigiCert Wyvern2026h2","Redirecting...",screenshot,0,"",2026-07-18 15:05:47,2026-07-18 15:06:16
5316,"donovan-103039.autodeploy.scaleai.dev","DigiCert Wyvern2026h2","donovan-103039.autodeploy.scaleai.dev",screenshot,0,"",2026-07-18 15:05:47,2026-07-18 15:06:16
5314,"privacyagreements.app","DigiCert Wyvern2026h2","Coming Soon",screenshot,0,"",2026-07-18 15:05:47,2026-07-18 15:06:16
5313,"n-ye8tegfifvnt5h5456kje-identity.prd.workdaysuv.com","DigiCert Wyvern2026h2","",screenshot,0,"",2026-07-18 15:05:47,2026-07-18 15:06:15
5312,"private-clock.cloud","DigiCert Wyvern2026h2","Private Clock Cloud",screenshot,0,"",2026-07-18 15:05:47,2026-07-18 15:06:21
5311,"www.meine-gesund-zeitde.therapeutenkompetenz.de","DigiCert Wyvern2026h2","404 Not Found",screenshot,0,"",2026-07-18 15:05:47,2026-07-18 15:06:16
5310,"meine-gesund-zeit.de","DigiCert Wyvern2026h2","404 Not Found",screenshot,0,"",2026-07-18 15:05:47,2026-07-18 15:06:09
5309,"scout.ctom.online","DigiCert Wyvern2026h2","FASTCUP Scout — сила турнира по FACEIT elo",screenshot,0,"",2026-07-18 15:05:47,2026-07-18 15:06:10
5308,"olddrivers.online","DigiCert Wyvern2026h2","404 Not Found",screenshot,1,"nginx",2026-07-18 15:05:47,2026-07-18 15:06:09
5306,"mcgillclan.com","Google Argon2027h1","MagillClan",screenshot,0,"",2026-07-18 15:05:41,2026-07-18 15:06:10
5305,"gaypotter.com","Google Argon2027h1","Potter Blog on Real Estate in the Phoenix Metro area | Real Estate in Gilbert, Chandler, Mesa, Tempe, Scottsdale, Fountain Hills, Awatukee, Queen Creek, Apache Junction",screenshot,1,"apache",2026-07-18 15:05:41,2026-07-18 15:06:11
5304,"kingstonkingston.com","Google Argon2027h1","",screenshot,0,"",2026-07-18 15:05:41,2026-07-18 15:06:10
5303,"www.purpledudegear.com","Google Argon2027h1","",screenshot,0,"",2026-07-18 15:05:41,2026-07-18 15:06:10
5302,"cfsun-front-stg.com","Google Argon2026h2","404: NOT_FOUND",screenshot,0,"",2026-07-18 15:05:41,2026-07-18 15:06:05
5300,"e-temples.com","Google Argon2026h2","Coming Soon",screenshot,0,"",2026-07-18 15:05:41,2026-07-18 15:06:05
5299,"anythingbutcool.net","Google Argon2026h2","Coming Soon",screenshot,0,"",2026-07-18 15:05:41,2026-07-18 15:06:06
5298,"files.second-brain.ru","Google Argon2026h2","",screenshot,0,"",2026-07-18 15:05:41,2026-07-18 15:06:06
5297,"bellasbarkcuterie.com","Google Argon2026h2","Bella's Barkcuterie",screenshot,0,"",2026-07-18 15:05:41,2026-07-18 15:06:06
5295,"vwnus.com","Google Argon2026h2","vwnus.com - Skincare, Selfcare, Wellness, Cosmetics, Beauty, Health, Vwnus",screenshot,0,"",2026-07-18 15:05:41,2026-07-18 15:06:09
5294,"www.cott.ai","Google Argon2026h2","Cotta",screenshot,0,"",2026-07-18 15:05:41,2026-07-18 15:06:00
5292,"wemersonsales.com.br","Google Xenon2026h2","Wemerson Sales – Plantão Criminal 24 Horas",screenshot,0,"",2026-07-18 15:05:41,2026-07-18 15:06:03
5291,"vlarobot.io","Google Xenon2026h2","404: NOT_FOUND",screenshot,0,"",2026-07-18 15:05:41,2026-07-18 15:06:00
5290,"vauban.wsk-30818.feature.dealerk.com","Google Xenon2026h2","",screenshot,0,"",2026-07-18 15:05:41,2026-07-18 15:05:59
5289,"elevi.ch","Google Xenon2026h2","elevi - Klar. Sicher. KI im Klassenzimmer.",screenshot,0,"",2026-07-18 15:05:41,2026-07-18 15:06:01
5287,"promo-cinema.dukesvr.com","Google Xenon2026h2","",screenshot,0,"",2026-07-18 15:05:41,2026-07-18 15:06:00
5286,"barron-cologne.com","Google Xenon2026h2","Barron Cologne – The Art of a Fragrant Home",screenshot,0,"",2026-07-18 15:05:41,2026-07-18 15:05:55
5285,"shonazambia.wemawarestaff.com","Google Xenon2026h2","Wemaware | Staff",screenshot,1,"login",2026-07-18 15:05:41,2026-07-18 15:05:54
5284,"webmail.webinsid.com.br","Google Xenon2026h2","Webmail Login",screenshot,1,"webmail",2026-07-18 15:05:41,2026-07-18 15:05:55
5281,"empoweredhealthaesthetics.com","Google Xenon2026h2","Empowered Health and Aesthetics | Medspa in Rockford, IL, 61108 | Botox, Fillers, IM Injections",screenshot,0,"",2026-07-18 15:05:41,2026-07-18 15:05:55
5280,"xn--stevadden-y4a6330f.ph","Google Xenon2026h2","Redirecting...",screenshot,0,"",2026-07-18 15:05:41,2026-07-18 15:05:54
5279,"www.meinegeburtstagsparty.lima-city.de","Google Xenon2026h2","",screenshot,1,"log in",2026-07-18 15:05:41,2026-07-18 15:05:53
5278,"notexistsrpstulopment.gullshock.com","Google Xenon2026h2","KONTEC Marderabwehr für alle Bereiche: Auto, Haus, Dachboden",screenshot,0,"",2026-07-18 15:05:41,2026-07-18 15:05:50
5277,"www.iptv-tjeneste.com","Google Xenon2026h2","GLORIOUSS IPTV | Smart TV, Firestick & Essai Gratuit",screenshot,0,"",2026-07-18 15:05:41,2026-07-18 15:05:50
5276,"mail.gwara.co.za","Google Xenon2026h2","Roundcube Webmail :: Welcome to Roundcube Webmail",screenshot,1,"webmail",2026-07-18 15:05:41,2026-07-18 15:05:50
5275,"test.shop.admin.demoweb.ets.mrqz.to","Google Xenon2026h2","",screenshot,0,"",2026-07-18 15:05:41,2026-07-18 15:05:49
5274,"portal.boucmedia.com","Google Xenon2026h2","Bouc Media — Client Portal",screenshot,1,"sign in",2026-07-18 15:05:41,2026-07-18 15:05:50
5273,"landing.decoupagelaser.fr","Google Xenon2026h2","decoupagelaser.fr — Nouvelle plateforme métier",screenshot,0,"",2026-07-18 15:05:41,2026-07-18 15:05:49
5272,"dewi.life","Google Xenon2026h2","Coming Soon",screenshot,0,"",2026-07-18 15:05:41,2026-07-18 15:05:49
5267,"wqwspfoflofg.2026lfg.com","Google Xenon2026h2","wqwspfoflofg.2026lfg.com — For Sale on Doma",screenshot,0,"",2026-07-18 15:05:41,2026-07-18 15:05:44
5266,"racket.jrtx.site","Google Xenon2026h2","Racket 编程",screenshot,0,"",2026-07-18 15:05:41,2026-07-18 15:05:44
5264,"craftandherbs.com","Google Xenon2026h2","Buy 1000+ Crafts - herbal Products | hair care Products, Herbal Products, herbs l Natural skin care l Organic Ayurveda Products - Craft and Herbs.com",screenshot,1,"login",2026-07-18 15:05:41,2026-07-18 15:05:49
5262,"majangxiaochu.com.cn","Google Xenon2026h2","麻将消除 - 经典在线麻将配对消除游戏 | 免费畅玩",screenshot,0,"",2026-07-18 15:05:41,2026-07-18 15:05:43
5261,"womensleadership.psb-test.princeton.edu","DigiCert Wyvern2026h2","Just a moment...",screenshot,0,"",2026-07-18 15:04:42,2026-07-18 15:05:12
5259,"fishtheriverdry.com","DigiCert Wyvern2026h2","Coming Soon",screenshot,0,"",2026-07-18 15:04:42,2026-07-18 15:05:12
5257,"dsrcarsales.s2w4u.co.uk","DigiCert Wyvern2026h2","Welcome To DSR Car Sales",screenshot,0,"",2026-07-18 15:04:42,2026-07-18 15:05:14
5256,"carescienceinnovations.com","DigiCert Wyvern2026h2","Coming Soon",screenshot,0,"",2026-07-18 15:04:42,2026-07-18 15:05:12
5255,"topreviews.de","DigiCert Wyvern2026h2","topreviews.de - Reliable, Trusted, Top, Recommended, Quality, Best, Topreviews",screenshot,0,"",2026-07-18 15:04:42,2026-07-18 15:05:12
5254,"sea-business-18.hostwindsdns.com","DigiCert Wyvern2026h2","",screenshot,0,"",2026-07-18 15:04:42,2026-07-18 15:05:06
5253,"evidence.neoncloud.com.br","DigiCert Wyvern2026h2","Neon ERP",screenshot,0,"",2026-07-18 15:04:42,2026-07-18 15:05:07
5252,"privacypolicy.sambhojan.in","DigiCert Wyvern2026h2","Document",screenshot,0,"",2026-07-18 15:04:42,2026-07-18 15:05:07
5251,"mail.torfs.org","DigiCert Wyvern2026h2","Home | AM Electronics",screenshot,0,"",2026-07-18 15:04:42,2026-07-18 15:05:07
5249,"sugar-rush-es.com","DigiCert Wyvern2026h2","Sugar Rush Slot: Demo, Bonos y Cómo Jugar Online",screenshot,0,"",2026-07-18 15:04:42,2026-07-18 15:05:06
5248,"italicaia.es","DigiCert Wyvern2026h2","Parked Domain name on Hostinger DNS system",screenshot,0,"",2026-07-18 15:04:42,2026-07-18 15:05:06
5246,"09766042200.whm.whm.l3bhdz3m4cjlf35y.147.231.252.10.nip.io","DigiCert Wyvern2026h2","Mattermost",screenshot,0,"",2026-07-18 15:04:42,2026-07-18 15:05:00
5243,"aleksco.com","Google Argon2026h2","ALEKSCO LLC | Developing the quantum domain.",screenshot,0,"",2026-07-18 15:04:42,2026-07-18 15:05:02
5242,"susujpku.com","Google Argon2026h2","Situs judi online terbaik dan terpercaya | Susujp",screenshot,0,"",2026-07-18 15:04:42,2026-07-18 15:05:02
5241,"staging.jaguarapprise.co.uk","Google Argon2026h2","Jaguar Apprise",screenshot,0,"",2026-07-18 15:04:42,2026-07-18 15:05:01
5239,"432update.update.www.update.ytorlqkj.zalaiotthonok.hu","Google Argon2026h2","432update.update.www.update.ytorlqkj.zalaiotthonok.hu",screenshot,0,"",2026-07-18 15:04:42,2026-07-18 15:05:00
5238,"xn--stevadden-3ib8123f.ph","Google Argon2026h2","Redirecting...",screenshot,0,"",2026-07-18 15:04:42,2026-07-18 15:04:59
5237,"blacklotusfund.com","Google Argon2026h2","Coming Soon",screenshot,0,"",2026-07-18 15:04:41,2026-07-18 15:04:59
5236,"hdck.de","Google Argon2026h2","hdck.de - Zubehör, Speicher, Elektronik, Technologie, Netzwerk, Kabel, HDCK",screenshot,0,"",2026-07-18 15:04:41,2026-07-18 15:04:59
5235,"wraps.in","Google Argon2026h2","wraps.in",screenshot,0,"",2026-07-18 15:04:41,2026-07-18 15:05:00
5234,"sanantoniofurnishedrental.com","Google Argon2026h2","sanantoniofurnishedrental.com",screenshot,0,"",2026-07-18 15:04:41,2026-07-18 15:04:59
5233,"orgikabserambarat.org","Google Argon2026h2","orgikabserambarat.org",screenshot,0,"",2026-07-18 15:04:41,2026-07-18 15:04:59
5232,"m4561.top","Google Argon2026h2","m4561.top",screenshot,0,"",2026-07-18 15:04:41,2026-07-18 15:04:59
5231,"folkersgulf.com","Google Argon2026h2","folkersgulf.com",screenshot,0,"",2026-07-18 15:04:41,2026-07-18 15:04:59
5230,"www.somnorest.com","Google Argon2026h2","somnorest.com is registered at Namecheap",screenshot,0,"",2026-07-18 15:04:41,2026-07-18 15:04:53
5229,"sd.emerson.ie.bmu.5ed81a32f8f0b7f7d6aa90f423b1ca88.org","Google Argon2026h2","EasyLight — простое, быстрое и стабильное подключение",screenshot,0,"",2026-07-18 15:04:41,2026-07-18 15:04:53
5227,"myerslegacygroup.com","Google Argon2026h2","myerslegacygroup.com",screenshot,1,"powered by",2026-07-18 15:04:41,2026-07-18 15:04:53
5226,"658725476whm.1gelatine-sculpt.advancedwellnessfocus.com","Google Argon2026h2","404 — Page Not Found",screenshot,0,"",2026-07-18 15:04:41,2026-07-18 15:04:53
5224,"alexliugallery.com","Google Argon2026h2","Coming Soon",screenshot,0,"",2026-07-18 15:04:41,2026-07-18 15:04:53
5222,"www.eva-plenitude.live","Google Argon2026h2","eva-plenitude.live is registered at Namecheap",screenshot,0,"",2026-07-18 15:04:41,2026-07-18 15:04:51
5221,"songaholics.com","Google Argon2027h1","",screenshot,0,"",2026-07-18 15:04:41,2026-07-18 15:04:51
5220,"www.agenticscaler.com","Google Argon2027h1","Access Denied",screenshot,0,"",2026-07-18 15:04:41,2026-07-18 15:04:51
5219,"www.huephoto.com","Google Argon2027h1","",screenshot,0,"",2026-07-18 15:04:41,2026-07-18 15:04:51
5218,"siteconcrete.com","Google Argon2027h1","",screenshot,0,"",2026-07-18 15:04:41,2026-07-18 15:04:51
5217,"americanregisterco.com","Google Argon2027h1","Home Page",screenshot,1,"login",2026-07-18 15:04:41,2026-07-18 15:04:52
5216,"collagebuilder.com","Google Argon2027h1","",screenshot,0,"",2026-07-18 15:04:41,2026-07-18 15:04:51
5215,"www.myfowlco.com","Google Argon2027h1","",screenshot,0,"",2026-07-18 15:04:41,2026-07-18 15:04:51
5214,"borrachovaca.com","Google Argon2027h1","",screenshot,0,"",2026-07-18 15:04:41,2026-07-18 15:04:49
5213,"www.ritter.bike","Google Xenon2026h2","ritter.bike is registered at Namecheap",screenshot,0,"",2026-07-18 15:04:41,2026-07-18 15:04:50
5211,"www.soulflowyogacenter.com","Google Xenon2026h2","soulflowyogacenter.com is registered at Namecheap",screenshot,0,"",2026-07-18 15:04:41,2026-07-18 15:04:50
5210,"www.octoexpresspro.com","Google Xenon2026h2","octoexpresspro.com is registered at Namecheap",screenshot,0,"",2026-07-18 15:04:41,2026-07-18 15:04:50
5209,"www.sylvesterogaji.cv","Google Xenon2026h2","Sylvester Oga Ogaji",screenshot,0,"",2026-07-18 15:04:41,2026-07-18 15:04:50
5208,"promopack24.xyz","Google Xenon2026h2","Redirecting...",screenshot,0,"",2026-07-18 15:04:41,2026-07-18 15:04:50
5207,"www.mineluma.com","Google Xenon2026h2","MineLuma",screenshot,1,"log in",2026-07-18 15:04:41,2026-07-18 15:04:50
5206,"w0uswildcardprobe-1778784048300441166.ufriskjihgfedcfedcupdate.update.432987654321go.bryanisd.org.51-222-206-184.nip.io","Google Xenon2026h2","DayDream X",screenshot,0,"",2026-07-18 15:04:41,2026-07-18 15:04:49
5205,"aheartlandvegan.com","Google Xenon2026h2","Coming Soon",screenshot,0,"",2026-07-18 15:04:41,2026-07-18 15:04:47
5204,"a5e76ry8b1oshmmh.spirulinaq.com","Google Xenon2026h2","spirulinaq.com",screenshot,0,"",2026-07-18 15:04:41,2026-07-18 15:04:48
5203,"www.wrsport.live","Google Xenon2026h2","wrsport.live is registered at Namecheap",screenshot,0,"",2026-07-18 15:04:41,2026-07-18 15:04:48
5202,"agilegrouplogistics.com","Google Xenon2026h2","Coming Soon",screenshot,0,"",2026-07-18 15:04:41,2026-07-18 15:04:47
5201,"caleflage.com","Google Xenon2026h2","Coming Soon",screenshot,0,"",2026-07-18 15:04:41,2026-07-18 15:04:48
5200,"www.andrewmatveychuk.com","Google Xenon2026h2","Andrew Matveychuk",screenshot,0,"",2026-07-18 15:04:41,2026-07-18 15:04:48
5199,"www.kulraj.biz","Google Xenon2026h2","Coming Soon",screenshot,0,"",2026-07-18 15:04:41,2026-07-18 15:04:48
5198,"draftsmanconstruction.com","Google Xenon2026h2","DRAFTSMAN CONSTRUCTION LLC",screenshot,0,"",2026-07-18 15:04:41,2026-07-18 15:04:46
5197,"elink8ac.hyroxfix.com","Google Xenon2026h2","404 Not Found",screenshot,1,"nginx",2026-07-18 15:04:41,2026-07-18 15:04:44
5196,"xn--stevadden-tqd8420f.ph","Google Xenon2026h2","Redirecting...",screenshot,0,"",2026-07-18 15:04:41,2026-07-18 15:04:45
5195,"www.claimtiptaxcredits.com","Google Xenon2026h2","claimtiptaxcredits.com is registered at Namecheap",screenshot,0,"",2026-07-18 15:04:41,2026-07-18 15:04:45
5194,"selfoss.reader.mainlandapp.cn","DigiCert Wyvern2026h2","selfoss",screenshot,0,"",2026-07-18 15:03:46,2026-07-18 15:04:47
5193,"reader.mainlandapp.cn","DigiCert Wyvern2026h2","Directory: /",screenshot,0,"",2026-07-18 15:03:46,2026-07-18 15:04:45
5192,"freshrss.reader.mainlandapp.cn","DigiCert Wyvern2026h2","登录 · FreshRSS",screenshot,0,"",2026-07-18 15:03:46,2026-07-18 15:04:46
5191,"www.naturfonstret.se.europafonster.se","DigiCert Wyvern2026h2","403 Forbidden",screenshot,1,"powered by",2026-07-18 15:03:46,2026-07-18 15:04:44
5190,"www.fonsterfonster.se.europafonster.se","DigiCert Wyvern2026h2","fonsterfonster.se – Fönster",screenshot,0,"",2026-07-18 15:03:46,2026-07-18 15:04:44
5189,"www.docu-bygg.se.europafonster.se","DigiCert Wyvern2026h2","docu-bygg.se -",screenshot,0,"",2026-07-18 15:03:46,2026-07-18 15:04:43
5188,"www.bloggradar.se.europafonster.se","DigiCert Wyvern2026h2","Charlies Glas Bygg – Glasmästeri & Byggarbeten i Stockholm",screenshot,0,"",2026-07-18 15:03:46,2026-07-18 15:04:44
5187,"okno24.eu.europafonster.se","DigiCert Wyvern2026h2","Okno PCV, najlepsze okno, okno pcv to najlepsze okno. – Okno PCV, najlepsze okno, okno pcv to najlepsze okno.",screenshot,0,"",2026-07-18 15:03:46,2026-07-18 15:04:44
5186,"okno24.eu","DigiCert Wyvern2026h2","Okno PCV, najlepsze okno, okno pcv to najlepsze okno. – Okno PCV, najlepsze okno, okno pcv to najlepsze okno.",screenshot,0,"",2026-07-18 15:03:46,2026-07-18 15:04:44
5185,"naturfonstret.se","DigiCert Wyvern2026h2","403 Forbidden",screenshot,1,"powered by",2026-07-18 15:03:46,2026-07-18 15:04:43
5184,"fonsterfonster.se","DigiCert Wyvern2026h2","fonsterfonster.se – Fönster",screenshot,0,"",2026-07-18 15:03:46,2026-07-18 15:04:44
5183,"europafonster.se","DigiCert Wyvern2026h2","europafonster – Fönster och dörrar underhållsfria",screenshot,1,"powered by",2026-07-18 15:03:46,2026-07-18 15:04:43
5182,"docu-bygg.se","DigiCert Wyvern2026h2","",screenshot,0,"",2026-07-18 15:03:46,2026-07-18 15:04:37
5180,"tirangaonline.online","DigiCert Wyvern2026h2","Your domain is expired",screenshot,1,"log in",2026-07-18 15:03:46,2026-07-18 15:04:37
5178,"waarabclub.com.au","DigiCert Wyvern2026h2","WA Arab Club",screenshot,1,"login",2026-07-18 15:03:46,2026-07-18 15:04:39
5177,"intfin.i-04891dbc795844245.prd.workdaysuv.com","DigiCert Wyvern2026h2","",screenshot,0,"",2026-07-18 15:03:46,2026-07-18 15:04:37
5176,"whm.whm.654admin.incvie5vujb80s9e4tapig.91.107.193.189.sslip.io","DigiCert Wyvern2026h2","",screenshot,0,"",2026-07-18 15:03:46,2026-07-18 15:04:37
5173,"www.bagijs2.proweldindustry.com","DigiCert Wyvern2026h2","404 Not Found",screenshot,1,"powered by",2026-07-18 15:03:46,2026-07-18 15:04:33
5172,"libdemsbromsgrove.org.uk","DigiCert Wyvern2026h2","Bromsgrove Liberal Democrats",screenshot,0,"",2026-07-18 15:03:46,2026-07-18 15:04:34
5171,"autodiscover.libdemsbromsgrove.org.uk","DigiCert Wyvern2026h2","Page Not Found",screenshot,0,"",2026-07-18 15:03:46,2026-07-18 15:04:34
5170,"wellaftercancer.com","DigiCert Wyvern2026h2","ConnectYourDomain Error | Wix.com",screenshot,0,"",2026-07-18 15:03:46,2026-07-18 15:04:34
5169,"tisvatech.in","DigiCert Wyvern2026h2","Parked Domain name on Hostinger DNS system",screenshot,0,"",2026-07-18 15:03:46,2026-07-18 15:04:34
5168,"ochickenpizza.fr","DigiCert Wyvern2026h2","ochickenpizza.fr",screenshot,0,"",2026-07-18 15:03:46,2026-07-18 15:04:34
5166,"pm.androidkernel.com","DigiCert Wyvern2026h2","",screenshot,0,"",2026-07-18 15:03:46,2026-07-18 15:04:30
5165,"update.update.www.7214327bstatus.mail.ip-173-255-205-159.cloudezapp.io","DigiCert Wyvern2026h2","update.update.www.7214327bstatus.mail.ip-173-255-205-159.cloudezapp.io",screenshot,0,"",2026-07-18 15:03:46,2026-07-18 15:04:31
5164,"himeji.47fudousan.com","DigiCert Wyvern2026h2","姫路不動産.com by47不動産 | 姫路エリアの一戸建て・マンション・土地検索なら",screenshot,0,"",2026-07-18 15:03:46,2026-07-18 15:04:33
5162,"aicoreintelligence.net","DigiCert Wyvern2026h2","Aicoreintelligence - Intelligence at the Core",screenshot,0,"",2026-07-18 15:03:46,2026-07-18 15:04:33
5161,"ultimasegmentum.com","DigiCert Wyvern2026h2","ultimasegmentum.com | 525: SSL handshake failed",screenshot,0,"",2026-07-18 15:03:46,2026-07-18 15:04:30
5160,"basaricihukuk.com","DigiCert Wyvern2026h2","Başarıcı Hukuk Bürosu",screenshot,0,"",2026-07-18 15:03:46,2026-07-18 15:04:31
5159,"37880.ph","DigiCert Wyvern2026h2","Redirecting...",screenshot,0,"",2026-07-18 15:03:46,2026-07-18 15:04:30
5158,"sz888.com.ph","DigiCert Wyvern2026h2","Redirecting...",screenshot,0,"",2026-07-18 15:03:46,2026-07-18 15:04:24
5157,"www.xn--braljandrobunty-msb762l.ph","DigiCert Wyvern2026h2","Redirecting...",screenshot,0,"",2026-07-18 15:03:46,2026-07-18 15:04:24
5154,"link.seaforthvet.ca","DigiCert Wyvern2026h2","SMTP2GO",screenshot,0,"",2026-07-18 15:03:46,2026-07-18 15:04:24
5153,"affordhomeusa.com","DigiCert Wyvern2026h2","AffordHomeUSA – Home Affordability Calculator 2026",screenshot,0,"",2026-07-18 15:03:46,2026-07-18 15:04:24
5152,"owl.warren.k12.in.us","DigiCert Wyvern2026h2","Home | The OWL",screenshot,1,"powered by",2026-07-18 15:03:46,2026-07-18 15:04:26
5151,"property.pop.21elp8xy.com","DigiCert Wyvern2026h2","property.pop.21elp8xy.com",screenshot,0,"",2026-07-18 15:03:46,2026-07-18 15:04:25
5150,"melioc.com","DigiCert Wyvern2026h2","",screenshot,0,"",2026-07-18 15:03:46,2026-07-18 15:04:21
5148,"91123.vip","DigiCert Wyvern2026h2","",screenshot,0,"",2026-07-18 15:03:46,2026-07-18 15:04:24
5147,"genova.project.ckwww.testtest.mrqz.to","DigiCert Wyvern2026h2","",screenshot,0,"",2026-07-18 15:03:46,2026-07-18 15:04:21
5146,"www.lumivexa-pro.com","DigiCert Wyvern2026h2","Lumivexa — Un studio marketing pour les marques ambitieuses",screenshot,0,"",2026-07-18 15:03:46,2026-07-18 15:04:21
5144,"www.gdscxjbsd33vlz5m.update.admin.srv993704.hstgr.cloud","DigiCert Wyvern2026h2","404: HOSTNAME_NOT_FOUND",screenshot,0,"",2026-07-18 15:03:46,2026-07-18 15:04:21
5143,"kpis.shaferfamily.net","DigiCert Wyvern2026h2","Protocol Tracker",screenshot,1,"sign in",2026-07-18 15:03:46,2026-07-18 15:04:22
5142,"music.playaudioagency.com","DigiCert Wyvern2026h2","PLAY Audio Agency",screenshot,0,"",2026-07-18 15:03:46,2026-07-18 15:04:20
5141,"gbgbetting.app","DigiCert Wyvern2026h2","GBG Betting Board",screenshot,1,"sign in",2026-07-18 15:03:46,2026-07-18 15:04:19
5140,"s0qowhm.o0mkmvd.mvd.g0ecwhm.z0ywzv0trr0pnn0ljwhm.f0dbwhm.utojmlkfihkjihgfemjqujwvutsppqxqmtn.35-205-140-87.sslip.io","DigiCert Wyvern2026h2","Mattermost",screenshot,0,"",2026-07-18 15:03:46,2026-07-18 15:04:18
5139,"www.havasu4x4.com","Google Argon2027h1","",screenshot,0,"",2026-07-18 15:03:42,2026-07-18 15:04:19
5138,"francescivello.com","Google Argon2027h1","404 - File or directory not found.",screenshot,0,"",2026-07-18 15:03:42,2026-07-18 15:04:19
5137,"www.proxysurfer.com","Google Argon2027h1","",screenshot,0,"",2026-07-18 15:03:42,2026-07-18 15:04:19
5136,"www.manzarodistribution.com","Google Argon2027h1","",screenshot,0,"",2026-07-18 15:03:42,2026-07-18 15:04:19
5135,"trainingcoursenetwork.com","Google Argon2027h1","",screenshot,0,"",2026-07-18 15:03:42,2026-07-18 15:04:19
5134,"www.myfitcoin.com","Google Argon2027h1","",screenshot,0,"",2026-07-18 15:03:42,2026-07-18 15:04:13
5132,"db385819306e57b063a1786d.netcraze.io","Google Argon2026h2","Error ""403 20""",screenshot,0,"",2026-07-18 15:03:41,2026-07-18 15:03:55
5131,"domusbaebia.com","Google Argon2026h2","Domus Baebia",screenshot,0,"",2026-07-18 15:03:41,2026-07-18 15:03:55
5129,"www.calmina.org","Google Argon2026h2","calmina.org is registered at Namecheap",screenshot,0,"",2026-07-18 15:03:41,2026-07-18 15:03:55
5128,"designbrowncow.com","Google Argon2026h2","Coming Soon",screenshot,0,"",2026-07-18 15:03:41,2026-07-18 15:03:54
5124,"bestanden.groenevrienden-energie.nl","Google Argon2026h2","Groene Vrienden Energie",screenshot,0,"",2026-07-18 15:03:41,2026-07-18 15:03:48
5123,"nextgenfootballgym.co.uk","Google Argon2026h2","Home - NextGen Football Gym",screenshot,0,"",2026-07-18 15:03:41,2026-07-18 15:03:51
5122,"boz138.net","Google Argon2026h2","Boz138 : Boz 138 Ultimate Fun Gaming Experience Online",screenshot,1,"login",2026-07-18 15:03:41,2026-07-18 15:03:48
5121,"880557.com","Google Argon2026h2","导航",screenshot,0,"",2026-07-18 15:03:41,2026-07-18 15:03:51
5120,"hard2beat.vc","Google Argon2026h2","Early-stage VC for Polish deep tech - Hard2beat",screenshot,0,"",2026-07-18 15:03:41,2026-07-18 15:03:50
5117,"qolc.de","Google Argon2026h2","qolc.de - Lebensqualität, Entspannung, Gesundheit, Ernährung, Wohlbefinden, Fitness, QOLC",screenshot,0,"",2026-07-18 15:03:41,2026-07-18 15:04:12
5116,"www.justamerican.xyz","Google Argon2026h2","JUSTA | Bridging Dreams",screenshot,0,"",2026-07-18 15:03:41,2026-07-18 15:04:12
5115,"simcauto.syonet.com","Google Argon2026h2","Attention Required! | Cloudflare",screenshot,0,"",2026-07-18 15:03:41,2026-07-18 15:04:12
5113,"chrona-assistant.com","Google Xenon2026h2","TaxPal - Accounting made simple for small businesses",screenshot,0,"",2026-07-18 15:03:41,2026-07-18 15:04:12
5112,"xn--2lclkw0fb.xn--xkc2dl3a5ee0h","Google Xenon2026h2","Lovable App",screenshot,0,"",2026-07-18 15:03:41,2026-07-18 15:04:07
5109,"www.rxfiller.net","DigiCert Wyvern2026h2","rxfiller.net is registered at Namecheap",screenshot,0,"",2026-07-18 15:02:32,2026-07-18 15:04:07
5108,"blackcandlemakersclub.com","DigiCert Wyvern2026h2","Coming Soon",screenshot,0,"",2026-07-18 15:02:32,2026-07-18 15:04:06
5106,"editor.zykli.ru","DigiCert Wyvern2026h2","Editor",screenshot,0,"",2026-07-18 15:02:32,2026-07-18 15:04:07
5105,"www.tiaforsman.com","DigiCert Wyvern2026h2","Tia Forsman",screenshot,0,"",2026-07-18 15:02:32,2026-07-18 15:04:07
5104,"www.pathwyze.net","DigiCert Wyvern2026h2","Retirement Readiness Planning for Affluent Pre-Retirees",screenshot,0,"",2026-07-18 15:02:32,2026-07-18 15:04:02
5103,"www.suomifoot.com","DigiCert Wyvern2026h2","suomifoot.com is registered at Namecheap",screenshot,1,"sign in",2026-07-18 15:02:32,2026-07-18 15:04:01
5102,"prikeitauxaupei-k2f78c726-1rv.pages.dev","DigiCert Wyvern2026h2","prikeitauxaupei-k2f78c726-1rv.pages.dev",screenshot,0,"",2026-07-18 15:02:32,2026-07-18 15:04:00
5101,"commonground.ph","DigiCert Wyvern2026h2","Skate | Sneaker Care | Coffee – Common Ground",screenshot,0,"",2026-07-18 15:02:32,2026-07-18 15:04:01
5100,"microclimate.today","DigiCert Wyvern2026h2","미기후 스튜디오",screenshot,0,"",2026-07-18 15:02:32,2026-07-18 15:04:01
5099,"www.mermeond.com","DigiCert Wyvern2026h2","mermeond.com is registered at Namecheap",screenshot,0,"",2026-07-18 15:02:32,2026-07-18 15:04:01
5098,"mexico.latic.co","DigiCert Wyvern2026h2","Latic México – Build the bridge of dream",screenshot,0,"",2026-07-18 15:02:32,2026-07-18 15:04:01
5097,"www.icecasino-paraguay-online.com","DigiCert Wyvern2026h2","icecasino-paraguay-online.com is registered at Namecheap",screenshot,0,"",2026-07-18 15:02:32,2026-07-18 15:03:02
5096,"server.via-baltia.ru","DigiCert Wyvern2026h2","Domain has been assigned",screenshot,0,"",2026-07-18 15:02:32,2026-07-18 15:03:02
5094,"www.uncontestit.com","DigiCert Wyvern2026h2","Coming Soon",screenshot,0,"",2026-07-18 15:02:32,2026-07-18 15:03:01
5093,"stats.parametric.co.il","DigiCert Wyvern2026h2","Plausible · Simple, privacy-friendly alternative to Google Analytics",screenshot,1,"login",2026-07-18 15:02:32,2026-07-18 15:03:01
5092,"www.surveysparrowvalue.com","DigiCert Wyvern2026h2","surveysparrowvalue.com is registered at Namecheap",screenshot,0,"",2026-07-18 15:02:32,2026-07-18 15:03:02
5091,"casino-9u8.click","DigiCert Wyvern2026h2","Attention Required! | Cloudflare",screenshot,0,"",2026-07-18 15:02:32,2026-07-18 15:03:01
5090,"www.purechoice.shop","DigiCert Wyvern2026h2","Goodproducts",screenshot,1,"powered by",2026-07-18 15:02:32,2026-07-18 15:03:04
5089,"www.pacificawning.ca","DigiCert Wyvern2026h2","pacificawning.ca is registered at Namecheap",screenshot,0,"",2026-07-18 15:02:32,2026-07-18 15:03:02
5088,"hyponas.5ddd.com","DigiCert Wyvern2026h2","FN Connect 远程访问 - 飞牛 fnOS",screenshot,0,"",2026-07-18 15:02:32,2026-07-18 15:04:00
5087,"os.lopesrefrigeracao.com.br","DigiCert Wyvern2026h2","Map-OS",screenshot,0,"",2026-07-18 15:02:32,2026-07-18 15:03:55
5086,"lopesrefrigeracao.com.br","DigiCert Wyvern2026h2","Lopes Refrigeração",screenshot,0,"",2026-07-18 15:02:32,2026-07-18 15:03:02
5085,"www.cardsharkai.com","DigiCert Wyvern2026h2","CardShark — Personal debt intelligence",screenshot,1,"it works",2026-07-18 15:02:32,2026-07-18 15:02:55
5084,"www.zingytails.com","DigiCert Wyvern2026h2","zingytails.com is registered at Namecheap",screenshot,0,"",2026-07-18 15:02:32,2026-07-18 15:02:56
5083,"immich-proxy.lihme.com","DigiCert Wyvern2026h2","",screenshot,0,"",2026-07-18 15:02:32,2026-07-18 15:02:55
5081,"www.balfourbrewery.co.uk","DigiCert Wyvern2026h2","co.uk is registered at Namecheap",screenshot,0,"",2026-07-18 15:02:32,2026-07-18 15:02:56
5079,"www.secopsai.net","DigiCert Wyvern2026h2","secopsai.net is registered at Namecheap",screenshot,0,"",2026-07-18 15:02:32,2026-07-18 15:02:56
5078,"www.sebastian-bahr.com","DigiCert Wyvern2026h2","Sebastian Bahr",screenshot,0,"",2026-07-18 15:02:32,2026-07-18 15:02:56
5077,"webmail.jobtalent.com.br","DigiCert Wyvern2026h2","Webmail Login",screenshot,1,"webmail",2026-07-18 15:02:32,2026-07-18 15:02:56
5075,"mail.jobtalent.com.br","DigiCert Wyvern2026h2","JobTalent - Recrutamento e Seleção para a Área da Saúde",screenshot,0,"",2026-07-18 15:02:32,2026-07-18 15:02:57
5074,"jobtalent.com.br","DigiCert Wyvern2026h2","JobTalent - Recrutamento e Seleção para a Área da Saúde",screenshot,0,"",2026-07-18 15:02:32,2026-07-18 15:03:00
5073,"cpcontacts.jobtalent.com.br","DigiCert Wyvern2026h2","403 Forbidden",screenshot,1,"powered by",2026-07-18 15:02:32,2026-07-18 15:02:49
5072,"cpcalendars.jobtalent.com.br","DigiCert Wyvern2026h2","403 Forbidden",screenshot,1,"powered by",2026-07-18 15:02:32,2026-07-18 15:02:49
5071,"cpanel.jobtalent.com.br","DigiCert Wyvern2026h2","Identifiant cPanel",screenshot,1,"cpanel",2026-07-18 15:02:32,2026-07-18 15:02:51
5069,"www.securityisbroken.com","DigiCert Wyvern2026h2","Coming Soon",screenshot,0,"",2026-07-18 15:02:32,2026-07-18 15:02:49
5068,"52gao5588d.cc","DigiCert Wyvern2026h2","Redirecting...",screenshot,0,"",2026-07-18 15:02:32,2026-07-18 15:02:49
5066,"mail.serkamedya.com","DigiCert Wyvern2026h2","",screenshot,0,"",2026-07-18 15:02:32,2026-07-18 15:02:52
5065,"grubzz.in","DigiCert Wyvern2026h2","GRUBZZ",screenshot,1,"powered by",2026-07-18 15:02:32,2026-07-18 15:02:52
5064,"www.theglitterage.com","DigiCert Wyvern2026h2","Coming Soon",screenshot,0,"",2026-07-18 15:02:32,2026-07-18 15:02:49
5063,"nikhilwad.online","DigiCert Wyvern2026h2","nikhilwad.online is registered at Namecheap",screenshot,1,"sign in",2026-07-18 15:02:32,2026-07-18 15:02:50
5062,"www.antiparosapartment.com","DigiCert Wyvern2026h2","Home",screenshot,1,"powered by",2026-07-18 15:02:32,2026-07-18 15:02:50
5061,"werkenbijwijdemeren.nl","DigiCert Wyvern2026h2","Melding - Werkenbij Wijdemeren",screenshot,1,"powered by",2026-07-18 15:02:32,2026-07-18 15:02:47
5060,"www.indiansott.com","DigiCert Wyvern2026h2","indiansott.com is registered at Namecheap",screenshot,0,"",2026-07-18 15:02:32,2026-07-18 15:02:47
5059,"1pg163.com","DigiCert Wyvern2026h2","",screenshot,0,"",2026-07-18 15:02:32,2026-07-18 15:02:49
5057,"www.regnreiki.ca","DigiCert Wyvern2026h2","Squarespace - Website Expired",screenshot,1,"login",2026-07-18 15:02:32,2026-07-18 15:02:47
5056,"psmp4.cn","DigiCert Wyvern2026h2","",screenshot,0,"",2026-07-18 15:02:32,2026-07-18 15:02:48
5055,"get-x-game-vhod.top","DigiCert Wyvern2026h2","Get X Casino официальный сайт - Актуальное зеркало и вход в Гет Икс | Играть онлайн",screenshot,0,"",2026-07-18 15:02:32,2026-07-18 15:02:46
5054,"intensive-colearing-development-backend-stage.lxdao.io","DigiCert Wyvern2026h2","",screenshot,0,"",2026-07-18 15:02:32,2026-07-18 15:02:46
5053,"contact.ortcloud.space","DigiCert Wyvern2026h2","",screenshot,0,"",2026-07-18 15:02:32,2026-07-18 15:02:47
5051,"zh.happycnyhk.org","DigiCert Wyvern2026h2","Home | Happy CNY",screenshot,0,"",2026-07-18 15:02:32,2026-07-18 15:02:48
5050,"djparts.nl","DigiCert Wyvern2026h2","Onderhoud van DJParts.nl",screenshot,0,"",2026-07-18 15:02:32,2026-07-18 15:02:46
5049,"hgelectrosolution.com","DigiCert Wyvern2026h2","Electricos",screenshot,0,"",2026-07-18 15:02:32,2026-07-18 15:02:42
5048,"www.bobcatliftatlanta.com","DigiCert Wyvern2026h2","Coming Soon",screenshot,0,"",2026-07-18 15:02:32,2026-07-18 15:02:42
5047,"test.www.portal.portal.admin.userlink.ets.mrqz.to","DigiCert Wyvern2026h2","",screenshot,0,"",2026-07-18 15:02:32,2026-07-18 15:02:42
5046,"www.rppi.ph","DigiCert Wyvern2026h2","Redirecting...",screenshot,0,"",2026-07-18 15:02:32,2026-07-18 15:02:42
5045,"maimihangar.com","DigiCert Wyvern2026h2","Home",screenshot,1,"powered by",2026-07-18 15:02:32,2026-07-18 15:02:42
5042,"www.strevo.io","DigiCert Wyvern2026h2","Strēvo",screenshot,0,"",2026-07-18 15:02:32,2026-07-18 15:02:42
5040,"www.verdantlandscapeco.com","DigiCert Wyvern2026h2","Coming Soon",screenshot,0,"",2026-07-18 15:02:32,2026-07-18 15:02:42
5039,"tyusjones.com","DigiCert Wyvern2026h2","TYUS JONES △ Write Your Own Story",screenshot,0,"",2026-07-18 15:02:32,2026-07-18 15:02:43
5038,"evcc.wusterhusen.reske.me","DigiCert Wyvern2026h2","... | evcc",screenshot,0,"",2026-07-18 15:02:32,2026-07-18 15:02:42
5037,"the-watch-series.to","DigiCert Wyvern2026h2","Redirecting...",screenshot,0,"",2026-07-18 15:02:32,2026-07-18 15:02:37
5035,"appweb.2gjj.life","DigiCert Wyvern2026h2","403 Forbidden",screenshot,1,"nginx",2026-07-18 15:02:32,2026-07-18 15:02:38
5034,"erpcem-4boruh-ikarp.work","DigiCert Wyvern2026h2","",screenshot,0,"",2026-07-18 15:02:32,2026-07-18 15:02:38
5033,"citywideappraisal.org","Google Argon2026h2","403",screenshot,0,"",2026-07-18 15:02:28,2026-07-18 15:02:37
5032,"katerinasmithart.xyz","Google Argon2026h2","katerinasmithart",screenshot,0,"",2026-07-18 15:02:28,2026-07-18 15:02:41
5030,"olivias-oven.net","Google Argon2026h2","olivias-oven.net",screenshot,0,"",2026-07-18 15:02:28,2026-07-18 15:02:37
5029,"tkd-gdansk.pl","Google Argon2026h2","Gdański Klub Taekwon-do ITF",screenshot,0,"",2026-07-18 15:02:28,2026-07-18 15:02:38
5028,"monkapiten.fr","Google Argon2026h2","MonKapiten : logiciel de facturation, devis et gestion conforme 2026",screenshot,0,"",2026-07-18 15:02:28,2026-07-18 15:02:37
5027,"shucor.com","Google Argon2026h2","Domain Names,Web Hosting,Web Design and SEO,Canada, USA, Fastwebsites",screenshot,0,"",2026-07-18 15:02:28,2026-07-18 15:02:38
5026,"api.conforama.ch","Google Argon2026h2","HTTP Status 404 – Not Found",screenshot,0,"",2026-07-18 15:02:28,2026-07-18 15:02:37
5025,"www.fatpacket.org","Google Argon2026h2","Coming Soon",screenshot,0,"",2026-07-18 15:02:28,2026-07-18 15:02:31
5023,"intcore.n-6c8t3bul2aqb1e1je9iae.prd.workdaysuv.com","Google Argon2026h2","",screenshot,0,"",2026-07-18 15:02:28,2026-07-18 15:02:31
5022,"www.youregolden.info","Google Argon2026h2","Coming Soon",screenshot,0,"",2026-07-18 15:02:28,2026-07-18 15:02:31
5020,"www.updatehook.com","Google Argon2026h2","Coming Soon",screenshot,0,"",2026-07-18 15:02:28,2026-07-18 15:02:31
5018,"www.sunlightarmourrealestate.com","Google Argon2026h2","Coming Soon",screenshot,0,"",2026-07-18 15:02:28,2026-07-18 15:02:31
5017,"twww.onwww.iwww.dcbyxwvutkjedcba876143spx6i00tk119yd4i.ai-assistant.internetleiden.nl","Google Argon2026h2","403 Forbidden",screenshot,0,"",2026-07-18 15:02:28,2026-07-18 15:02:34
5015,"www.pamericanb.com","Google Argon2027h1","",screenshot,0,"",2026-07-18 15:02:28,2026-07-18 15:02:31
5014,"thegreekalphabet.com","Google Argon2027h1","",screenshot,0,"",2026-07-18 15:02:28,2026-07-18 15:02:32
5013,"grantwahlquist.com","Google Xenon2026h2","Grant Wahlquist Gallery | Portland | Maine",screenshot,0,"",2026-07-18 15:02:27,2026-07-18 15:02:29
5012,"myautolens.com","Google Xenon2026h2","AutoLens - Used Car Inspection Reports",screenshot,1,"it works",2026-07-18 15:02:27,2026-07-18 15:02:30
5010,"richard-williams-photography.com","Google Xenon2026h2","Home - Richard Williams",screenshot,0,"",2026-07-18 15:02:27,2026-07-18 15:02:29
5009,"emaildeveloper.org","Google Xenon2026h2","403 Forbidden",screenshot,0,"",2026-07-18 15:02:27,2026-07-18 15:02:29
5008,"phpmyadmin.blog.ftp.events.digitalexpertsacademy.com","Google Xenon2026h2","Bizzabo | 404 | Social Networking in conferences, meetups and events made easy with Bizzabo’s mobile networking solution",screenshot,0,"",2026-07-18 15:02:27,2026-07-18 15:02:29
5007,"thegreatestsnow.com","Google Xenon2026h2","Coming Soon",screenshot,0,"",2026-07-18 15:02:27,2026-07-18 15:02:29
5006,"fw.tmb.org.tr","Google Xenon2026h2","ACME Access Only",screenshot,0,"",2026-07-18 15:02:27,2026-07-18 15:02:29
5005,"vld.com.tr","Google Xenon2026h2","VLD Mühendislik – The choice of the future",screenshot,0,"",2026-07-18 15:02:27,2026-07-18 15:02:30
5004,"super44x.com","Google Xenon2026h2","Super44 🎲 Super44 Ulasan Slot Daring, Kasino Langsung, dan Penyedia Permainan 2026",screenshot,0,"",2026-07-18 15:02:27,2026-07-18 15:02:29
5003,"www.scattymail.com","Google Xenon2026h2","Coming Soon",screenshot,0,"",2026-07-18 15:02:27,2026-07-18 15:02:29
5002,"whm.7whm.705321oimkbupdate.ptrnksandbox.34.72.242.217.nip.io","Google Xenon2026h2","Login | Cloud Ready Backup",screenshot,1,"login",2026-07-18 15:02:27,2026-07-18 15:02:30
5001,"www.hustlewithai.co","Google Xenon2026h2","FLOW",screenshot,1,"powered by",2026-07-18 15:02:27,2026-07-18 15:02:28
5000,"www.pacificpalmsphotography.com","DigiCert Wyvern2026h2","Coming Soon",screenshot,0,"",2026-07-18 15:01:28,2026-07-18 15:01:43
4999,"www.swarmnetworking.com","DigiCert Wyvern2026h2","Coming Soon",screenshot,0,"",2026-07-18 15:01:28,2026-07-18 15:01:37
4997,"www.thrushbusterinfo.com","DigiCert Wyvern2026h2","Thrushbuster",screenshot,0,"",2026-07-18 15:01:28,2026-07-18 15:01:38
4995,"metric.notepads.cc","DigiCert Wyvern2026h2","403 Forbidden",screenshot,0,"",2026-07-18 15:01:28,2026-07-18 15:01:38
4994,"www.rocioeckhoff.com","DigiCert Wyvern2026h2","Private Site",screenshot,1,"log in",2026-07-18 15:01:28,2026-07-18 15:01:38
4991,"diadacervejabahamas.com.br","DigiCert Wyvern2026h2","DIA DA CERVEJA BAHAMAS",screenshot,0,"",2026-07-18 15:01:28,2026-07-18 15:01:40
4990,"medusacrm2.mbm.gr","DigiCert Wyvern2026h2","Error",screenshot,0,"",2026-07-18 15:01:28,2026-07-18 15:01:37
4989,"www.inlivingcolor.de","Google Argon2026h2","In Living Color",screenshot,0,"",2026-07-18 15:01:28,2026-07-18 15:01:38
4988,"healthbridgeconsulting.ca","Google Argon2026h2","Coming Soon",screenshot,0,"",2026-07-18 15:01:28,2026-07-18 15:01:37
4987,"www.hypedboba.com","Google Argon2026h2","Squarespace - Website Expired",screenshot,1,"login",2026-07-18 15:01:28,2026-07-18 15:01:32
4986,"www.leonardoviridian.com","Google Argon2026h2","Coming Soon",screenshot,0,"",2026-07-18 15:01:28,2026-07-18 15:01:31
4985,"ywhm.whm.q0omm0kim0kii0gei0gelovinggodintraspiritualcenterdate.ycwmjavf.cyberoffice.cc","Google Argon2026h2","Odoo",screenshot,0,"",2026-07-18 15:01:28,2026-07-18 15:01:33
4984,"www.jimmyconroy.com","Google Argon2026h2","Coming Soon",screenshot,0,"",2026-07-18 15:01:28,2026-07-18 15:01:31
4983,"lingerie-fashion.ru","Google Argon2026h2","Женское белье интернет магазин | LingerieFashion",screenshot,0,"",2026-07-18 15:01:28,2026-07-18 15:01:34
4982,"www.witchcraftstudios-shop.com","Google Argon2026h2","Coming Soon",screenshot,0,"",2026-07-18 15:01:28,2026-07-18 15:01:32
4979,"www.handwrittenstudios615.com","Google Argon2026h2","Coming Soon",screenshot,0,"",2026-07-18 15:01:28,2026-07-18 15:01:31
4978,"www.earthsign.org","Google Argon2026h2","earthsign.org is registered at Namecheap",screenshot,0,"",2026-07-18 15:01:28,2026-07-18 15:01:32
4976,"diffusionemodagroup.ch","Google Xenon2026h2","",screenshot,0,"",2026-07-18 15:01:27,2026-07-18 15:01:31
4975,"drcarlosalbertomatizpedrazamd.com","Google Xenon2026h2","drcarlosalbertomatizpedrazamd.com",screenshot,0,"",2026-07-18 15:01:27,2026-07-18 15:01:28
4974,"batchdeal.com","Google Xenon2026h2","batchdeal.com — DomainCharts",screenshot,0,"",2026-07-18 15:01:27,2026-07-18 15:01:29
4973,"www.reecewoodworks.com","Google Xenon2026h2","Squarespace - Website Expired",screenshot,1,"login",2026-07-18 15:01:27,2026-07-18 15:01:29
4972,"www.littlerosewild.com","Google Xenon2026h2","Coming Soon",screenshot,0,"",2026-07-18 15:01:27,2026-07-18 15:01:28
4971,"pghtforwarder.com.ph","Google Xenon2026h2","Redirecting...",screenshot,0,"",2026-07-18 15:01:27,2026-07-18 15:01:28
4970,"www.magicoftheholidaystickets.com","Google Xenon2026h2","magicoftheholidaystickets.com is registered at Namecheap",screenshot,0,"",2026-07-18 15:01:27,2026-07-18 15:01:29
4969,"www.macsmodes.com","Google Xenon2026h2","Coming Soon",screenshot,0,"",2026-07-18 15:01:27,2026-07-18 15:01:28
4968,"4ea44f6fe748bdbbd7d3d8d6.netcraze.io","Google Xenon2026h2","Error ""403 20""",screenshot,0,"",2026-07-18 15:01:27,2026-07-18 15:01:29
4967,"the-newstandard.com","Google Xenon2026h2","The New Standard — Luxury Reviews, Rates & Outcomes",screenshot,1,"it works",2026-07-18 15:01:27,2026-07-18 15:01:29
4966,"iihodesign.com","Google Xenon2026h2","iiho Design Studio 線上空間與軟裝設計｜室內設計、花藝佈置",screenshot,0,"",2026-07-18 15:01:27,2026-07-18 15:01:31
4965,"payment.hendristore.biz.id","Google Xenon2026h2","Hendri Store - Payment",screenshot,0,"",2026-07-18 15:01:27,2026-07-18 15:01:28
4964,"www.zebraworkouts.com","Google Xenon2026h2","Zebra Workouts",screenshot,1,"login",2026-07-18 15:01:27,2026-07-18 15:01:30
4963,"www.la-planka.ru","DigiCert Wyvern2026h2","Лариса Винник - фитнес-эксперт",screenshot,0,"",2026-07-18 15:00:29,2026-07-18 15:01:25
4962,"www.mycanopybenefits.com","DigiCert Wyvern2026h2","Canopy Benefit Advisors",screenshot,0,"",2026-07-18 15:00:29,2026-07-18 15:01:23
4960,"www.alschurchofchrist.org","DigiCert Wyvern2026h2","Chosen of God, and Precious",screenshot,0,"",2026-07-18 15:00:29,2026-07-18 15:01:24
4959,"thedogstudiogrooming.com","DigiCert Wyvern2026h2","The Dog Studio | Perthshire's Leading Dog Groomer",screenshot,1,"powered by",2026-07-18 15:00:29,2026-07-18 15:01:24
4958,"recyclebinparser.com","DigiCert Wyvern2026h2","Analyseur de Corbeille",screenshot,0,"",2026-07-18 15:00:29,2026-07-18 15:01:24
4957,"pokemonponzi.com","DigiCert Wyvern2026h2","",screenshot,0,"",2026-07-18 15:00:29,2026-07-18 15:01:24
4956,"www.desiringly.com","DigiCert Wyvern2026h2","Desiringly.com — Premium Domain For Sale | Atom",screenshot,0,"",2026-07-18 15:00:29,2026-07-18 15:01:23
4954,"vpn01.z4c.cc","DigiCert Wyvern2026h2","z4c.cc",screenshot,0,"",2026-07-18 15:00:29,2026-07-18 15:01:17
4953,"8siam.online","DigiCert Wyvern2026h2","8siam.online — Coming Soon",screenshot,1,"log in",2026-07-18 15:00:29,2026-07-18 15:01:17
4952,"www.lokie.coffee","DigiCert Wyvern2026h2","Coming Soon",screenshot,0,"",2026-07-18 15:00:29,2026-07-18 15:01:16
4951,"www.pvha-comfort.com","DigiCert Wyvern2026h2","Home | Powell Valley Heating and Air, Inc.",screenshot,0,"",2026-07-18 15:00:29,2026-07-18 15:01:18
4950,"www.nimblecreative.net","DigiCert Wyvern2026h2","Nimble Creative Services",screenshot,1,"it works",2026-07-18 15:00:29,2026-07-18 15:01:17
4949,"www.energyeminence.online","DigiCert Wyvern2026h2","Power Grid Digital Twin",screenshot,0,"",2026-07-18 15:00:29,2026-07-18 15:01:17
4947,"www.adamreedellsworth.com","DigiCert Wyvern2026h2","Coming Soon",screenshot,0,"",2026-07-18 15:00:29,2026-07-18 15:01:16
4945,"webmail.usbddigitalsolutions.com","DigiCert Wyvern2026h2","Webmail Login",screenshot,1,"webmail",2026-07-18 15:00:29,2026-07-18 15:01:17
4943,"usbddigitalsolutions.com","DigiCert Wyvern2026h2","403 Forbidden",screenshot,0,"",2026-07-18 15:00:29,2026-07-18 15:01:11
4942,"mail.usbddigitalsolutions.com","DigiCert Wyvern2026h2","403 Forbidden",screenshot,0,"",2026-07-18 15:00:29,2026-07-18 15:01:11
4939,"cpanel.usbddigitalsolutions.com","DigiCert Wyvern2026h2","cPanel Login",screenshot,1,"cpanel",2026-07-18 15:00:29,2026-07-18 15:01:11
4938,"autodiscover.usbddigitalsolutions.com","DigiCert Wyvern2026h2","",screenshot,0,"",2026-07-18 15:00:29,2026-07-18 15:01:11
4937,"witchmeditate.com","DigiCert Wyvern2026h2","Coming Soon",screenshot,0,"",2026-07-18 15:00:29,2026-07-18 15:01:10
4936,"lgc.omnius.pro","DigiCert Wyvern2026h2","Omnius Pro - LGC pro",screenshot,0,"",2026-07-18 15:00:29,2026-07-18 15:01:11
4935,"www.puertoricopies.com","DigiCert Wyvern2026h2","Coming Soon",screenshot,0,"",2026-07-18 15:00:29,2026-07-18 15:01:10
4932,"www.bloomintheshadowstherapy.com","DigiCert Wyvern2026h2","Coming Soon",screenshot,0,"",2026-07-18 15:00:29,2026-07-18 15:01:10
4930,"kk11u.icu","DigiCert Wyvern2026h2","空投领取",screenshot,0,"",2026-07-18 15:00:29,2026-07-18 15:01:06
4929,"www.zmmlawaczaplicki.pl","DigiCert Wyvern2026h2","Home - Zakład Mięsny J.S. Czaplicki Mława",screenshot,0,"",2026-07-18 15:00:29,2026-07-18 15:01:06
4927,"ikgascheiden.be","DigiCert Wyvern2026h2","Wat is een echtscheiding met onderlinge toestemming?",screenshot,0,"",2026-07-18 15:00:29,2026-07-18 15:01:04
4926,"proposals.legionntx.com","DigiCert Wyvern2026h2","",screenshot,0,"",2026-07-18 15:00:29,2026-07-18 15:01:05
4923,"www.everynook.net","DigiCert Wyvern2026h2","Coming Soon",screenshot,0,"",2026-07-18 15:00:29,2026-07-18 15:01:04
4922,"marketingexpertos.es","DigiCert Wyvern2026h2","This Page Does Not Exist",screenshot,0,"",2026-07-18 15:00:29,2026-07-18 15:01:05
4921,"www.mjjbenviro.com","DigiCert Wyvern2026h2","MJJB Environmental Construction",screenshot,0,"",2026-07-18 15:00:29,2026-07-18 15:01:05
4916,"www.realtorsworkshop.com","DigiCert Wyvern2026h2","Coming Soon",screenshot,0,"",2026-07-18 15:00:29,2026-07-18 15:00:58
4915,"jakob-gretser-schule.de","DigiCert Wyvern2026h2","Jakob-Gretser-Schule Markdorf | Startseite |  ",screenshot,0,"",2026-07-18 15:00:29,2026-07-18 15:00:59
4913,"jehovas-zeugen-at-stg.jw-cms-wp-001.org","DigiCert Wyvern2026h2","Jehovah’s Witnesses in Austria - Jehovah's Witnesses",screenshot,0,"",2026-07-18 15:00:29,2026-07-18 15:01:01
4912,"www.burakservices.com","DigiCert Wyvern2026h2","Burak Services | Professional Staffing & Recruitment Agency UK",screenshot,0,"",2026-07-18 15:00:29,2026-07-18 15:00:58
4911,"www.simmoncap.org","DigiCert Wyvern2026h2","Simmons Capital Partners",screenshot,0,"",2026-07-18 15:00:29,2026-07-18 15:01:02
4910,"www.oemcontracts.com","DigiCert Wyvern2026h2","Squarespace - No Such Website",screenshot,0,"",2026-07-18 15:00:29,2026-07-18 15:00:59
4909,"poocoo.de","DigiCert Wyvern2026h2","Scrabble Hilfe: Wortsuche & Wordfeud Wörterbuch | POOCOO",screenshot,0,"",2026-07-18 15:00:29,2026-07-18 15:00:58
4908,"www.kcorigin.net","DigiCert Wyvern2026h2","Coming Soon",screenshot,0,"",2026-07-18 15:00:29,2026-07-18 15:00:58
4906,"goo4.com","DigiCert Wyvern2026h2","Parked Domain name on Hostinger DNS system",screenshot,0,"",2026-07-18 15:00:29,2026-07-18 15:00:52
4905,"rbbulbs.nl","DigiCert Wyvern2026h2","TransIP - Reserved domain",screenshot,0,"",2026-07-18 15:00:29,2026-07-18 15:00:53
4904,"www.richardpallotcounselling.co.uk","DigiCert Wyvern2026h2","Richard Pallot Counselling",screenshot,0,"",2026-07-18 15:00:29,2026-07-18 15:00:53
4903,"www.yma.mxs.mybluehost.me","DigiCert Wyvern2026h2","Welcome -",screenshot,1,"powered by",2026-07-18 15:00:29,2026-07-18 15:00:52
4902,"webmail.yma.mxs.mybluehost.me","DigiCert Wyvern2026h2","Webmail Login",screenshot,1,"webmail",2026-07-18 15:00:29,2026-07-18 15:00:52
4900,"mail.yma.mxs.mybluehost.me","DigiCert Wyvern2026h2","Welcome -",screenshot,1,"powered by",2026-07-18 15:00:29,2026-07-18 15:00:52
4899,"cpcontacts.yma.mxs.mybluehost.me","DigiCert Wyvern2026h2","503 Service Unavailable",screenshot,0,"",2026-07-18 15:00:29,2026-07-18 15:00:52
4898,"cpcalendars.yma.mxs.mybluehost.me","DigiCert Wyvern2026h2","503 Service Unavailable",screenshot,0,"",2026-07-18 15:00:29,2026-07-18 15:00:52
4897,"autodiscover.yma.mxs.mybluehost.me","DigiCert Wyvern2026h2","",screenshot,0,"",2026-07-18 15:00:29,2026-07-18 15:00:52
4896,"new-sales.landrover.co.uk","DigiCert Wyvern2026h2","Home Page",screenshot,0,"",2026-07-18 15:00:29,2026-07-18 15:00:52
4895,"de.kimura-karate.com","DigiCert Wyvern2026h2","ConnectYourDomain Error | Wix.com",screenshot,0,"",2026-07-18 15:00:29,2026-07-18 15:00:50
4894,"www.benjaminmcnabb.com","DigiCert Wyvern2026h2","Coming Soon",screenshot,0,"",2026-07-18 15:00:29,2026-07-18 15:00:50
4893,"www.status.admin.portal.portal.okzlcsmtp3.h2862589.stratoserver.net","DigiCert Wyvern2026h2","Mattermost",screenshot,0,"",2026-07-18 15:00:29,2026-07-18 15:00:50
4892,"gt.ropsharing.dev","DigiCert Wyvern2026h2","GlitchTip",screenshot,0,"",2026-07-18 15:00:29,2026-07-18 15:00:50
4891,"cederbergmekaniska.se","DigiCert Wyvern2026h2","Parked at Loopia",screenshot,1,"login",2026-07-18 15:00:29,2026-07-18 15:00:50
4890,"www.secondchancesawmilloftexas.com","DigiCert Wyvern2026h2","Second Chance Sawmill of Texas",screenshot,1,"powered by",2026-07-18 15:00:29,2026-07-18 15:00:50
4889,"knoxengenharia.com.br","DigiCert Wyvern2026h2","Home - KNOX Engenharia",screenshot,0,"",2026-07-18 15:00:29,2026-07-18 15:00:52
4888,"runpayonwire.co","DigiCert Wyvern2026h2","Just a moment...",screenshot,0,"",2026-07-18 15:00:29,2026-07-18 15:00:50
4887,"fizioikskile.lv","DigiCert Wyvern2026h2","WordPress › fout",screenshot,0,"",2026-07-18 15:00:29,2026-07-18 15:00:50
4886,"redskysnacks.co.uk","DigiCert Wyvern2026h2","Red Sky",screenshot,0,"",2026-07-18 15:00:29,2026-07-18 15:00:49
4885,"www.forg.de","DigiCert Wyvern2026h2","",screenshot,0,"",2026-07-18 15:00:29,2026-07-18 15:00:50
4884,"wwg.se","DigiCert Wyvern2026h2","",screenshot,0,"",2026-07-18 15:00:29,2026-07-18 15:00:50
4883,"vodec.nl","DigiCert Wyvern2026h2","",screenshot,0,"",2026-07-18 15:00:29,2026-07-18 15:00:44
4882,"vloervinyl.nl","DigiCert Wyvern2026h2","",screenshot,0,"",2026-07-18 15:00:29,2026-07-18 15:00:44
4881,"vloerencentrum.nl","DigiCert Wyvern2026h2","",screenshot,0,"",2026-07-18 15:00:29,2026-07-18 15:00:44
4880,"vlierhof.nl","DigiCert Wyvern2026h2","",screenshot,0,"",2026-07-18 15:00:29,2026-07-18 15:00:44
4879,"vliegveldmaastricht.nl","DigiCert Wyvern2026h2","",screenshot,0,"",2026-07-18 15:00:29,2026-07-18 15:00:44
4878,"vivanova.nl","DigiCert Wyvern2026h2","",screenshot,0,"",2026-07-18 15:00:29,2026-07-18 15:00:44
4877,"vitaslim.nl","DigiCert Wyvern2026h2","",screenshot,0,"",2026-07-18 15:00:29,2026-07-18 15:00:44
4876,"goverdina.nl","DigiCert Wyvern2026h2","",screenshot,0,"",2026-07-18 15:00:29,2026-07-18 15:00:44
4875,"vip345115.com","DigiCert Wyvern2026h2","vip34511 | Plataforma de Jogos Avançada e Interativa para Todos os Amantes de Jogos Online",screenshot,0,"",2026-07-18 15:00:29,2026-07-18 15:00:45
4873,"www.centredentalabac.com","DigiCert Wyvern2026h2","Centre Dental ABAC",screenshot,0,"",2026-07-18 15:00:29,2026-07-18 15:00:44
4872,"www.bandlbuildersltd.com","DigiCert Wyvern2026h2","Squarespace - Website Expired",screenshot,1,"login",2026-07-18 15:00:29,2026-07-18 15:00:44
4871,"www.shipinpaishe.cn","DigiCert Wyvern2026h2","济南思美影视工作室 - 专业视频拍摄制作|企业宣传片|商业广告|活动直播|短视频",screenshot,0,"",2026-07-18 15:00:29,2026-07-18 15:00:39
4870,"www.sosnoodys.net","DigiCert Wyvern2026h2","Coming Soon",screenshot,0,"",2026-07-18 15:00:29,2026-07-18 15:00:37
4869,"pickletime.org","DigiCert Wyvern2026h2","Coming Soon",screenshot,0,"",2026-07-18 15:00:29,2026-07-18 15:00:37
4868,"shityouregosays.ph","DigiCert Wyvern2026h2","Redirecting...",screenshot,0,"",2026-07-18 15:00:29,2026-07-18 15:00:37
4867,"webmail.eusolag.com","DigiCert Wyvern2026h2","Roundcube Webmail :: Welcome to Roundcube Webmail",screenshot,1,"webmail",2026-07-18 15:00:29,2026-07-18 15:00:38
4866,"eusolag.com","DigiCert Wyvern2026h2","Startseite - EUSOLAG",screenshot,0,"",2026-07-18 15:00:29,2026-07-18 15:00:38
4864,"www.raviroy.in","DigiCert Wyvern2026h2","Ravi Roy — AI Platform Engineer & Infrastructure Architect",screenshot,0,"",2026-07-18 15:00:29,2026-07-18 15:00:38
4863,"yevepues.com","Google Argon2026h2","Tortas por encargo en Barquisimeto y Cabudare. ¡Agenda HOY! | YevePues",screenshot,0,"",2026-07-18 15:00:28,2026-07-18 15:00:38
4862,"swiftglidesolutions.com","Google Argon2026h2","Home | Swiftglide Solutio 5",screenshot,0,"",2026-07-18 15:00:28,2026-07-18 15:00:38
4861,"www.smhannualmeeting.com","Google Argon2026h2","Coming Soon",screenshot,0,"",2026-07-18 15:00:28,2026-07-18 15:00:38
4859,"artplex.co.uk","Google Argon2026h2","artplex.co.uk | 521: Web server is down",screenshot,0,"",2026-07-18 15:00:28,2026-07-18 15:00:31
4858,"conscioussprouts.com","Google Argon2026h2","CONSCIOUS SPROUTS — Sprouted Ragi Wellness | Premium Ragi Products",screenshot,0,"",2026-07-18 15:00:28,2026-07-18 15:00:32
4857,"www.theluckypennyco.com","Google Argon2026h2","The Lucky Penny",screenshot,1,"powered by",2026-07-18 15:00:28,2026-07-18 15:00:32
4854,"joelpolanco.exprealty.com","Google Argon2026h2","Just a moment...",screenshot,0,"",2026-07-18 15:00:28,2026-07-18 15:00:31
4853,"www.weddingvenueownermagazine.com","Google Argon2026h2","Coming Soon",screenshot,0,"",2026-07-18 15:00:28,2026-07-18 15:00:31
4852,"emilywang.studio","Google Argon2026h2","Emily Wang Studio",screenshot,0,"",2026-07-18 15:00:28,2026-07-18 15:00:35
4849,"prempatra.co.in","Google Argon2027h1","",screenshot,0,"",2026-07-18 15:00:28,2026-07-18 15:00:32
4848,"www.ref-reference.com","Google Xenon2026h2","Coming Soon",screenshot,0,"",2026-07-18 15:00:27,2026-07-18 15:00:31
4847,"casezaz.com","Google Xenon2026h2","Professional Briefcases for Modern Business Life",screenshot,1,"powered by",2026-07-18 15:00:27,2026-07-18 15:00:31
4846,"wwwwww.blog.blog.dev.secure.thesummitchurch.live","Google Xenon2026h2","",screenshot,0,"",2026-07-18 15:00:27,2026-07-18 15:00:29
4843,"wj57m.top","Google Xenon2026h2","",screenshot,0,"",2026-07-18 15:00:27,2026-07-18 15:00:29
4842,"inspi365.app","Google Xenon2026h2","INSPI365 | เลขาออนไลน์เพื่อความสำเร็จของธุรกิจคุณ",screenshot,0,"",2026-07-18 15:00:27,2026-07-18 15:00:30
4841,"status.seventy7.dev","Google Xenon2026h2","seventy7 service status",screenshot,0,"",2026-07-18 15:00:27,2026-07-18 15:00:28
4840,"monitor.seventy7.dev","Google Xenon2026h2","Beszel",screenshot,0,"",2026-07-18 15:00:27,2026-07-18 15:00:28
4839,"www.innovationwealthfund.com","Google Xenon2026h2","Coming Soon",screenshot,0,"",2026-07-18 15:00:27,2026-07-18 15:00:29
4838,"www.tampabayraptorsanctuary.org","Google Xenon2026h2","Coming Soon",screenshot,0,"",2026-07-18 15:00:27,2026-07-18 15:00:29
4837,"media.kupo.la","Google Xenon2026h2","Not Found",screenshot,0,"",2026-07-18 15:00:27,2026-07-18 15:00:29
4836,"jardin-summer-net.com","Google Xenon2026h2","jardin-summer-net.com - Ce site web est à vendre ! - Ressources et information concernant jardin summer net Resources and Information.",screenshot,0,"",2026-07-18 15:00:27,2026-07-18 15:00:29
4835,"uqesnorl.com","Google Xenon2026h2","Financial Process Digitization Consulting | Scalable Corporate Solutions",screenshot,0,"",2026-07-18 15:00:27,2026-07-18 15:00:28
4833,"bqfxyzu.com.ph","DigiCert Wyvern2026h2","Redirecting...",screenshot,0,"",2026-07-18 14:59:28,2026-07-18 14:59:54
4832,"www.ibgep.gdn","DigiCert Wyvern2026h2","Redirecting...",screenshot,0,"",2026-07-18 14:59:28,2026-07-18 14:59:55
4831,"mccinc.co.nz","DigiCert Wyvern2026h2","Home - Mangere Cosmopolitan Club INC.",screenshot,0,"",2026-07-18 14:59:28,2026-07-18 14:59:59
4830,"www.purocapricho.online","DigiCert Wyvern2026h2","PURO CAPRICHO",screenshot,0,"",2026-07-18 14:59:28,2026-07-18 14:59:57
4829,"beta.onetwoinfinity.ca","DigiCert Wyvern2026h2","Database Error",screenshot,0,"",2026-07-18 14:59:28,2026-07-18 14:59:54
4828,"jane-harris.com","DigiCert Wyvern2026h2","janeharrisart",screenshot,0,"",2026-07-18 14:59:28,2026-07-18 14:59:54
4827,"guisboroughcc.co.uk","DigiCert Wyvern2026h2","Guisborough Cricket Club -",screenshot,1,"powered by",2026-07-18 14:59:28,2026-07-18 14:59:54
4826,"xn----8sbalvbaflwhjcm7a4h.com","DigiCert Wyvern2026h2","Шпионски Магазин | Най-доброто качество | ТОП Цени",screenshot,0,"",2026-07-18 14:59:28,2026-07-18 14:59:55
4825,"b.0x27.top","DigiCert Wyvern2026h2","",screenshot,0,"",2026-07-18 14:59:28,2026-07-18 14:59:55
4824,"heitman.de","DigiCert Wyvern2026h2","Heitman | A Real Estate Investment Management Firm",screenshot,1,"login",2026-07-18 14:59:28,2026-07-18 14:59:55
4823,"www.arc-sync.com","DigiCert Wyvern2026h2","Coming Soon",screenshot,0,"",2026-07-18 14:59:28,2026-07-18 14:59:54
4821,"www.kralbet2322.com","Google Argon2026h2","kralbet2322.com is registered at Namecheap",screenshot,0,"",2026-07-18 14:59:28,2026-07-18 14:59:49
4820,"maillea.com","Google Argon2026h2","",screenshot,0,"",2026-07-18 14:59:28,2026-07-18 14:59:51
4819,"www.nwlacrosse.com","Google Argon2026h2","| Join Today – Elevate Your Game",screenshot,0,"",2026-07-18 14:59:28,2026-07-18 14:59:49
4817,"vmd45370.contaboserver.net","Google Argon2026h2","",screenshot,1,"cpanel",2026-07-18 14:59:28,2026-07-18 14:59:48
4816,"www.ivywildhotel.com","Google Argon2026h2","Coming Soon",screenshot,0,"",2026-07-18 14:59:28,2026-07-18 14:59:48
4815,"fghin.comcebook.com","Google Argon2026h2","",screenshot,0,"",2026-07-18 14:59:28,2026-07-18 14:59:50
4814,"expeditionagency2025.pro","Google Argon2026h2","expeditionagency2025.pro | 523: Origin is unreachable",screenshot,0,"",2026-07-18 14:59:28,2026-07-18 14:59:50
4813,"25280359.webhosting.arden.ac.uk","Google Argon2026h2","403 Forbidden",screenshot,0,"",2026-07-18 14:59:28,2026-07-18 14:59:48
4811,"files.speedtec.ru","Google Argon2026h2","SPEEDTEC",screenshot,0,"",2026-07-18 14:59:28,2026-07-18 14:59:48
4810,"truck.thermokinginfo.com","Google Argon2026h2","",screenshot,0,"",2026-07-18 14:59:28,2026-07-18 14:59:48
4809,"silly-galileo.188-132-202-94.plesk.page","Google Argon2026h2","Plesk Obsidian 18.0.73",screenshot,1,"plesk",2026-07-18 14:59:28,2026-07-18 14:59:43
4808,"webmail.lacarcelartesania.com","Google Argon2026h2","Roundcube Webmail :: Welcome to Roundcube Webmail",screenshot,1,"webmail",2026-07-18 14:59:28,2026-07-18 14:59:42
4807,"lacarcelartesania.com","Google Argon2026h2","Colecciones de Cristal de Murano y Plata - La Cárcel Artesanía",screenshot,0,"",2026-07-18 14:59:28,2026-07-18 14:59:45
4806,"portlandseabass.co.uk","Google Argon2027h1","",screenshot,0,"",2026-07-18 14:59:28,2026-07-18 14:59:42
4805,"darts-play.store","Google Argon2027h1","",screenshot,0,"",2026-07-18 14:59:28,2026-07-18 14:59:46
4804,"www.garbaregistration.com","Google Argon2027h1","",screenshot,0,"",2026-07-18 14:59:28,2026-07-18 14:59:42
4803,"japanese-trains.com","Google Argon2027h1","",screenshot,0,"",2026-07-18 14:59:28,2026-07-18 14:59:42
4801,"mollieburks.com","Google Xenon2026h2","Coming Soon",screenshot,0,"",2026-07-18 14:59:27,2026-07-18 14:59:42
4800,"noesis-consult.com","Google Xenon2026h2","ConnectYourDomain Error | Wix.com",screenshot,0,"",2026-07-18 14:59:27,2026-07-18 14:59:42
4799,"jessicaphillip.com","Google Xenon2026h2","Coming Soon",screenshot,0,"",2026-07-18 14:59:27,2026-07-18 14:59:42
4798,"sadgirlcounseling.com","Google Xenon2026h2","Sad Girl Counseling",screenshot,0,"",2026-07-18 14:59:27,2026-07-18 14:59:43
4796,"ministerioelbuenpastor.com","Google Xenon2026h2","Coming Soon",screenshot,0,"",2026-07-18 14:59:27,2026-07-18 14:59:36
4795,"alexandrashabo.com","Google Xenon2026h2","Alexandra Shabo",screenshot,0,"",2026-07-18 14:59:27,2026-07-18 14:59:36
4794,"cecioaffarsutveckling.se","Google Xenon2026h2","Parked at Loopia",screenshot,1,"login",2026-07-18 14:59:27,2026-07-18 14:59:36
4793,"www.simplefind.org","Google Xenon2026h2","Coming Soon",screenshot,0,"",2026-07-18 14:59:27,2026-07-18 14:59:36
4792,"www.happyheartspamperbus.com","Google Xenon2026h2","Coming Soon",screenshot,0,"",2026-07-18 14:59:27,2026-07-18 14:59:36
4791,"claudiaperdomogil.exprealty.com","Google Xenon2026h2","Just a moment...",screenshot,0,"",2026-07-18 14:59:27,2026-07-18 14:59:36
4790,"nelvyon.com","DigiCert Wyvern2026h2","NELVYON — OS de marketing + packs autónomos | NELVYON",screenshot,0,"",2026-07-18 14:58:29,2026-07-18 14:59:37
4789,"fitnessinfluencer.co","DigiCert Wyvern2026h2","fitnessinfluencer.co",screenshot,0,"",2026-07-18 14:58:29,2026-07-18 14:59:36
4788,"newliferescue.us","DigiCert Wyvern2026h2","newliferescue.us",screenshot,0,"",2026-07-18 14:58:29,2026-07-18 14:59:37
4787,"psychoheresy-aware.org","DigiCert Wyvern2026h2","Home - PsychoHeresy Awareness Ministries",screenshot,0,"",2026-07-18 14:58:29,2026-07-18 14:59:39
4786,"webmail.traditionallawns.com","DigiCert Wyvern2026h2","Webmail Login",screenshot,1,"webmail",2026-07-18 14:58:29,2026-07-18 14:59:37
4784,"traditionallawns.com","DigiCert Wyvern2026h2","Traditional Lawn Care",screenshot,0,"",2026-07-18 14:58:29,2026-07-18 14:59:35
4783,"mail.traditionallawns.com","DigiCert Wyvern2026h2","Traditional Lawn Care",screenshot,0,"",2026-07-18 14:58:29,2026-07-18 14:59:36
4782,"cpcontacts.traditionallawns.com","DigiCert Wyvern2026h2","503 Service Unavailable",screenshot,0,"",2026-07-18 14:58:29,2026-07-18 14:59:30
4781,"cpcalendars.traditionallawns.com","DigiCert Wyvern2026h2","503 Service Unavailable",screenshot,0,"",2026-07-18 14:58:29,2026-07-18 14:59:31
4780,"cpanel.traditionallawns.com","DigiCert Wyvern2026h2","cPanel Login",screenshot,1,"cpanel",2026-07-18 14:58:29,2026-07-18 14:59:31
4779,"autodiscover.traditionallawns.com","DigiCert Wyvern2026h2","",screenshot,0,"",2026-07-18 14:58:29,2026-07-18 14:59:31
4778,"mdsarqstudio.com","DigiCert Wyvern2026h2","ConnectYourDomain Error | Wix.com",screenshot,0,"",2026-07-18 14:58:29,2026-07-18 14:59:30
4777,"ced68013ca5f6bbaef39b774.keenetic.io","DigiCert Wyvern2026h2","Error 503",screenshot,0,"",2026-07-18 14:58:29,2026-07-18 14:59:32
4776,"flasoft.biz","DigiCert Wyvern2026h2","Flasoft Incident Management",screenshot,1,"powered by",2026-07-18 14:58:29,2026-07-18 14:59:32
4775,"goldcursconstruction.com","DigiCert Wyvern2026h2","Construction & Remodeling Company In New York - GoldCurs Construction",screenshot,1,"powered by",2026-07-18 14:58:29,2026-07-18 14:59:35
4774,"camplegacyfoundation.org","DigiCert Wyvern2026h2","Home - M&G Camp Legacy Foundation",screenshot,0,"",2026-07-18 14:58:29,2026-07-18 14:59:32
4773,"principiaedu.in","DigiCert Wyvern2026h2","403 Forbidden",screenshot,0,"",2026-07-18 14:58:29,2026-07-18 14:59:27
4772,"www.kissero.com","DigiCert Wyvern2026h2","Attention Required! | Cloudflare",screenshot,0,"",2026-07-18 14:58:29,2026-07-18 14:59:28
4771,"neuronsearchlab.com","DigiCert Wyvern2026h2","NeuronSearchLab - AI recommendation engine for search and discovery",screenshot,1,"it works",2026-07-18 14:58:29,2026-07-18 14:59:28
4770,"b.pkoku.com","DigiCert Wyvern2026h2","",screenshot,0,"",2026-07-18 14:58:29,2026-07-18 14:59:28
4769,"skyzone.gresham.purpledesk.ai","DigiCert Wyvern2026h2","Admin Login — PurpleDesk AI",screenshot,1,"sign in",2026-07-18 14:58:29,2026-07-18 14:59:27
4768,"7whm.705321oimkbupdate.ptrnksandbox.34.72.242.217.nip.io","DigiCert Wyvern2026h2","Login | Cloud Ready Backup",screenshot,1,"login",2026-07-18 14:58:29,2026-07-18 14:59:28
4767,"whm.mvl.mvd.99075440208064update.spark-rustic-27.77-42-36-131.sslip.io","DigiCert Wyvern2026h2","Whm Mvl Mvd 99075440208064update Spark Rustic 27 77 42 36 131 Sslip",screenshot,0,"",2026-07-18 14:58:29,2026-07-18 14:59:28
4765,"tuinversionenfl.com","DigiCert Wyvern2026h2","tuinversionenfl.com",screenshot,0,"",2026-07-18 14:58:29,2026-07-18 14:59:30
4764,"4ghtml.ph","DigiCert Wyvern2026h2","Redirecting...",screenshot,0,"",2026-07-18 14:58:29,2026-07-18 14:59:27
4763,"www.the-postalservice.com","DigiCert Wyvern2026h2","Coming Soon",screenshot,0,"",2026-07-18 14:58:29,2026-07-18 14:59:27
4762,"www.tfelproject.com","DigiCert Wyvern2026h2","Home - Transforming the Field Education Landscape (TFEL) Project",screenshot,0,"",2026-07-18 14:58:29,2026-07-18 14:59:28
4761,"qwww.lonmhgfedcbedupdate.876587update.cdn.zyupnud9c3nqzfyw.nm.206-189-4-180.nip.io","DigiCert Wyvern2026h2","404 Not Found",screenshot,1,"nginx",2026-07-18 14:58:29,2026-07-18 14:59:21
4760,"portal-pc-leyu.com","DigiCert Wyvern2026h2","全球体育赛事数字转播与传媒矩阵",screenshot,0,"",2026-07-18 14:58:29,2026-07-18 14:59:22
4759,"notrack.bosnia.ottpartner.com","DigiCert Wyvern2026h2","Email Invalid",screenshot,0,"",2026-07-18 14:58:29,2026-07-18 14:59:21
4758,"ventusmoney.com","DigiCert Wyvern2026h2","Ventus Money",screenshot,1,"login",2026-07-18 14:58:29,2026-07-18 14:59:22
4756,"marlonsantos.dev","DigiCert Wyvern2026h2","Marlon Santos — Analista e Desenvolvedor de Sistemas | Automação, ERP, Flutter, IA",screenshot,0,"",2026-07-18 14:58:29,2026-07-18 14:59:22
4754,"ffdelkjihgfedcbaupdate.54321876543staging.airdubroker.nm.206-189-4-180.nip.io","DigiCert Wyvern2026h2","404 Not Found",screenshot,1,"nginx",2026-07-18 14:58:29,2026-07-18 14:59:21
4753,"static.afi-d.ru","DigiCert Wyvern2026h2","Index of /",screenshot,0,"",2026-07-18 14:58:29,2026-07-18 14:59:21
4750,"laexpresscarwash.store","DigiCert Wyvern2026h2","Attention Required! | Cloudflare",screenshot,0,"",2026-07-18 14:58:29,2026-07-18 14:59:21
4749,"info.swalakh.com","DigiCert Wyvern2026h2","Swalakh Travels",screenshot,0,"",2026-07-18 14:58:29,2026-07-18 14:59:18
4748,"teamofminions.dev","DigiCert Wyvern2026h2","Coming Soon",screenshot,0,"",2026-07-18 14:58:29,2026-07-18 14:59:15
4747,"memos.newloop.top","DigiCert Wyvern2026h2","Memos",screenshot,0,"",2026-07-18 14:58:29,2026-07-18 14:59:21
4744,"workforceplus.de","DigiCert Wyvern2026h2","WorkforcePlus: Effiziente Personaleinsatzplanung - INFORM",screenshot,0,"",2026-07-18 14:58:29,2026-07-18 14:59:18
4743,"webmail.workforceplus.de","DigiCert Wyvern2026h2","Webmail Login",screenshot,1,"webmail",2026-07-18 14:58:29,2026-07-18 14:59:15
4741,"mail.workforceplus.de","DigiCert Wyvern2026h2","WorkforcePlus: Effiziente Personaleinsatzplanung - INFORM",screenshot,0,"",2026-07-18 14:58:29,2026-07-18 14:59:18
4738,"cpanel.workforceplus.de","DigiCert Wyvern2026h2","cPanel Login",screenshot,1,"cpanel",2026-07-18 14:58:29,2026-07-18 14:59:16
4737,"autodiscover.workforceplus.de","DigiCert Wyvern2026h2","",screenshot,0,"",2026-07-18 14:58:29,2026-07-18 14:59:10
4736,"untermstrich.com","DigiCert Wyvern2026h2","Moderne Bürosoftware für Architektur- und Planungsbüros",screenshot,0,"",2026-07-18 14:58:29,2026-07-18 14:59:11
4735,"direwolf-acb338f5bf-22fa4bdad4d7.holly-virginia.herokuapp.com","DigiCert Wyvern2026h2","No such app",screenshot,0,"",2026-07-18 14:58:29,2026-07-18 14:59:10
4734,"watchesargentina.com","DigiCert Wyvern2026h2","Home - Watches Argentina",screenshot,0,"",2026-07-18 14:58:29,2026-07-18 14:59:15
4733,"website-3dd37f1d.paa.wmb.mybluehost.me","DigiCert Wyvern2026h2","",screenshot,0,"",2026-07-18 14:58:29,2026-07-18 14:59:11
4732,"aplikasi.jppos.id","DigiCert Wyvern2026h2","JPPOS - Media Mitra Polisi",screenshot,0,"",2026-07-18 14:58:29,2026-07-18 14:59:12
4731,"aufpreiser.de","DigiCert Wyvern2026h2","Dovendi - aufpreiser.de ist jetzt zu verkaufen",screenshot,0,"",2026-07-18 14:58:29,2026-07-18 14:59:11
4730,"windrushgeneration.co.uk","DigiCert Wyvern2026h2","403 Forbidden",screenshot,0,"",2026-07-18 14:58:29,2026-07-18 14:59:11
4729,"website-e96ad7eb.radiatefestival.com","DigiCert Wyvern2026h2","403 Forbidden",screenshot,0,"",2026-07-18 14:58:29,2026-07-18 14:59:11
4728,"webmail.windrushgeneration.co.uk","DigiCert Wyvern2026h2","Webmail Login",screenshot,1,"webmail",2026-07-18 14:58:29,2026-07-18 14:59:11
4726,"mail.windrushgeneration.co.uk","DigiCert Wyvern2026h2","403 Forbidden",screenshot,0,"",2026-07-18 14:58:29,2026-07-18 14:59:11
4725,"cpcontacts.windrushgeneration.co.uk","DigiCert Wyvern2026h2","503 Service Unavailable",screenshot,0,"",2026-07-18 14:58:29,2026-07-18 14:59:09
4724,"cpcalendars.windrushgeneration.co.uk","DigiCert Wyvern2026h2","503 Service Unavailable",screenshot,0,"",2026-07-18 14:58:29,2026-07-18 14:59:09
4723,"cpanel.windrushgeneration.co.uk","DigiCert Wyvern2026h2","cPanel Login",screenshot,1,"cpanel",2026-07-18 14:58:29,2026-07-18 14:59:09
4722,"autodiscover.windrushgeneration.co.uk","DigiCert Wyvern2026h2","",screenshot,0,"",2026-07-18 14:58:29,2026-07-18 14:59:09
4720,"aripooladian.com","DigiCert Wyvern2026h2","Coming Soon",screenshot,0,"",2026-07-18 14:58:29,2026-07-18 14:59:08
4719,"www.kinebosman.be","DigiCert Wyvern2026h2","Kinesitherapie in Tremelo - Kine Bosman",screenshot,0,"",2026-07-18 14:58:29,2026-07-18 14:59:09
4718,"meridian.altcarbon.com","DigiCert Wyvern2026h2","Meridian",screenshot,0,"",2026-07-18 14:58:29,2026-07-18 14:59:09
4717,"ushiring.pages.dev","DigiCert Wyvern2026h2","VEXA Marketing · Remote Content Coordinator · English + PC required",screenshot,1,"log in",2026-07-18 14:58:29,2026-07-18 14:59:09
4716,"property.6503055df9a0-4a12-4179-b394-4ab888090b6d.okww34.com","DigiCert Wyvern2026h2","property.6503055df9a0-4a12-4179-b394-4ab888090b6d.okww34.com",screenshot,0,"",2026-07-18 14:58:29,2026-07-18 14:59:09
4715,"alphapets.co.za","DigiCert Wyvern2026h2","ROYAL CANIN Specialists | Alpha Pets South Africa",screenshot,1,"login",2026-07-18 14:58:29,2026-07-18 14:59:09
4714,"test-bucket.ibee.ai","DigiCert Wyvern2026h2","400 Bad Request",screenshot,1,"nginx",2026-07-18 14:58:29,2026-07-18 14:59:09
4713,"ss0qoo0mkwww.fmlkupdate.cbaupdate.14update.4321update.coolstuff.51-222-141-36.nip.io","DigiCert Wyvern2026h2","HypeStudy",screenshot,0,"",2026-07-18 14:58:29,2026-07-18 14:59:08
4712,"www.www.www.www.www.ww.ww.registry.schuessel.org","DigiCert Wyvern2026h2","",screenshot,0,"",2026-07-18 14:58:29,2026-07-18 14:59:06
4711,"www.ecobrilho.com","DigiCert Wyvern2026h2","EcoBrilho.com — Premium Domain For Sale | Atom",screenshot,0,"",2026-07-18 14:58:29,2026-07-18 14:59:08
4710,"www.butortrend.com","DigiCert Wyvern2026h2","www.butortrend.com",screenshot,0,"",2026-07-18 14:58:29,2026-07-18 14:59:06
4709,"en.casaamure.com","DigiCert Wyvern2026h2","ConnectYourDomain Error | Wix.com",screenshot,0,"",2026-07-18 14:58:29,2026-07-18 14:59:06
4707,"academiadeprogramare.ro","DigiCert Wyvern2026h2","Academia de Software - Essensys",screenshot,0,"",2026-07-18 14:58:29,2026-07-18 14:59:07
4706,"progenifix.herbal-meds.com","DigiCert Wyvern2026h2","Progenifix - Elevate Vitality and Strengthen Immune System",screenshot,1,"it works",2026-07-18 14:58:29,2026-07-18 14:59:08
4705,"naturallandscape.net","DigiCert Wyvern2026h2","Coming Soon",screenshot,0,"",2026-07-18 14:58:29,2026-07-18 14:59:06
4704,"lustmaal.baby","DigiCert Wyvern2026h2","Lustmaal - Lustmaal.com - Lustmaal Web Series - Lustmaal Hot Videos",screenshot,0,"",2026-07-18 14:58:29,2026-07-18 14:59:08
4703,"agusyrama.com","DigiCert Wyvern2026h2","Agus & Rama - 02.05.2026",screenshot,0,"",2026-07-18 14:58:29,2026-07-18 14:59:07
4702,"ytf568.cyou","DigiCert Wyvern2026h2","Welcome to nginx!",screenshot,1,"welcome to nginx",2026-07-18 14:58:29,2026-07-18 14:59:06
4701,"springrosie.com","DigiCert Wyvern2026h2","Spring Rosie | Luxury Housekeeping Potts Point",screenshot,0,"",2026-07-18 14:58:29,2026-07-18 14:59:02
4700,"sadabet138e.com","DigiCert Wyvern2026h2","SADABET138",screenshot,1,"login",2026-07-18 14:58:29,2026-07-18 14:59:02
4699,"dev.comkeservicos.com.brlab.gitlab.bbs.bussgeld.support","DigiCert Wyvern2026h2","Webseite nicht gefunden | Locomotive",screenshot,0,"",2026-07-18 14:58:29,2026-07-18 14:59:00
4698,"nestronenterprises.com","DigiCert Wyvern2026h2","Nestron Enterprises – (SMC-Private) LTD",screenshot,0,"",2026-07-18 14:58:29,2026-07-18 14:59:01
4697,"gradapply.olemiss.edu","DigiCert Wyvern2026h2","Graduate School | Ole Miss",screenshot,0,"",2026-07-18 14:58:29,2026-07-18 14:59:03
4696,"webmail.indiancpa.org","DigiCert Wyvern2026h2","Webmail Login",screenshot,1,"webmail",2026-07-18 14:58:29,2026-07-18 14:59:01
4695,"webmail.hrmd.in","DigiCert Wyvern2026h2","Webmail Login",screenshot,1,"webmail",2026-07-18 14:58:29,2026-07-18 14:59:01
4691,"mail.hrmd.in","DigiCert Wyvern2026h2","WordPress › Error",screenshot,0,"",2026-07-18 14:58:29,2026-07-18 14:59:03
4689,"indiancpa.org","DigiCert Wyvern2026h2","Indian CPA – Indian Certified Professional Accountants",screenshot,1,"login",2026-07-18 14:58:29,2026-07-18 14:59:00
4688,"hrmd.in.indiancpa.org","DigiCert Wyvern2026h2","",screenshot,0,"",2026-07-18 14:58:29,2026-07-18 14:59:00
4687,"hrmd.in","DigiCert Wyvern2026h2","WordPress › Error",screenshot,0,"",2026-07-18 14:58:29,2026-07-18 14:58:56
4682,"cpanel.indiancpa.org","DigiCert Wyvern2026h2","cPanel Login",screenshot,1,"cpanel",2026-07-18 14:58:29,2026-07-18 14:58:56
4681,"cpanel.hrmd.in","DigiCert Wyvern2026h2","Identifiant cPanel",screenshot,1,"cpanel",2026-07-18 14:58:29,2026-07-18 14:58:57
4680,"autodiscover.indiancpa.org","DigiCert Wyvern2026h2","",screenshot,0,"",2026-07-18 14:58:29,2026-07-18 14:58:55
4679,"autodiscover.hrmd.in","DigiCert Wyvern2026h2","",screenshot,0,"",2026-07-18 14:58:29,2026-07-18 14:58:56
4678,"autoconfig.indiancpa.org","DigiCert Wyvern2026h2","",screenshot,0,"",2026-07-18 14:58:29,2026-07-18 14:58:56
4677,"autoconfig.hrmd.in","DigiCert Wyvern2026h2","",screenshot,0,"",2026-07-18 14:58:29,2026-07-18 14:58:50
4676,"inthcm.n-ip8t5copoe8137j7g5i4.prd.workdaysuv.com","DigiCert Wyvern2026h2","",screenshot,0,"",2026-07-18 14:58:29,2026-07-18 14:58:49
4675,"akuttmedisin.no","DigiCert Wyvern2026h2","Vedlikehold – kommer snart",screenshot,0,"",2026-07-18 14:58:29,2026-07-18 14:58:52
4673,"paperclip.webtak.de","DigiCert Wyvern2026h2","paperclip.webtak.de",screenshot,0,"",2026-07-18 14:58:29,2026-07-18 14:58:49
4672,"mlkjwww.idcjedcbaupdate.yxupdate.update.ehihwvutsrqponmlkjihgfedcbstatus.mail.ip-173-255-205-159.cloudezapp.io","DigiCert Wyvern2026h2","mlkjwww.idcjedcbaupdate.yxupdate.update.ehihwvutsrqponmlkjihgfedcbstatus.mail.ip-173-255-205-159.cloudezapp.io",screenshot,0,"",2026-07-18 14:58:29,2026-07-18 14:58:50
4669,"www.aria-coach.chat","DigiCert Wyvern2026h2","Redirecting to: /en/",screenshot,0,"",2026-07-18 14:58:29,2026-07-18 14:58:49
4668,"aicitationrate.com","DigiCert Wyvern2026h2","404: NOT_FOUND",screenshot,0,"",2026-07-18 14:58:29,2026-07-18 14:58:49
4667,"mmpta.appleseedmexico.org","DigiCert Wyvern2026h2","Angular Tutorial",screenshot,1,"login",2026-07-18 14:58:28,2026-07-18 14:58:51
4666,"www.lighthousestuidios.ie","DigiCert Wyvern2026h2","Paws - Lighthouse Studios",screenshot,0,"",2026-07-18 14:58:28,2026-07-18 14:58:50
4665,"yasgraphics.com.br","DigiCert Wyvern2026h2","Yas Graphics | Yas Graphics",screenshot,0,"",2026-07-18 14:58:28,2026-07-18 14:58:45
4664,"mirnes-hajdarevic.com","DigiCert Wyvern2026h2","Mirnes Hajdarevic - Football Coach",screenshot,0,"",2026-07-18 14:58:28,2026-07-18 14:58:44
4663,"www.foryogateachers.co.uk","DigiCert Wyvern2026h2","For Yoga Teachers",screenshot,0,"",2026-07-18 14:58:28,2026-07-18 14:58:44
4661,"lachokita.cl","DigiCert Wyvern2026h2","La Chokita - La Chokita",screenshot,0,"",2026-07-18 14:58:28,2026-07-18 14:58:45
4659,"tumbleweedforums.net","DigiCert Wyvern2026h2","Coming Soon",screenshot,0,"",2026-07-18 14:58:28,2026-07-18 14:58:43
4658,"sisterhood-wendo.de","DigiCert Wyvern2026h2","Sisterhood WenDo - Feministische Selbstbehauptung in Oldenburg",screenshot,0,"",2026-07-18 14:58:28,2026-07-18 14:58:44
4656,"nmghrdlops-api.shouhoudashi.cn","DigiCert Wyvern2026h2","ThinkCMF",screenshot,0,"",2026-07-18 14:58:28,2026-07-18 14:58:46
4655,"www.xn--12cau2cb4b6cns5dwbk0gso.com","DigiCert Wyvern2026h2","กำจัดปลวกอุดร",screenshot,0,"",2026-07-18 14:58:28,2026-07-18 14:58:45
4654,"www.javmenu02.sbs","DigiCert Wyvern2026h2","Redirecting...",screenshot,0,"",2026-07-18 14:58:28,2026-07-18 14:58:43
4653,"81b59c2ec7cb3a76a9143d9d.netcraze.io","DigiCert Wyvern2026h2","Error ""403 20""",screenshot,0,"",2026-07-18 14:58:28,2026-07-18 14:58:41
4652,"c36cd96103b45345ff4c3603.netcraze.io","DigiCert Wyvern2026h2","Error ""403 20""",screenshot,0,"",2026-07-18 14:58:28,2026-07-18 14:58:38
4651,"mac.nl","DigiCert Wyvern2026h2","Amac | Apple begint bij Amac",screenshot,0,"",2026-07-18 14:58:28,2026-07-18 14:58:39
4650,"www.hvhousekeeping.com","DigiCert Wyvern2026h2","Hudson Valley Housekeeping + Management",screenshot,0,"",2026-07-18 14:58:28,2026-07-18 14:58:37
4649,"temp-email-pages-jsp.pages.dev","DigiCert Wyvern2026h2","Cloudflare 临时邮件",screenshot,0,"",2026-07-18 14:58:28,2026-07-18 14:58:38
4648,"moscow-vocal-stage.sp-soft.ru","Google Argon2026h2","",screenshot,0,"",2026-07-18 14:58:28,2026-07-18 14:58:39
4644,"meadwine.in","Google Argon2026h2","Attention Required! | Cloudflare",screenshot,0,"",2026-07-18 14:58:28,2026-07-18 14:58:37
4643,"forty-miner.com","Google Argon2026h2","Coming Soon",screenshot,0,"",2026-07-18 14:58:28,2026-07-18 14:58:37
4641,"wiselinks.top","Google Argon2026h2","WiseLinks - Broken Link Checker",screenshot,0,"",2026-07-18 14:58:28,2026-07-18 14:58:33
4640,"michaelandrewes.com","Google Argon2026h2","Coming Soon",screenshot,0,"",2026-07-18 14:58:28,2026-07-18 14:58:31
4639,"thefairnessproject.net","Google Argon2026h2","Home Page - Fairness Project",screenshot,1,"powered by",2026-07-18 14:58:28,2026-07-18 14:58:32
4638,"madewithpinatafarms.com","Google Argon2026h2","Coming Soon",screenshot,0,"",2026-07-18 14:58:28,2026-07-18 14:58:31
4637,"www.adviceonlyfinance.com","Google Argon2026h2","Coming Soon",screenshot,0,"",2026-07-18 14:58:28,2026-07-18 14:58:31
4636,"webmail.shop.heatsys.de","Google Argon2026h2","Roundcube Webmail :: Welcome to Roundcube Webmail",screenshot,1,"webmail",2026-07-18 14:58:28,2026-07-18 14:58:31
4635,"shop.heatsys.de","Google Argon2026h2","Heatsys GmbH & Co. KG - Van Ausbau, Umbau und Zubehör",screenshot,1,"powered by",2026-07-18 14:58:28,2026-07-18 14:58:33
4634,"www.admin.snz.104.36.84.146.sslip.io","Google Argon2026h2","Vortex - A Modern and Secure Messaging Platform for Schools",screenshot,0,"",2026-07-18 14:58:28,2026-07-18 14:58:32
4632,"www.raiment.xyz","Google Argon2027h1","",screenshot,0,"",2026-07-18 14:58:28,2026-07-18 14:58:31
4631,"www.deltamental.com","Google Argon2027h1","",screenshot,0,"",2026-07-18 14:58:28,2026-07-18 14:58:31
4630,"vuwww.ponmlonmlkjihcbanotexistsnotexistsnmlknmlkfcg4htqb9fiv9wr47.437053218omuqumg77mgwie4.92.38.177.16.dyn.tcadmin.net","Google Xenon2026h2","Quasar",screenshot,0,"",2026-07-18 14:58:27,2026-07-18 14:58:32
4629,"mail.magestic-cl.dz","Google Xenon2026h2","",screenshot,0,"",2026-07-18 14:58:27,2026-07-18 14:58:31
4628,"magestic-cl.dz","Google Xenon2026h2","",screenshot,0,"",2026-07-18 14:58:27,2026-07-18 14:58:30
4627,"www.southportmedia.com","Google Xenon2026h2","Coming Soon",screenshot,0,"",2026-07-18 14:58:27,2026-07-18 14:58:29
4626,"www.one.ubsma.com.mx","Google Xenon2026h2","UBSMA",screenshot,0,"",2026-07-18 14:58:27,2026-07-18 14:58:30
4625,"www.backend.ubsma.com.mx","Google Xenon2026h2","UBSMA Admin",screenshot,0,"",2026-07-18 14:58:27,2026-07-18 14:58:31
4624,"smyth-family.juliemacholzphotography.com","Google Xenon2026h2","Julie Macholz Photography | Smyth Family",screenshot,0,"",2026-07-18 14:58:27,2026-07-18 14:58:29
4623,"kubocafe.co.uk","Google Xenon2026h2","ConnectYourDomain Error | Wix.com",screenshot,0,"",2026-07-18 14:58:27,2026-07-18 14:58:28
4622,"f7d3c6cc-739f-4233-aa93-a30a4fef5b83.metaaivm.com","Google Xenon2026h2","f7d3c6cc-739f-4233-aa93-a30a4fef5b83.metaaivm.com",screenshot,0,"",2026-07-18 14:58:27,2026-07-18 14:58:29
4621,"venutigallery.com","Google Xenon2026h2","Coming Soon",screenshot,0,"",2026-07-18 14:58:27,2026-07-18 14:58:28
4620,"sublifyapp.com","Google Xenon2026h2","Coming Soon",screenshot,0,"",2026-07-18 14:58:27,2026-07-18 14:58:29
4619,"bage.fmcloud.fm","Google Xenon2026h2","bage.fmcloud.fm, hosted by fmcloud.fm",screenshot,0,"",2026-07-18 14:58:27,2026-07-18 14:58:28
4618,"www.e7water.com","Google Xenon2026h2","Coming Soon",screenshot,0,"",2026-07-18 14:58:27,2026-07-18 14:58:29
4617,"lajacks.com","Google Xenon2026h2","Buy lajacks.com – Premium Expired .com Domain on GoDaddy | ExpiredDomains.com",screenshot,1,"login",2026-07-18 14:58:27,2026-07-18 14:58:28
4616,"openclaw-b2jn.srv1683036.hstgr.cloud","DigiCert Wyvern2026h2","OpenClaw",screenshot,1,"login",2026-07-18 14:57:28,2026-07-18 14:57:41
4613,"deha-agent.civaner.dehasofteticaret.com","DigiCert Wyvern2026h2","403 Forbidden",screenshot,0,"",2026-07-18 14:57:28,2026-07-18 14:57:41
4612,"888pdab.com","DigiCert Wyvern2026h2","888pda 💸 Seu Cassino Online Favorito com Bônus Incríveis -888pda.com",screenshot,1,"login",2026-07-18 14:57:28,2026-07-18 14:57:42
4611,"babi-anehociak.pages.dev","DigiCert Wyvern2026h2","JOKER77 # SLOT GACOR HARI INI SITUS SLOT88 MUDAH BANGET MAXWIN DEPOSIT BISA VIA QRIS 1 DETIK TERBARU!",screenshot,0,"",2026-07-18 14:57:28,2026-07-18 14:57:41
4609,"gatewayerally.com.ph","DigiCert Wyvern2026h2","Redirecting...",screenshot,0,"",2026-07-18 14:57:28,2026-07-18 14:57:41
4607,"www.tropicalfutures.shop","DigiCert Wyvern2026h2","Tropical Futures",screenshot,1,"powered by",2026-07-18 14:57:28,2026-07-18 14:57:39
4606,"endpointquery.com","Google Argon2026h2","Coming Soon",screenshot,0,"",2026-07-18 14:57:28,2026-07-18 14:57:39
4605,"jbfearns.com","Google Argon2026h2","Coming Soon",screenshot,0,"",2026-07-18 14:57:28,2026-07-18 14:57:39
4604,"siny.online","Google Argon2026h2","SinY Inversion Yoga",screenshot,0,"",2026-07-18 14:57:28,2026-07-18 14:57:39
4603,"lucky-roulette.site","Google Argon2026h2","lucky-roulette.site | 523: Origin is unreachable",screenshot,0,"",2026-07-18 14:57:28,2026-07-18 14:57:38
4602,"odnowegoakapitu.pl","Google Argon2026h2","",screenshot,0,"",2026-07-18 14:57:28,2026-07-18 14:57:39
4600,"mta-sts.thewinelore.com","Google Argon2026h2","404 Not Found",screenshot,1,"nginx",2026-07-18 14:57:28,2026-07-18 14:57:38
4599,"instalcctv.es","Google Argon2026h2","INSTALCCTV – Instalaciones cámaras de vigilancia, alarmas y redes",screenshot,0,"",2026-07-18 14:57:28,2026-07-18 14:57:40
4598,"vakrestudios.com","Google Argon2026h2","Squarespace - Website Expired",screenshot,1,"login",2026-07-18 14:57:28,2026-07-18 14:57:39
4597,"tesdacalabarzon.com","Google Argon2026h2","Redirecting...",screenshot,0,"",2026-07-18 14:57:28,2026-07-18 14:57:39
4596,"watercolor.org","Google Argon2026h2","watercolor.org Is For Sale - Synergy_Technologies_LLC",screenshot,0,"",2026-07-18 14:57:28,2026-07-18 14:57:40
4595,"gimnasrobert.es","Google Argon2026h2","Gimnàs Robert - Centre Esportiu a Parets del Vallès",screenshot,0,"",2026-07-18 14:57:28,2026-07-18 14:57:38
4594,"www.retrofixskegness.com","Google Argon2026h2","Device Repair — TECH FIX Skegness",screenshot,0,"",2026-07-18 14:57:28,2026-07-18 14:57:38
4593,"clinic.burleighwatersosteo.com","Google Argon2026h2","",screenshot,0,"",2026-07-18 14:57:28,2026-07-18 14:57:37
4592,"burleighwatersosteo.com","Google Argon2026h2","Index of /",screenshot,0,"",2026-07-18 14:57:28,2026-07-18 14:57:38
4591,"inst.webskylinesourcing.com","Google Argon2026h2","",screenshot,0,"",2026-07-18 14:57:28,2026-07-18 14:57:37
4590,"mzoo.com","Google Argon2026h2","Coming Soon",screenshot,0,"",2026-07-18 14:57:28,2026-07-18 14:57:37
4589,"www.overground.us","Google Argon2027h1","Access Denied",screenshot,0,"",2026-07-18 14:57:28,2026-07-18 14:57:37
4588,"burmacrises.info","Google Argon2027h1","",screenshot,0,"",2026-07-18 14:57:28,2026-07-18 14:57:37
4587,"stoningtonearth.works","Google Xenon2026h2","Coming Soon",screenshot,0,"",2026-07-18 14:57:27,2026-07-18 14:57:37
4586,"heretotheremarketevents.com","Google Xenon2026h2","Ayr Ontario | Here To There Market Events Inc.",screenshot,1,"log in",2026-07-18 14:57:27,2026-07-18 14:57:38
4585,"nemoconsulting.it","Google Xenon2026h2","Consulenza procurement e compliance | Nemo Consulting Srl | Milano",screenshot,0,"",2026-07-18 14:57:27,2026-07-18 14:57:38
4584,"mdresources.net","Google Xenon2026h2","MDR - Industry Leading Resource Capability & Business Development Company",screenshot,1,"login",2026-07-18 14:57:27,2026-07-18 14:57:37
4583,"docs.redeemerclt.org","Google Xenon2026h2","Documents Home",screenshot,0,"",2026-07-18 14:57:27,2026-07-18 14:57:34
4582,"polkadotwallet.org","Google Xenon2026h2","Polkadot Wallet | Secure DOT Desktop App",screenshot,1,"signin",2026-07-18 14:57:27,2026-07-18 14:57:31
4581,"www.kira.chat","Google Xenon2026h2","Coming Soon",screenshot,0,"",2026-07-18 14:57:27,2026-07-18 14:57:31
4580,"www.typingvoices.com","Google Xenon2026h2","TypingVoices.com is for Sale | Acquire Rare Domains | 1st Domain Name",screenshot,0,"",2026-07-18 14:57:27,2026-07-18 14:57:32
4579,"www.fixapplevision.com","Google Xenon2026h2","Coming Soon",screenshot,0,"",2026-07-18 14:57:27,2026-07-18 14:57:31
4578,"rdid.net.ph","Google Xenon2026h2","Redirecting...",screenshot,0,"",2026-07-18 14:57:27,2026-07-18 14:57:31
4576,"onwww.ilojedgjihgfedcbawonderlandvape.comwwwcomcomwww2.h2862589.stratoserver.net","Google Xenon2026h2","Mattermost",screenshot,0,"",2026-07-18 14:57:27,2026-07-18 14:57:32
4574,"www.elmridgeequestrian.ca","Google Xenon2026h2","Private Site",screenshot,1,"log in",2026-07-18 14:57:27,2026-07-18 14:57:31
4572,"www.gridwisesolutions.org","DigiCert Wyvern2026h2","Coming Soon",screenshot,0,"",2026-07-18 14:56:30,2026-07-18 14:57:31
4571,"patchelanova.com","DigiCert Wyvern2026h2","elanovaa",screenshot,0,"",2026-07-18 14:56:30,2026-07-18 14:57:25
4570,"worldflowleague.com","DigiCert Wyvern2026h2","Coming Soon",screenshot,0,"",2026-07-18 14:56:30,2026-07-18 14:57:25
4569,"percentageplayers.com","DigiCert Wyvern2026h2","Coming Soon",screenshot,0,"",2026-07-18 14:56:30,2026-07-18 14:57:25
4568,"www.bundlesformetoo.com","DigiCert Wyvern2026h2","Store unavailable",screenshot,0,"",2026-07-18 14:56:30,2026-07-18 14:57:25
4567,"m0g4.com.ph","DigiCert Wyvern2026h2","Redirecting...",screenshot,0,"",2026-07-18 14:56:30,2026-07-18 14:57:25
4564,"xn--72c9ah5d5a0hpc.online","DigiCert Wyvern2026h2","หนังโป๊ XXX หนังX Porn คลิปโป๊ หนังAV JAV หี คลิปหลุด",screenshot,0,"",2026-07-18 14:56:30,2026-07-18 14:57:26
4563,"riverviewstainandseal.com","DigiCert Wyvern2026h2","RIVERVIEW STAIN AND SEAL | Fence Staining | Tulsa County, OK, USA",screenshot,0,"",2026-07-18 14:56:30,2026-07-18 14:57:25
4562,"biosisters.com","DigiCert Wyvern2026h2","BioSisters Vitamin Care",screenshot,1,"powered by",2026-07-18 14:56:30,2026-07-18 14:57:27
4561,"test.admin.mail.chat.mobile.gorkiypark.ets.mrqz.to","DigiCert Wyvern2026h2","",screenshot,0,"",2026-07-18 14:56:30,2026-07-18 14:57:25
4560,"www.dialogmodal.com","DigiCert Wyvern2026h2","Coming Soon",screenshot,0,"",2026-07-18 14:56:30,2026-07-18 14:57:25
4559,"www.mauromendesadvocacia.com","DigiCert Wyvern2026h2","Em breve",screenshot,0,"",2026-07-18 14:56:30,2026-07-18 14:57:19
4557,"www.kemperindustries.net","DigiCert Wyvern2026h2","Coming Soon",screenshot,0,"",2026-07-18 14:56:30,2026-07-18 14:57:19
4554,"asroum.com","DigiCert Wyvern2026h2","白井麻美社会保険労務士事務所",screenshot,0,"",2026-07-18 14:56:30,2026-07-18 14:57:20
4552,"belvoroltd.com","DigiCert Wyvern2026h2","Belvoro - Crush Thirst. Stay Cool.",screenshot,0,"",2026-07-18 14:56:30,2026-07-18 14:57:19
4551,"banyangburiram.com","DigiCert Wyvern2026h2","Login - ระบบจัดการเอกสาร",screenshot,1,"login",2026-07-18 14:56:30,2026-07-18 14:57:20
4549,"wonderbuilt.ai","DigiCert Wyvern2026h2","WonderBuilt Labs — Coming Soon",screenshot,0,"",2026-07-18 14:56:30,2026-07-18 14:57:19
4546,"radl-werbung.de","DigiCert Wyvern2026h2","radl-werbung.de – Werbung mit dem Fahrrad-Werbeanhänger in München | Home",screenshot,0,"",2026-07-18 14:56:30,2026-07-18 14:57:13
4545,"cpanel.radl-werbung.de","DigiCert Wyvern2026h2","cPanel Login",screenshot,1,"cpanel",2026-07-18 14:56:30,2026-07-18 14:57:13
4543,"www.premiersoftware.com.ph","DigiCert Wyvern2026h2","Redirecting...",screenshot,0,"",2026-07-18 14:56:30,2026-07-18 14:57:13
4542,"palltamvan.vpshostinger.my.id","DigiCert Wyvern2026h2","Pterodactyl",screenshot,0,"",2026-07-18 14:56:30,2026-07-18 14:57:15
4541,"figaros.co.jp","DigiCert Wyvern2026h2","",screenshot,0,"",2026-07-18 14:56:30,2026-07-18 14:57:16
4540,"storyravel.com","DigiCert Wyvern2026h2","Coming Soon",screenshot,0,"",2026-07-18 14:56:30,2026-07-18 14:57:13
4539,"www.anaremodel.com","DigiCert Wyvern2026h2","A&A Construction INC.",screenshot,0,"",2026-07-18 14:56:30,2026-07-18 14:57:13
4538,"r.mail.forwardize.earth","DigiCert Wyvern2026h2","Sendinblue technical domain",screenshot,0,"",2026-07-18 14:56:30,2026-07-18 14:57:13
4537,"www.multifeat.net","DigiCert Wyvern2026h2","Coming Soon",screenshot,0,"",2026-07-18 14:56:30,2026-07-18 14:57:13
4536,"worldcup-premium-yu.com.cn","DigiCert Wyvern2026h2","世界杯压球平台_世界杯压球官网 (China)官方网站",screenshot,0,"",2026-07-18 14:56:30,2026-07-18 14:57:15
4535,"damesmodebarendrecht.nl","DigiCert Wyvern2026h2","Damesmode Barendrecht -",screenshot,0,"",2026-07-18 14:56:30,2026-07-18 14:57:11
4534,"kashmium.com","DigiCert Wyvern2026h2","Coming Soon",screenshot,0,"",2026-07-18 14:56:30,2026-07-18 14:57:10
4533,"ceciliavikbladh.se","DigiCert Wyvern2026h2","ceciliassejtan.se – Not meat – but wheat",screenshot,0,"",2026-07-18 14:56:30,2026-07-18 14:57:12
4532,"joaspizza.com","DigiCert Wyvern2026h2","Joa's Pizza",screenshot,0,"",2026-07-18 14:56:30,2026-07-18 14:57:11
4531,"fullmktg.ph","DigiCert Wyvern2026h2","Redirecting...",screenshot,0,"",2026-07-18 14:56:30,2026-07-18 14:57:10
4530,"jaikuaa.com.py","DigiCert Wyvern2026h2","Jaikuaa",screenshot,0,"",2026-07-18 14:56:30,2026-07-18 14:57:11
4529,"yasaluyari.com","DigiCert Wyvern2026h2","yasaluyari.com - Satılık Alan Adı | AlanAdıSat",screenshot,0,"",2026-07-18 14:56:30,2026-07-18 14:57:11
4528,"www.wausaupropertyrestoration.com","DigiCert Wyvern2026h2","Coming Soon",screenshot,0,"",2026-07-18 14:56:30,2026-07-18 14:57:11
4526,"examai.uz","DigiCert Wyvern2026h2","Welcome to nginx!",screenshot,1,"welcome to nginx",2026-07-18 14:56:30,2026-07-18 14:57:11
4525,"www.dixonsuspensionandsmog.com","DigiCert Wyvern2026h2","Coming Soon",screenshot,0,"",2026-07-18 14:56:30,2026-07-18 14:57:10
4524,"www.spadespooncolorado.com","DigiCert Wyvern2026h2","Coming Soon",screenshot,0,"",2026-07-18 14:56:30,2026-07-18 14:57:11
4523,"www.test.gnv.id","DigiCert Wyvern2026h2","My Blog – My WordPress Blog",screenshot,1,"powered by",2026-07-18 14:56:30,2026-07-18 14:57:07
4522,"www.etimesheet.gnv.id","DigiCert Wyvern2026h2","eTimesheet - GNV Consulting Services",screenshot,1,"sign in",2026-07-18 14:56:30,2026-07-18 14:57:07
4521,"www.unitedstatesofmarketing.com","DigiCert Wyvern2026h2","Coming Soon",screenshot,0,"",2026-07-18 14:56:30,2026-07-18 14:57:05
4520,"www.apgcap.com","DigiCert Wyvern2026h2","APG Capital Asset Management",screenshot,0,"",2026-07-18 14:56:30,2026-07-18 14:57:05
4519,"www.thatprovesmypoint.com","DigiCert Wyvern2026h2","Coming Soon",screenshot,0,"",2026-07-18 14:56:30,2026-07-18 14:57:04
4518,"dr-z.ca","DigiCert Wyvern2026h2","Tristan Ziegenhagel Dentistry | Schedule Your Dental Visit Today",screenshot,0,"",2026-07-18 14:56:30,2026-07-18 14:57:05
4516,"www.aries-yang.com","DigiCert Wyvern2026h2","Coming Soon",screenshot,0,"",2026-07-18 14:56:30,2026-07-18 14:57:04
4515,"bodyfofurinha.com.br","DigiCert Wyvern2026h2","www.bodyfofurinha.com.br",screenshot,0,"",2026-07-18 14:56:30,2026-07-18 14:57:06
4513,"littleduckpicklery.com","DigiCert Wyvern2026h2","Little Duck The Picklery.",screenshot,1,"powered by",2026-07-18 14:56:30,2026-07-18 14:57:05
4512,"3s-fpec.com","DigiCert Wyvern2026h2","3S - استشارات الحماية من الحريق | الرياض",screenshot,0,"",2026-07-18 14:56:30,2026-07-18 14:57:05
4511,"www.tuolunellc.com","DigiCert Wyvern2026h2","Coming Soon",screenshot,0,"",2026-07-18 14:56:30,2026-07-18 14:56:58
4510,"docs.hypris.com","DigiCert Wyvern2026h2","Tablify",screenshot,0,"",2026-07-18 14:56:30,2026-07-18 14:56:59
4509,"mx2.tawnyopinicus.com","DigiCert Wyvern2026h2","Tawny Opinicus is under construction",screenshot,0,"",2026-07-18 14:56:30,2026-07-18 14:57:00
4508,"www.koboldblue.com","DigiCert Wyvern2026h2","KOBOLD BLUE",screenshot,0,"",2026-07-18 14:56:30,2026-07-18 14:56:59
4507,"telianecorp.com","DigiCert Wyvern2026h2","Isolation projetée au Maroc - isolation thermique acoustique",screenshot,0,"",2026-07-18 14:56:30,2026-07-18 14:56:59
4506,"9c7fleipheesohwohyuw.instagram.mch.news","DigiCert Wyvern2026h2","Startseite - ModeCentrum Hamburg",screenshot,0,"",2026-07-18 14:56:30,2026-07-18 14:56:59
4505,"79yzq.top","DigiCert Wyvern2026h2","",screenshot,0,"",2026-07-18 14:56:30,2026-07-18 14:57:02
4501,"moon.shroomiz.com","DigiCert Wyvern2026h2","MoonShroomiz - MOVR NFTs",screenshot,0,"",2026-07-18 14:56:30,2026-07-18 14:56:59
4500,"3355bett1.com","DigiCert Wyvern2026h2","3355bet 💸 Divirta-Se No Casino 3355bet.com",screenshot,1,"login",2026-07-18 14:56:30,2026-07-18 14:57:00
4499,"www.smartwealthacademy.com","DigiCert Wyvern2026h2","smartwealthacademy.com is registered at Namecheap",screenshot,0,"",2026-07-18 14:56:30,2026-07-18 14:56:53
4498,"smartyarnsox.com","DigiCert Wyvern2026h2","Coming Soon",screenshot,0,"",2026-07-18 14:56:30,2026-07-18 14:56:52
4496,"www.neptunelacrosseacademy.com","DigiCert Wyvern2026h2","Squarespace - Website Expired",screenshot,1,"login",2026-07-18 14:56:30,2026-07-18 14:56:53
4494,"karina-espinosa.cc","DigiCert Wyvern2026h2","karinaespinosa | Enter",screenshot,0,"",2026-07-18 14:56:30,2026-07-18 14:56:53
4493,"courtpiece420.com","DigiCert Wyvern2026h2","Court Piece Double Sir - Multiplayer Rung Card Game",screenshot,0,"",2026-07-18 14:56:30,2026-07-18 14:56:53
4492,"console.chefbaker.ru","DigiCert Wyvern2026h2","Криптобосс казино зеркало рабочее ❤️ Вход на официальный сайт 1xbet",screenshot,0,"",2026-07-18 14:56:30,2026-07-18 14:56:53
4491,"zhongjigehaocainengzhongjiang.co","DigiCert Wyvern2026h2","中几个号才能中奖？彩票玩法与中奖规则全解析",screenshot,0,"",2026-07-18 14:56:30,2026-07-18 14:56:54
4490,"3cjq.top","DigiCert Wyvern2026h2","",screenshot,0,"",2026-07-18 14:56:30,2026-07-18 14:56:56
4489,"gencauto.syntaxasia.dev","DigiCert Wyvern2026h2","gencauto.syntaxasia.dev",screenshot,0,"",2026-07-18 14:56:30,2026-07-18 14:56:53
4487,"msbworx.net","DigiCert Wyvern2026h2","Coming Soon",screenshot,0,"",2026-07-18 14:56:30,2026-07-18 14:56:46
4486,"www.booqcase.com","DigiCert Wyvern2026h2","Coming Soon",screenshot,0,"",2026-07-18 14:56:30,2026-07-18 14:56:46
4481,"www.helenlbarlow.com","DigiCert Wyvern2026h2","HELEN L BARLOW DESIGN",screenshot,1,"powered by",2026-07-18 14:56:30,2026-07-18 14:56:47
4480,"wf-ent-poc.qualytics.io","DigiCert Wyvern2026h2","Qualytics",screenshot,0,"",2026-07-18 14:56:30,2026-07-18 14:56:47
4479,"amirmahani.dev","DigiCert Wyvern2026h2","Coming Soon",screenshot,0,"",2026-07-18 14:56:30,2026-07-18 14:56:46
4478,"www.bitterstitch.com","DigiCert Wyvern2026h2","Coming Soon",screenshot,0,"",2026-07-18 14:56:30,2026-07-18 14:56:46
4477,"evocstrend.com","DigiCert Wyvern2026h2","EVOCS | Advisory, Implementation & Digital Solutions Consulting",screenshot,0,"",2026-07-18 14:56:30,2026-07-18 14:56:48
4476,"allkidsaregifted.com","DigiCert Wyvern2026h2","All Kids Are Gifted",screenshot,0,"",2026-07-18 14:56:30,2026-07-18 14:56:47
4475,"wijk-werken1723104715.zendesk.com","DigiCert Wyvern2026h2","Se connecter à PSP - Wijk-Werken",screenshot,0,"",2026-07-18 14:56:30,2026-07-18 14:56:41
4474,"arabianlibas.com","DigiCert Wyvern2026h2","My Blog – My WordPress Blog",screenshot,0,"",2026-07-18 14:56:30,2026-07-18 14:56:42
4473,"authservice.hypervisoul.com","DigiCert Wyvern2026h2","Welcome to nginx!",screenshot,1,"welcome to nginx",2026-07-18 14:56:30,2026-07-18 14:56:40
4472,"www.innocencecbd.com","Google Argon2026h2","Coming Soon",screenshot,0,"",2026-07-18 14:56:28,2026-07-18 14:56:40
4471,"www.ohdnorthernohio.com","Google Argon2026h2","Coming Soon",screenshot,0,"",2026-07-18 14:56:28,2026-07-18 14:56:40
4470,"server.primemarketsinsights.com","Google Argon2026h2","Welcome to nginx!",screenshot,1,"welcome to nginx",2026-07-18 14:56:28,2026-07-18 14:56:41
4467,"euobiz.com","Google Argon2026h2","euobiz.com",screenshot,1,"powered by",2026-07-18 14:56:28,2026-07-18 14:56:40
4466,"moishots.com","Google Argon2026h2","Coming Soon",screenshot,0,"",2026-07-18 14:56:28,2026-07-18 14:56:40
4465,"mbgmalangjatim.biz.id","Google Argon2026h2","MBG Malang — Solusi Gizi & Pangan Berkualitas di Malang, Jawa Timur",screenshot,0,"",2026-07-18 14:56:28,2026-07-18 14:56:41
4464,"tollassurance.com","Google Argon2026h2","Coming Soon",screenshot,0,"",2026-07-18 14:56:28,2026-07-18 14:56:40
4463,"www.www.demo.antynom.com","Google Argon2026h2","",screenshot,0,"",2026-07-18 14:56:28,2026-07-18 14:56:36
4462,"huizong.meme","Google Argon2026h2","404: NOT_FOUND",screenshot,0,"",2026-07-18 14:56:28,2026-07-18 14:56:34
4461,"rihbeinstitute.co.zw.fleet-eye.co.zw","Google Argon2026h2","404 Not Found",screenshot,1,"powered by",2026-07-18 14:56:28,2026-07-18 14:56:35
4460,"mail.rihbeinstitute.co.zw","Google Argon2026h2","404 Not Found",screenshot,1,"powered by",2026-07-18 14:56:28,2026-07-18 14:56:34
4459,"aclira.andaluztransportes.com.br","Google Argon2026h2",".:: AC Lira Transportes ::. Página Desenvolvida pela Brasilnet.com.br",screenshot,0,"",2026-07-18 14:56:28,2026-07-18 14:56:35
4457,"sanctumforhealth.org","Google Argon2026h2","Coming Soon",screenshot,0,"",2026-07-18 14:56:28,2026-07-18 14:56:34
4456,"www.nextlevelslpstaffing.com","Google Argon2027h1","",screenshot,0,"",2026-07-18 14:56:28,2026-07-18 14:56:35
4455,"hvmconsultants.com","Google Argon2027h1","",screenshot,0,"",2026-07-18 14:56:28,2026-07-18 14:56:34
4454,"www.stockbio.com","Google Argon2027h1","",screenshot,0,"",2026-07-18 14:56:28,2026-07-18 14:56:35
4453,"craybae.com","Google Xenon2026h2","Coming Soon",screenshot,0,"",2026-07-18 14:56:27,2026-07-18 14:56:34
4452,"www.tulipwoodworking.com","Google Xenon2026h2","Coming Soon",screenshot,0,"",2026-07-18 14:56:27,2026-07-18 14:56:34
4450,"sber.sber.sbermarket.blablacar.kyexld5p.pruebas.findanir.com","Google Xenon2026h2","410 Gone",screenshot,0,"",2026-07-18 14:56:27,2026-07-18 14:56:28
4449,"www.idanthony.com","Google Xenon2026h2","Coming Soon",screenshot,0,"",2026-07-18 14:56:27,2026-07-18 14:56:28
4448,"mitogofamily.com","Google Xenon2026h2","Coming Soon",screenshot,0,"",2026-07-18 14:56:27,2026-07-18 14:56:28
4447,"ogwoof.com","Google Xenon2026h2","Coming Soon",screenshot,0,"",2026-07-18 14:56:27,2026-07-18 14:56:28
4446,"macelleriatroll.com","Google Xenon2026h2","Coming Soon",screenshot,0,"",2026-07-18 14:56:27,2026-07-18 14:56:28
4445,"quiz.genstarkids.co.id","Google Xenon2026h2","Kuis Tipe Jenius Anak | Genstarkids",screenshot,0,"",2026-07-18 14:56:27,2026-07-18 14:56:29
4444,"www.gcwj.org","Google Xenon2026h2","GCWJ",screenshot,0,"",2026-07-18 14:56:27,2026-07-18 14:56:29
4443,"mammaryfoams.org","Google Xenon2026h2","Coming Soon",screenshot,0,"",2026-07-18 14:56:27,2026-07-18 14:56:29
4442,"usedjeepsnearme.com","Google Xenon2026h2","Coming Soon",screenshot,0,"",2026-07-18 14:56:27,2026-07-18 14:56:28
4441,"es.capacitacioncorozalpsb.com","Google Xenon2026h2","ConnectYourDomain Error | Wix.com",screenshot,0,"",2026-07-18 14:56:27,2026-07-18 14:56:29
4440,"manhattandentaldesign.co","Google Xenon2026h2","",screenshot,1,"it works",2026-07-18 14:56:27,2026-07-18 14:56:29
4438,"wcf0.top","DigiCert Wyvern2026h2","",screenshot,0,"",2026-07-18 14:55:33,2026-07-18 14:55:43
4437,"conclavewatch.org","DigiCert Wyvern2026h2","Conclave Watch",screenshot,0,"",2026-07-18 14:55:33,2026-07-18 14:55:42
4436,"likvidator-kansk.ru","DigiCert Wyvern2026h2","Санитарная служба в Канске - СЭС Ликвидатор",screenshot,0,"",2026-07-18 14:55:33,2026-07-18 14:55:42
4434,"send.xn--80ajwngl8a.xn--p1ai","DigiCert Wyvern2026h2","Unisender Tracking Domain",screenshot,0,"",2026-07-18 14:55:33,2026-07-18 14:55:39
4433,"www.fjordstudio.co","DigiCert Wyvern2026h2","Squarespace - Website Expired",screenshot,1,"login",2026-07-18 14:55:33,2026-07-18 14:55:39
4432,"jet-api-mm.phuket.run","DigiCert Wyvern2026h2","Cloudflare Tunnel error | jet-api-mm.phuket.run | Cloudflare",screenshot,0,"",2026-07-18 14:55:33,2026-07-18 14:55:39
4431,"n-6c8t3bul2aqb1e1je9iae-identity.prd.workdaysuv.com","DigiCert Wyvern2026h2","",screenshot,0,"",2026-07-18 14:55:33,2026-07-18 14:55:39
4429,"hammerandscream.com","DigiCert Wyvern2026h2","Coming Soon",screenshot,0,"",2026-07-18 14:55:33,2026-07-18 14:55:39
4428,"www.yuemeistudio.com","DigiCert Wyvern2026h2","yuemeistudio",screenshot,1,"powered by",2026-07-18 14:55:33,2026-07-18 14:55:39
4427,"michalsteinmetz.pl","DigiCert Wyvern2026h2","403 Forbidden",screenshot,0,"",2026-07-18 14:55:33,2026-07-18 14:55:39
4426,"net.visionurbana.org","DigiCert Wyvern2026h2","Welcome! | Vision Urbana Inc.",screenshot,1,"powered by",2026-07-18 14:55:33,2026-07-18 14:55:40
4424,"bigcor78.idseniorasur68.com","DigiCert Wyvern2026h2","bigcor78 2026 - Kasino Online Terbaik di Indonesia",screenshot,0,"",2026-07-18 14:55:33,2026-07-18 14:55:41
4423,"delightfulessences.co.uk","DigiCert Wyvern2026h2","Delightful Essences | Delightful Essences - Luxury Perfumes",screenshot,1,"login",2026-07-18 14:55:32,2026-07-18 14:55:40
4421,"everythingrv.net","Google Argon2026h2","Coming Soon",screenshot,0,"",2026-07-18 14:55:28,2026-07-18 14:55:33
4419,"notarealfishman.com","Google Argon2026h2","Coming Soon",screenshot,0,"",2026-07-18 14:55:28,2026-07-18 14:55:29
4418,"harneypeak.co.uk","Google Argon2026h2","Just a moment...",screenshot,0,"",2026-07-18 14:55:28,2026-07-18 14:55:29
4417,"gyltsolutions.com","Google Argon2026h2","ConnectYourDomain Error | Wix.com",screenshot,0,"",2026-07-18 14:55:28,2026-07-18 14:55:29
4416,"www.eliavs.com","Google Argon2026h2","eliavs.com is registered at Namecheap",screenshot,0,"",2026-07-18 14:55:28,2026-07-18 14:55:30
4415,"090bet595.com","Google Argon2026h2","090bet.com | 090bet.com: Your Premier Destination for Online Betting and Casino Gaming",screenshot,1,"login",2026-07-18 14:55:28,2026-07-18 14:55:31
4414,"unaoficinadeproyectos.com","Google Argon2026h2","Arquitectura & Construcción",screenshot,0,"",2026-07-18 14:55:28,2026-07-18 14:55:30
4412,"caseylucas.dev","Google Argon2026h2","Coming Soon",screenshot,0,"",2026-07-18 14:55:28,2026-07-18 14:55:29
4411,"teamtrace-enterprise-analytics.com","Google Argon2026h2","Work and Workforce Management Software",screenshot,1,"sign in",2026-07-18 14:55:28,2026-07-18 14:55:32
4410,"ruthtreacher.com","Google Argon2026h2","Ruth Treacher Garden Design",screenshot,0,"",2026-07-18 14:55:28,2026-07-18 14:55:30
4409,"diffusionemoda.ch","Google Xenon2026h2","",screenshot,0,"",2026-07-18 14:55:27,2026-07-18 14:55:29
4408,"oldsite.terribroughtonart.co.uk","Google Xenon2026h2","Terri Broughton Art - Norfolk - Terri Broughton Art",screenshot,0,"",2026-07-18 14:55:27,2026-07-18 14:55:32
4407,"www.theburgeoningstate.com","Google Xenon2026h2","Squarespace - Website Expired",screenshot,1,"login",2026-07-18 14:55:27,2026-07-18 14:55:28
4406,"zoekphotos.com","Google Xenon2026h2","Squarespace - Website Expired",screenshot,1,"login",2026-07-18 14:55:27,2026-07-18 14:55:28
4405,"rightchoicedogtraining.net","Google Xenon2026h2","Right Choice Dog Training",screenshot,0,"",2026-07-18 14:55:27,2026-07-18 14:55:29
4404,"www.arkroseart.com","Google Xenon2026h2","Arkrose Art",screenshot,0,"",2026-07-18 14:55:27,2026-07-18 14:55:29
4402,"xauron.eu","Google Xenon2026h2","Xauron",screenshot,0,"",2026-07-18 14:55:27,2026-07-18 14:55:28
4401,"www.xauron.eu.ae-studio.hr","Google Xenon2026h2","Xauron",screenshot,0,"",2026-07-18 14:55:27,2026-07-18 14:55:28
4400,"alexdiazfl.com","DigiCert Wyvern2026h2","Coming Soon",screenshot,0,"",2026-07-18 14:54:32,2026-07-18 14:55:28
4399,"m.bestow-qianyi.com.cn","DigiCert Wyvern2026h2","千亿平台-官方入口聚合与统一访问服务平台",screenshot,0,"",2026-07-18 14:54:32,2026-07-18 14:55:29
4398,"bestow-qianyi.com.cn","DigiCert Wyvern2026h2","千亿平台-官方入口聚合与统一访问服务平台",screenshot,0,"",2026-07-18 14:54:32,2026-07-18 14:55:29
4397,"webmail.rothoff.us","DigiCert Wyvern2026h2","",screenshot,0,"",2026-07-18 14:54:32,2026-07-18 14:55:28
4396,"webmail.miwatchdogs.us","DigiCert Wyvern2026h2","",screenshot,0,"",2026-07-18 14:54:32,2026-07-18 14:55:28
4395,"webdisk.rothoff.us","DigiCert Wyvern2026h2","Error 503 - Service Unavailable",screenshot,0,"",2026-07-18 14:54:32,2026-07-18 14:55:27
4394,"webdisk.miwatchdogs.us","DigiCert Wyvern2026h2","Error 503 - Service Unavailable",screenshot,0,"",2026-07-18 14:54:32,2026-07-18 14:55:27
4393,"rothoff.us.opentechsolutions.us","DigiCert Wyvern2026h2","Index of /",screenshot,0,"",2026-07-18 14:54:32,2026-07-18 14:55:27
4392,"rothoff.us","DigiCert Wyvern2026h2","Index of /",screenshot,0,"",2026-07-18 14:54:32,2026-07-18 14:55:27
4391,"miwatchdogs.us.opentechsolutions.us","DigiCert Wyvern2026h2","Index of /",screenshot,0,"",2026-07-18 14:54:32,2026-07-18 14:55:27
4390,"miwatchdogs.us","DigiCert Wyvern2026h2","Index of /",screenshot,0,"",2026-07-18 14:54:32,2026-07-18 14:55:27
4389,"mail.rothoff.us","DigiCert Wyvern2026h2","Index of /",screenshot,0,"",2026-07-18 14:54:32,2026-07-18 14:55:27
4388,"mail.miwatchdogs.us","DigiCert Wyvern2026h2","Index of /",screenshot,0,"",2026-07-18 14:54:32,2026-07-18 14:55:27
4387,"cpcontacts.rothoff.us","DigiCert Wyvern2026h2","Error 503 - Service Unavailable",screenshot,0,"",2026-07-18 14:54:32,2026-07-18 14:55:27
4386,"cpcontacts.miwatchdogs.us","DigiCert Wyvern2026h2","",screenshot,0,"",2026-07-18 14:54:32,2026-07-18 14:55:27
4385,"cpcalendars.rothoff.us","DigiCert Wyvern2026h2","Error 503 - Service Unavailable",screenshot,0,"",2026-07-18 14:54:32,2026-07-18 14:55:27
4384,"cpcalendars.miwatchdogs.us","DigiCert Wyvern2026h2","Error 503 - Service Unavailable",screenshot,0,"",2026-07-18 14:54:32,2026-07-18 14:55:27
4383,"cpanel.rothoff.us","DigiCert Wyvern2026h2","cPanel Login",screenshot,1,"cpanel",2026-07-18 14:54:32,2026-07-18 14:55:24
4382,"cpanel.miwatchdogs.us","DigiCert Wyvern2026h2","cPanel Login",screenshot,1,"cpanel",2026-07-18 14:54:32,2026-07-18 14:55:23
4381,"autodiscover.rothoff.us","DigiCert Wyvern2026h2","404 Not Found",screenshot,1,"nginx",2026-07-18 14:54:32,2026-07-18 14:55:23
4380,"autodiscover.miwatchdogs.us","DigiCert Wyvern2026h2","404 Not Found",screenshot,1,"nginx",2026-07-18 14:54:32,2026-07-18 14:55:23
4375,"audreyforcalifornia.com","DigiCert Wyvern2026h2","Audrey Denney | Driving Change in Food Security and Climate Action",screenshot,0,"",2026-07-18 14:54:32,2026-07-18 14:55:22
4374,"fencesuccesspodcast.com","DigiCert Wyvern2026h2","Coming Soon",screenshot,0,"",2026-07-18 14:54:32,2026-07-18 14:55:22
4373,"kajot-casino-at.com","DigiCert Wyvern2026h2","Kajot Casino Online Österreich: Boni, Slots, mobiles Spiel & Login",screenshot,1,"login",2026-07-18 14:54:32,2026-07-18 14:55:22
4371,"nordmancaminollc.com","DigiCert Wyvern2026h2","Coming Soon",screenshot,0,"",2026-07-18 14:54:32,2026-07-18 14:55:22
4370,"nextgenhairandbeautytraining.com","DigiCert Wyvern2026h2","Coming Soon",screenshot,0,"",2026-07-18 14:54:32,2026-07-18 14:55:22
4369,"rewindathlete.com","DigiCert Wyvern2026h2","Coming Soon",screenshot,0,"",2026-07-18 14:54:32,2026-07-18 14:55:22
4368,"lumina-ai-2ur.pages.dev","DigiCert Wyvern2026h2","Lumina Binaural AI — Sound Therapy, Reimagined",screenshot,1,"powered by",2026-07-18 14:54:32,2026-07-18 14:55:22
4367,"localhaulpros.com","DigiCert Wyvern2026h2","Coming Soon",screenshot,0,"",2026-07-18 14:54:32,2026-07-18 14:55:16
4366,"www.jhantover.com","DigiCert Wyvern2026h2","Jeffrey Hantover",screenshot,0,"",2026-07-18 14:54:32,2026-07-18 14:55:16
4364,"inthcm.n-6c8t3bul2aqb1e1je9iae.prd.workdaysuv.com","DigiCert Wyvern2026h2","",screenshot,0,"",2026-07-18 14:54:32,2026-07-18 14:55:16
4363,"www.789.eco","DigiCert Wyvern2026h2","789.eco is registered at Namecheap",screenshot,0,"",2026-07-18 14:54:32,2026-07-18 14:55:17
4362,"mail.kabrnaci.cz","DigiCert Wyvern2026h2","Kabrňáci | Novinky",screenshot,0,"",2026-07-18 14:54:32,2026-07-18 14:55:16
4361,"kabrnaci.cz","DigiCert Wyvern2026h2","Kabrňáci | Novinky",screenshot,0,"",2026-07-18 14:54:32,2026-07-18 14:55:16
4359,"deliciousrack.com","DigiCert Wyvern2026h2","Coming Soon",screenshot,0,"",2026-07-18 14:54:32,2026-07-18 14:55:15
4358,"www.orostones.com","DigiCert Wyvern2026h2","Coming Soon",screenshot,0,"",2026-07-18 14:54:32,2026-07-18 14:55:15
4357,"larrocheholdings.com","DigiCert Wyvern2026h2","Coming Soon",screenshot,0,"",2026-07-18 14:54:32,2026-07-18 14:55:15
4356,"qdrant.steel-designer-engineer.ru","DigiCert Wyvern2026h2","",screenshot,0,"",2026-07-18 14:54:32,2026-07-18 14:55:15
4354,"app.sentinelriskgroupllc.com","DigiCert Wyvern2026h2","SRG Operational Resilience Assessment — v12 Doctrine Report Locked",screenshot,1,"login",2026-07-18 14:54:32,2026-07-18 14:55:15
4353,"39614.xn--d1acj3b","DigiCert Wyvern2026h2","Redirecting...",screenshot,0,"",2026-07-18 14:54:32,2026-07-18 14:55:15
4352,"smtp.litefxmine.life","DigiCert Wyvern2026h2","Shared IP",screenshot,1,"powered by",2026-07-18 14:54:32,2026-07-18 14:55:15
4347,"app.litefxmine.life","DigiCert Wyvern2026h2","403 Forbidden",screenshot,1,"powered by",2026-07-18 14:54:32,2026-07-18 14:55:13
4346,"hook.brevis.network","DigiCert Wyvern2026h2","Brevis Hook Portal",screenshot,0,"",2026-07-18 14:54:32,2026-07-18 14:55:11
4345,"cutedirtydog.com","DigiCert Wyvern2026h2","cutedirtydog",screenshot,0,"",2026-07-18 14:54:32,2026-07-18 14:55:10
4344,"atividades.n2wtecnologia.com.br","DigiCert Wyvern2026h2","Atividades · DataCrazy",screenshot,0,"",2026-07-18 14:54:32,2026-07-18 14:55:09
4343,"www.srs-finance.com","DigiCert Wyvern2026h2","SRS Finance | Explore Farm Financing Options Today",screenshot,0,"",2026-07-18 14:54:32,2026-07-18 14:55:09
4342,"www.pc25-44.org.ph","DigiCert Wyvern2026h2","Redirecting...",screenshot,0,"",2026-07-18 14:54:32,2026-07-18 14:55:08
4341,"pierogicart.com","DigiCert Wyvern2026h2","Coming Soon",screenshot,0,"",2026-07-18 14:54:32,2026-07-18 14:55:08
4340,"www.saffir.com.mx","DigiCert Wyvern2026h2","saffir.com.mx",screenshot,0,"",2026-07-18 14:54:32,2026-07-18 14:55:08
4339,"www.kernestateplanning.com","DigiCert Wyvern2026h2","Coming Soon",screenshot,0,"",2026-07-18 14:54:32,2026-07-18 14:55:08
4338,"api.test.checkinauto.com","DigiCert Wyvern2026h2","",screenshot,0,"",2026-07-18 14:54:32,2026-07-18 14:55:08
4337,"696ladera.com","DigiCert Wyvern2026h2","403 Forbidden",screenshot,0,"",2026-07-18 14:54:32,2026-07-18 14:55:08
4336,"andrewchao.dev","DigiCert Wyvern2026h2","Coming Soon",screenshot,0,"",2026-07-18 14:54:32,2026-07-18 14:55:08
4335,"0lorado.com","DigiCert Wyvern2026h2","Coming Soon",screenshot,0,"",2026-07-18 14:54:32,2026-07-18 14:55:02
4334,"wondermentlearn.com","DigiCert Wyvern2026h2","Coming Soon",screenshot,0,"",2026-07-18 14:54:32,2026-07-18 14:55:02
4333,"payjoy-44299-it.zendesk.com","DigiCert Wyvern2026h2","Se connecter à [SAMPLE] IT",screenshot,0,"",2026-07-18 14:54:32,2026-07-18 14:55:03
4332,"www.slantlinecalligraphy.com","DigiCert Wyvern2026h2","Coming Soon",screenshot,0,"",2026-07-18 14:54:32,2026-07-18 14:55:02
4329,"agenda-live.fanweb.fr","DigiCert Wyvern2026h2","My Blog",screenshot,0,"",2026-07-18 14:54:32,2026-07-18 14:55:02
4328,"flowise.teduc.cl","DigiCert Wyvern2026h2","teduc.cl | 502: Bad gateway",screenshot,0,"",2026-07-18 14:54:32,2026-07-18 14:55:03
4327,"holyqurannetwork.com","DigiCert Wyvern2026h2","Site is undergoing maintenance",screenshot,0,"",2026-07-18 14:54:32,2026-07-18 14:55:01
4326,"reg.sbvss.com","DigiCert Wyvern2026h2","Connexion : comptes Google",screenshot,0,"",2026-07-18 14:54:32,2026-07-18 14:55:01
4325,"lintvpn.com","DigiCert Wyvern2026h2","Coming Soon",screenshot,0,"",2026-07-18 14:54:32,2026-07-18 14:55:00
4324,"quintadaperarocha.com","DigiCert Wyvern2026h2","Coming Soon",screenshot,0,"",2026-07-18 14:54:32,2026-07-18 14:55:00
4323,"swellendamboxinggym.co.za","DigiCert Wyvern2026h2","TRAIN WITH US",screenshot,0,"",2026-07-18 14:54:32,2026-07-18 14:55:02
4322,"fishfolks.sbs","DigiCert Wyvern2026h2","404 Not Found",screenshot,1,"nginx",2026-07-18 14:54:32,2026-07-18 14:55:00
4321,"dreamscapeacrosstime.digital","DigiCert Wyvern2026h2","dreamscapeacrosstime.digital",screenshot,0,"",2026-07-18 14:54:32,2026-07-18 14:55:01
4320,"www.asscram.com","DigiCert Wyvern2026h2","Coming Soon",screenshot,0,"",2026-07-18 14:54:32,2026-07-18 14:55:00
4319,"www.liamsosa.com","DigiCert Wyvern2026h2","Coming Soon",screenshot,0,"",2026-07-18 14:54:32,2026-07-18 14:54:58
4318,"baddassnetwork.com","DigiCert Wyvern2026h2","Squarespace - Website Expired",screenshot,1,"login",2026-07-18 14:54:32,2026-07-18 14:54:59
4317,"qr4r.org.ph","DigiCert Wyvern2026h2","Redirecting...",screenshot,0,"",2026-07-18 14:54:32,2026-07-18 14:54:58
4316,"chadr.io","DigiCert Wyvern2026h2","Coming Soon",screenshot,0,"",2026-07-18 14:54:32,2026-07-18 14:54:58
4315,"sensesplus-maintenance.pages.dev","DigiCert Wyvern2026h2","Sensesplus",screenshot,0,"",2026-07-18 14:54:32,2026-07-18 14:54:58
4314,"www.sharmasoftskills.com","DigiCert Wyvern2026h2","Sharma Soft Skills",screenshot,0,"",2026-07-18 14:54:32,2026-07-18 14:54:59
4313,"www.irregularupdate.com","DigiCert Wyvern2026h2","Coming Soon",screenshot,0,"",2026-07-18 14:54:32,2026-07-18 14:54:58
4311,"www.catruchalski.com","DigiCert Wyvern2026h2","Cat Ruchalski Photography - Seattle Wedding Photographer",screenshot,0,"",2026-07-18 14:54:32,2026-07-18 14:54:58
4310,"lottacom.net","Google Argon2026h2","Coming Soon",screenshot,0,"",2026-07-18 14:54:28,2026-07-18 14:54:57
4309,"resources.finanteq.com","Google Argon2026h2","",screenshot,0,"",2026-07-18 14:54:28,2026-07-18 14:54:57
4307,"57fa2396086.eu8.myvolumio.org","Google Argon2026h2","57fa2396086.eu8.myvolumio.org",screenshot,0,"",2026-07-18 14:54:28,2026-07-18 14:54:56
4306,"stu238191.webhosting.arden.ac.uk","Google Argon2026h2","403 Forbidden",screenshot,0,"",2026-07-18 14:54:28,2026-07-18 14:54:57
4305,"getyourbesthealths.com","Google Argon2026h2","getyourbesthealths.com",screenshot,0,"",2026-07-18 14:54:28,2026-07-18 14:54:57
4304,"gourmandiseassia.com","Google Argon2026h2","Redirecting...",screenshot,0,"",2026-07-18 14:54:28,2026-07-18 14:54:57
4302,"ibpnet.com","Google Argon2026h2","ibpnet.com",screenshot,1,"powered by",2026-07-18 14:54:28,2026-07-18 14:54:51
4301,"flask.shengxia.dev","Google Argon2026h2","flask.shengxia.dev",screenshot,0,"",2026-07-18 14:54:28,2026-07-18 14:54:51
4300,"extendedrealityspectrum.com","Google Argon2026h2","Coming Soon",screenshot,0,"",2026-07-18 14:54:28,2026-07-18 14:54:51
4296,"www.kiwicrochet.com","Google Argon2026h2","Coming Soon",screenshot,0,"",2026-07-18 14:54:28,2026-07-18 14:54:51
4294,"bienvenue-seo-pusing.pages.dev","Google Argon2026h2","NINJA123: Situs Slot Gacor 1000 & Link Slot Deposit 1k APK Android",screenshot,0,"",2026-07-18 14:54:28,2026-07-18 14:54:44
4293,"www.thespaandwellnessjunkie.org","Google Argon2026h2","Coming Soon",screenshot,0,"",2026-07-18 14:54:28,2026-07-18 14:54:44
4292,"fr.cloudstudy.ca","Google Argon2026h2","HOME | The Canadian Lung Outcomes in Users of Vaping Devices (CLOUD) Study",screenshot,0,"",2026-07-18 14:54:28,2026-07-18 14:54:45
4290,"passlane.io","Google Argon2027h1","",screenshot,0,"",2026-07-18 14:54:28,2026-07-18 14:54:41
4289,"www.godwinbeachrealestate.com","Google Argon2027h1","",screenshot,0,"",2026-07-18 14:54:28,2026-07-18 14:54:44
4288,"i-cog.com","Google Argon2027h1","",screenshot,0,"",2026-07-18 14:54:28,2026-07-18 14:54:41
4287,"www.udm.media","Google Argon2027h1","",screenshot,0,"",2026-07-18 14:54:28,2026-07-18 14:54:38
4286,"webako.com","Google Argon2027h1","",screenshot,0,"",2026-07-18 14:54:28,2026-07-18 14:54:39
4285,"tstamman.com.hcdesignsolutions.com","Google Xenon2026h2","Changing Lives, Changing Destinies - Impact Ministries International",screenshot,0,"",2026-07-18 14:54:28,2026-07-18 14:54:39
4284,"tstamman.com","Google Xenon2026h2","Changing Lives, Changing Destinies - Impact Ministries International",screenshot,0,"",2026-07-18 14:54:28,2026-07-18 14:54:40
4283,"fret.hcdesignsolutions.com","Google Xenon2026h2","Fret Learner",screenshot,0,"",2026-07-18 14:54:27,2026-07-18 14:54:39
4282,"webmail.ergotherapie-musiol-marli.de","Google Xenon2026h2","Roundcube Webmail :: Welcome to Roundcube Webmail",screenshot,1,"webmail",2026-07-18 14:54:27,2026-07-18 14:54:38
4281,"ergotherapie-musiol-marli.de","Google Xenon2026h2","Home - Ergotherapie Musiol - Lübeck Marli",screenshot,0,"",2026-07-18 14:54:27,2026-07-18 14:54:41
4280,"thehighwayhero.com","Google Xenon2026h2","The Highway Hero | Honoring America's Road Warriors",screenshot,1,"it works",2026-07-18 14:54:27,2026-07-18 14:54:40
4279,"heroesofthehighway.us","Google Xenon2026h2","The Highway Hero | Honoring America's Road Warriors",screenshot,1,"it works",2026-07-18 14:54:27,2026-07-18 14:54:38
4277,"shop.ava.do","Google Xenon2026h2","Avado",screenshot,0,"",2026-07-18 14:54:27,2026-07-18 14:54:33
4275,"grrlsintheloop.ai","Google Xenon2026h2","Grrls in the Loop - June 10, 2026 · San Francisco",screenshot,0,"",2026-07-18 14:54:27,2026-07-18 14:54:34
4274,"tasks.unplicate.com","Google Xenon2026h2","Unplicate Tasks",screenshot,1,"sign in",2026-07-18 14:54:27,2026-07-18 14:54:34
4273,"ukmarketfocushelp.zendesk.com","Google Xenon2026h2","Se connecter à ukmarketfocushelp",screenshot,0,"",2026-07-18 14:54:27,2026-07-18 14:54:34
4272,"www.entregistrar.com","Google Xenon2026h2","entsho.com",screenshot,0,"",2026-07-18 14:54:27,2026-07-18 14:54:34
4271,"webmail.igy.her.mybluehost.me","Google Xenon2026h2","500 Internal Server Error",screenshot,0,"",2026-07-18 14:54:27,2026-07-18 14:54:31
4270,"webdisk.igy.her.mybluehost.me","Google Xenon2026h2","500 Internal Server Error",screenshot,0,"",2026-07-18 14:54:27,2026-07-18 14:54:31
4269,"thesavingside.com","Google Xenon2026h2","Just a moment...",screenshot,0,"",2026-07-18 14:54:27,2026-07-18 14:54:31
4268,"mail.thesavingside.com","Google Xenon2026h2","The Saving Side - Smart Money Decisions",screenshot,0,"",2026-07-18 14:54:27,2026-07-18 14:54:33
4267,"mail.igy.her.mybluehost.me","Google Xenon2026h2","The Saving Side - Smart Money Decisions",screenshot,0,"",2026-07-18 14:54:27,2026-07-18 14:54:32
4266,"igy.her.mybluehost.me","Google Xenon2026h2","The Saving Side - Smart Money Decisions",screenshot,0,"",2026-07-18 14:54:27,2026-07-18 14:54:32
4265,"cpcontacts.igy.her.mybluehost.me","Google Xenon2026h2","500 Internal Server Error",screenshot,0,"",2026-07-18 14:54:27,2026-07-18 14:54:31
4264,"cpcalendars.igy.her.mybluehost.me","Google Xenon2026h2","500 Internal Server Error",screenshot,0,"",2026-07-18 14:54:27,2026-07-18 14:54:32
4263,"cpanel.igy.her.mybluehost.me","Google Xenon2026h2","500 Internal Server Error",screenshot,0,"",2026-07-18 14:54:27,2026-07-18 14:54:45
4262,"autodiscover.igy.her.mybluehost.me","Google Xenon2026h2","",screenshot,0,"",2026-07-18 14:54:27,2026-07-18 14:54:45
4261,"hi5skate.shop","Google Xenon2026h2","Captcha Challenge - STORES",screenshot,0,"",2026-07-18 14:54:27,2026-07-18 14:54:44
4260,"starfield.app","Google Xenon2026h2","Starfield | AI Interviews for Forward Deployed Engineers",screenshot,0,"",2026-07-18 14:54:27,2026-07-18 14:54:41
4259,"thestrhosts.com","Google Xenon2026h2","The STR Hosts – Vacation Rental Management Simplified",screenshot,0,"",2026-07-18 14:54:27,2026-07-18 14:54:43
4257,"n-lh8t7d9rsgpph22e0bf8.prd.workdaysuvcareers.com","Google Xenon2026h2","",screenshot,0,"",2026-07-18 14:54:27,2026-07-18 14:54:41
4256,"careers.fultonexcavating.com","Google Xenon2026h2","404 - Page Not Found",screenshot,0,"",2026-07-18 14:54:27,2026-07-18 14:54:41